status,name,address,website,phone,email,google_rating,google_reviews,yelp_rating,yelp_reviews,fb_rating,fb_reviews,fb_likes,fb_checkins,fb_followers,is_title,is_description,is_adwords,is_facebook_ads,is_twitter_ads,is_linkedin_ads,is_bing_ads,is_robot,is_ssl,is_wordpress,fb_url,twitter_url,linkedin_url,youtube_url,instagram_url,category,search_type,crawler_status,women_owned,black_owned
,"Zorn Automotive","48 Racine Rd, Etobicoke, ON M9W 2Z3",https://zornauto.aaro.ca/,4167422474,,4.9,24,,,,,,,,0,0,0,0,0,0,0,0,0,0,,,,,,"Auto Repair Garages",yellowpages-ca,1,0,0
,"Yogen Fruz (Square One)","100 City Centre Drive 2-KD6, Mississauga, ON, Canada L5B 2C9",https://yogenfruz.com/,6473881105,info@yogenfruz.com,3.9,63,,,5,20,43,16,43,1,1,1,0,0,0,0,1,1,1,https://www.facebook.com/SquareOneYogenFruz/,https://twitter.com/YogenFruz,https://www.linkedin.com/company/yogen-fruz,,https://www.instagram.com/yogenfruz/,"Frozen Yogurt Shop",facebook,1,0,0
,"Xtreme Customs","360 Royal York Rd, Etobicoke, ON M8Y 2R2",https://xtremecustoms.com/,4162010968,info@xtremecustoms.com,3.5,16,,,,,,,,0,0,0,0,0,0,0,0,0,0,,,,,,"Auto Body Repair & Painting Shops,Auto Repair Garages",yellowpages-ca,1,0,0
,"Weston M.B. Collision","108 Toryork Dr, North York, ON M9L 1X6",https://www.westonmb.com/,6473622175,sales@d2cmedia.ca,4.4,135,,,,,303,5,309,1,1,0,0,0,0,0,1,1,0,,,,https://www.youtube.com/t/terms,,"Auto Body Repair & Painting Shops,Auto Repair Garages",yellowpages-ca,1,0,0
,"Volvo Cars Toronto Parts Department","43 Eastern Ave, Toronto, ON M5A 1H1, Canada",https://www.volvocarstorontoparts.ca/,14168681890,,4,21,,,,,,,,0,0,0,0,0,0,0,0,1,0,,,,,,"Auto parts store",google,1,0,0
,"Urgent Care Auto Repair","60 Penn Dr, North York, ON M9L 2A9",,4169137879,urgentcareautos@gmail.com,4.8,193,,,5,8,180,6,180,0,0,0,0,0,0,0,0,0,0,https://www.facebook.com/urgentcareautos/,,https://www.linkedin.com/company/gyi,,,"Auto Repair Garages",yellowpages-ca,,0,0
,"Toronto Mobile Mechanics",,https://www.torontomobilemechanic.ca/,16472996077,info@torontomobilemechanic.ca,5,10,,,,,,,,1,1,0,0,0,0,0,1,1,1,,,,,,"Car repair and maintenance service",google,1,0,0
,"Top Canada Auto Inc.","448 Birchmount Rd Unit 4, Scarborough, ON M1K 1M6, Canada",https://www.topcanadaauto.com/,14375616140,topcanadaauto@gmail.com,5,5,,,,,,,,1,1,0,0,0,0,0,1,1,0,,,,,,"Auto repair shop",google,1,0,0
,"TireMag Toronto","141 Queen St E, Toronto, ON M5C 1S1, Canada",https://www.tiremag.ca/,19057388846,sales@tiremag.ca,4.8,26,,,,,,,,1,1,0,0,0,0,0,1,1,1,,,,,,"Tire shop",google,1,0,0
,"NAPA AUTOPRO Tabangi Service Centre","1074 Westport Crescent, Mississauga, ON L5T 1G1",https://www.tabangiservicecentre.com/,9056708100,service@tabangimotors.com,,,,,,,,,80,1,1,0,0,0,0,0,1,1,1,https://www.facebook.com/p/Tabangi-Service-Centre-100063968535175/,,,,https://www.instagram.com/tabangiservicecentre/,"Car Repair & Service,Employment Agencies",yellowpages-ca,1,0,0
,"Skyview Auto Glass Toronto","436 University Ave, Toronto, ON M5G 2K8, Canada",https://www.skyview-autoglass.com/,16477990183,info@skyview-autoglass.com,5,4,,,,,,,,1,0,0,0,0,0,0,1,1,0,,,,,,"Auto glass shop",google,1,0,0
,"SIXT Rent A Car","Wellington Tower, 200 Wellington St W, CRU 20 Metrocentre, Toronto, ON M5V 3C7, Canada",https://www.sixt.ca/car-rental/canada/toronto/toronto-downtown/%3Futm_source%3Dgoogle_business%26utm_medium%3Dorganic%26utm_campaign%3DListings%26c1%3DCA%26c2%3Dtoronto%26c3%3Dtoronto-downtown,16473325564,dnsadmin@sixt.com,3.8,197,,,,,,,,1,1,0,0,0,0,0,1,1,0,,,https://www.linkedin.com/company/sixt/?originalSubdomain=de,,https://www.instagram.com/sixt/,"Car rental agency",google,1,0,0
,"Serpa Certified Collision Repair Centre","20 Cowdray Crt, Scarborough, ON M1S 1A1",https://www.serpacollisioncentre.ca/,4163672655,info@serpacollisioncentre.ca,,,,,,,,,,1,1,1,0,0,0,0,1,1,1,,,,,,"Auto Body Repair & Painting Shops,New Car Dealers",yellowpages-ca,1,0,0
,"Sabah Auto Repair &amp; New Car Sales","175 Toryork Dr, North York, ON M9L 2Y7",https://www.selectautocentre.ca/,4167430707,selectautocentre@gmail.com,,,,,,,445,166,,0,0,0,0,0,0,0,0,1,0,,,,,,"Car Repair & Service",yellowpages-ca,1,0,0
,"Rally Auto Repair","2401 St Clair Ave W, Toronto, ON M6N 1K9, Canada",http://rallyauto.ca,14167691087,service@rallyauto.ca,5,89,,,,,71,4,69,1,0,0,0,0,0,0,1,1,1,https://www.facebook.com/rally.auto.repair/,,https://www.linkedin.com/company/rally-auto-repair,,,"Auto repair shop",google,1,0,0
,"Rack Attack Toronto","116 Laird Dr, Toronto, ON M4G 3V3, Canada",https://www.rackattack.com/store/toronto/,16473701180,info@rackattack.com,4.8,753,,,,,5765,272,6000,1,1,1,1,0,0,0,1,1,0,https://facebook.com/rackattack,,,https://youtube.com/rackattack,https://www.instagram.com/rackattack/,"Car accessories store in Toronto, Ontario",google-places,1,0,0
,"Pleasant view Auto Centre","2750 Victoria Park Ave, North York, ON M2J 4A8, Canada",https://www.pvauto.ca/,14164940178,,4.7,164,,,,,,,,1,1,0,0,0,0,0,1,1,0,,,,,,"Auto repair shop",google,1,0,0
,"ProColor Collision Toronto Junction ( CP AUTO BODY)","25 Cariboo Ave, Toronto ON M6P 3T7",https://www.procolor.com/en-ca/shop/toronto-junction/,4166047000,info.us@procolor.com,,,,,,,228,20,19,1,1,1,0,0,0,0,1,1,1,https://www.facebook.com/ProColorCollisionUSA/,https://twitter.com/ProColorC,https://www.linkedin.com/company/procolor-collision/,https://www.youtube.com/@Carrossier3221,https://www.instagram.com/carrossierprocolor/,,bing,1,0,0
,"Portes De Garage Bourassa Inc","Markham, QC",https://www.portesbourassa.com/,4509991376,info@portesbourassa.com,,,,,,,2275,12,2200,1,1,0,0,0,0,0,0,1,0,,,https://www.linkedin.com/company/bourassabosquetbachand,,https://www.instagram.com/bourassabosquetbachand/,"Auto Repair Garages",yellowpages-ca,1,0,0
,"Porsche Service Centre","259 Lake Shore Blvd E, Toronto, ON M5A 0W5, Canada",https://www.porschedowntowntoronto.com/service_parts/%3Futm_source%3Dgoogle%26utm_medium%3Dorganic%26utm_campaign%3Dgoogle_my_business,14166039988,,4.7,14,,,,,,,,0,0,0,0,0,0,0,0,0,0,,,,,,"Porsche dealer",google,1,0,0
,Petro-Canada,"505 Jarvis St, Toronto, ON M4Y 2H7, Canada",https://www.petro-canada.ca/en/personal/gas-station-locations/505-jarvis-street-toronto%3Futm_source%3DG%26utm_medium%3Dlpm%26utm_campaign%3Dsuncor,14164130250,webmaster-p@suncor.com,3.8,726,,,,,,,,0,0,0,0,0,0,0,0,1,0,,,,,,"Gas station",google,1,0,0
,"NAPA AUTOPRO - Peck Brothers Limited","115 Doncaster Ave, Markham, ON L3T 1L6",https://www.peckautos.com/enco-services/,9058894477,peckd@rogers.com,,,,,,,91,3,91,1,1,0,0,0,0,0,1,1,0,https://www.facebook.com/PeckBrothersAutomotiveEncoAutoTrimGlass/,,,,,"Auto Repair Garages,Mufflers & Exhaust Systems",yellowpages-ca,1,0,0
,"NAPA AUTOPRO - Road Runner Auto Repair Inc.","30 Brydon Dr, Etobicoke, ON M9W 4N2",,4167425414,support@napaautopro.ca,4.7,95,,,,,11126,138,11000,1,1,1,0,0,0,0,1,1,0,https://www.facebook.com/napaautoprocanada/,,,,,"Auto Repair Garages",yellowpages-ca,,0,0
,"NAPA AUTOPRO - Chan's Auto Centre Ltd.","250 Queen Street West, BRAMPTON ON L6X 1B1",https://www.napaautopro.com/en/auto-repair/ontario/brampton-chan-s-auto-centre-ltd/,19054562313,info@napaautopro.com,4.8,81,,,,,,,,1,1,1,0,0,0,0,1,1,0,https://www.facebook.com/napaautoprocanada/,https://twitter.com/napaknowhow,https://www.linkedin.com/company/napa-auto-parts,,,"Auto repair",bing,1,0,0
,"My Neighbourhood Mechanic","4 Cariboo Ave, Toronto, ON M6P 3T6, Canada",https://www.myneighbourhoodmechanic.com/,14167611717,info@mynm.ca,5.035,355,,,,,,,,1,1,1,0,0,0,0,0,1,0,,,,,https://www.instagram.com/myneighbourhoodmechanic/,"Auto repair shop in Toronto, Ontario",google-places,1,0,0
,"My Mechanic Auto & Tire Centre","4530 Steeles Ave E, Markham, ON L3R 0L2",https://www.mymechanicauto.ca/,9059461000,info@mymechanicauto.ca,,,,,,,98,7,108,1,1,0,0,0,0,0,1,1,0,,,,//www.youtube.com/t/terms,,"Car Repair & Service",yellowpages-ca,1,1,0
,"My Mechanic Auto Entire Cente","1095 Ellesmere Rd, Scarborough, ON M1P 2W9",https://www.mymechanicauto.ca/,4162881000,info@netdriven.com,,,,,,,,,,1,1,0,0,0,0,0,1,1,0,,,,//www.youtube.com/t/terms,,"Auto Repair Garages",yellowpages-ca,1,1,0
,"Mr. Lube + Tires","793 Spadina Rd, Toronto ON M5P 2X5",https://www.mrlube.com/locations/33,4167877350,info@mrlube.com,,,,,,,,,,0,0,0,0,0,0,0,0,1,0,,,,,,,bing,1,0,0
,"Mister Transmission Toronto","995 PAPE AVE, EAST YORK, ON M4K 3V8",https://www.mistertransmission.com/find-a-location/?search-nearby=North+York%2C+ON+M4A&nearby-cord=43.72588229999999%2F-79.3155716,4167526166,info@mistertransmission.com,,,,,,,773,13,773,1,1,1,1,0,0,0,1,1,1,https://www.facebook.com/MisterTransmissionInternational,https://twitter.com/mistransmission,https://www.linkedin.com/company/mister-transmission-international,https://www.youtube.com/channel/UC29Y6qKSMFVutyBrZAdfKVg,,"Auto Repair Garages,Transmission",yellowpages-ca,1,0,0
,"Rosewood Automotive","827 Lakeshore Rd E, Mississauga, ON L5E 1C9",https://www.mississaugalocksmithson.com/,9052718089,,,,,,,,,,,1,1,0,0,0,0,0,1,1,0,,,,,,"Auto Repair Garages,Car Repair & Service",yellowpages-ca,1,0,0
,Midas,"1647 Wilson Avenue, North York, ON M3L 1A5",https://www.midas.com/toronto/store.aspx?shopnum=9107&dmanum=857001&y_source=1_MTE1ODY5NTgtNjAxLWxvY2F0aW9uLndlYnNpdGU%3D,4168001461,baubert@moroch.com,4.2,141,,,,,131060,,131000,1,1,1,1,0,0,0,1,1,0,https://www.facebook.com/midas,https://twitter.com/midas,,https://www.youtube.com/mymidasguy,https://www.instagram.com/midasofficial,"Car Repair & Service",yellowpages-ca,1,0,0
,Midas,"624 St Clair Ave W, York, ON M6C 1A9, Canada",https://www.midas.com/store/on/toronto/624-st-clair-avenue-west-m6c-1a9/%3Fshopnum%3D9916%26utm_source%3Dgoogle%26utm_medium%3Dorganic%26utm_campaign%3Dgbp,16475574842,afeldman@midas.com,4.3,539,,,,,131158,,131000,0,0,0,1,0,0,0,1,1,0,,,,,,"Auto repair shop",google,1,0,0
,"Parts - Mercedes-Benz Downtown","761 Dundas St E, Toronto, ON M5A 4N5, Canada",https://www.mercedes-benz-downtown-toronto.ca/parts/,16474260780,dnsadmin@mercedes-benz.ca,4.7,13,,,,,645,1194,845,1,1,0,1,0,0,0,0,0,0,https://www.facebook.com/sharer/sharer.php?u=https%3A%2F%2Fdevelopers.facebook.com%2Fdocs%2Fplugins%2F&amp,,https://www.linkedin.com/company/mercedes-benz-downtown-toronto/,https://www.youtube.com/t/terms,https://www.instagram.com/mercedesbenztorontodowntown/,"Mercedes-Benz dealer",google,1,0,0
,"Meineke Car Care Center","6588 Finch Avenue West, Etobicoke, ON M9V 3Z6",https://www.meineke.ca/locations/on/etobicoke-497/?utm_source=google&utm_medium=organic&utm_campaign=gbp_website,4168003154,sandra-592@hotmail.com,,,,,,,,,,1,1,0,0,0,0,0,1,1,0,https://www.facebook.com/MeinekeCA,,,,,"Auto Repair Garages,Car Repair & Service",yellowpages-ca,1,0,0
,"Mechatronic Diagnostics","455 Signet Drive, North York, ON M9L 1V5",https://www.mechatronicdiagnostics.com/,4169392482,,4.9,88,,,,,,,,1,0,0,0,0,0,0,1,1,1,,,https://www.linkedin.com/company/mechatronic-diagnostics,,,"Auto Repair Garages",yellowpages-ca,1,1,0
,"MechaniCar Inc.","1 King St W suite 140 level 48, Toronto, ON M5H 1A1, Canada",https://www.mechanicar.com/,16476896099,info@mechanicar.com,4.5,2,,,,,,,,1,0,1,0,0,0,0,1,1,1,,https://twitter.com/mechanicarr,https://www.linkedin.com/company/mechanicar,,,"Auto repair shop",google,1,0,0
,"MEC Toronto","300 Queen St W, Toronto, ON M5V 2A2, Canada",https://www.mec.ca/en/stores/toronto,14163402667,info@mec.ca,4.3,2510,,,,,,,,0,0,0,0,0,0,0,0,1,0,,,,,,"Outdoor sports store",google,1,0,0
,EuroMechanic,"300 Shuter Street, Toronto, ON M5A 1W7, Canada",https://www.mcdermottmotors.com,4163611707,hello@euromechanic.ca,,,4,27,,,60,,60,1,1,1,1,0,0,0,1,1,1,https://www.facebook.com/EuroMechanicOntario,https://twitter.com/euro_mechanic,https://www.linkedin.com/company/mcdermott-motors-tirecraft,https://www.youtube.com/@euromechanic,https://www.instagram.com/euromechanicontario,"Autowerkstatt,Autoreifen,Getriebereparatur",yelp,1,0,0
,"Manntel Automotive Plaza","2568 St Clair Ave W, York, ON M6N 1L8, Canada",https://www.manntelautomotive.com/,14167666266,info@manntelautomotive.com,4.4,67,,,,,,,,1,0,0,0,0,0,0,1,1,1,,,,,,"Car repair and maintenance service",google,1,0,0
,"Maaco Collision Repair & Auto Painting","120 Judge Rd Unit A, Etobicoke, ON M8Z 5B7, Canada",https://www.maaco.ca/locations/on/toronto-11916/%3Futm_source%3Dgoogle%26utm_medium%3Dorganic%26utm_campaign%3Dgbp_website,14162330991,customerservicemaaco@maaco.com,4.6,121,,,,,62600,4587,62000,1,1,1,1,0,0,0,1,1,1,https://www.facebook.com/MaacoUSA/,https://twitter.com/maaco,,https://www.youtube.com/user/MaacoAutoBodyShop,https://www.instagram.com/maaconorthamerica/?hl=en,"Auto body shop",google,1,0,0
,"Land Rover Toronto Parts","777 Dundas St E, Toronto, ON M4M 0E2, Canada",https://www.landrovertoronto.ca/en/service-and-parts/%3Futm_source%3Dgoogle%26utm_medium%3Dorganic%26utm_campaign%3DGMB%26utm_term%3DGoogleLocalTraffic%26utm_content%3Dparts,14165301880,marketing@grandtouringautos.com,5,1,,,,,10428,228,10000,1,1,1,1,0,0,0,1,1,1,https://www.facebook.com/JLRtoronto,,http://linkedin.com/company/jaguar-land-rover-toronto,https://www.youtube.com/user/landrover?_gl=1*1bxfvr7*_ga*OTIxMzYyOTIwLjE3MDQ3NDY3MTY.*_ga_B7ZBBJZQFN*MTcwNDc0NjcxNS4xLjEuMTcwNDc0Njc5OS4wLjAuMA..*_ga_Z5Q8Z5C7KF*MTcwNDc0NjcxNy4xLjEuMTcwNDc0Njc5OS42MC4wLjA.*_gcl_au*MzQzNzgyNTQ1LjE3MDQ3NDY3MTg.,https://www.instagram.com/jlrtoronto/,"Auto parts store",google,1,0,0
,"Land Rover Toronto","777 Dundas Street E, Toronto, ON M4M 0E2",https://www.landrovertoronto.ca/en/,4165301880,info@leadboxhq.com,4.3,286,3,2,,,5377,158,5400,1,1,1,1,0,0,0,1,1,1,https://www.facebook.com/JLRtoronto,,http://linkedin.com/company/jaguar-land-rover-toronto,https://www.youtube.com/user/landrover?_gl=1*1bxfvr7*_ga*OTIxMzYyOTIwLjE3MDQ3NDY3MTY.*_ga_B7ZBBJZQFN*MTcwNDc0NjcxNS4xLjEuMTcwNDc0Njc5OS4wLjAuMA..*_ga_Z5Q8Z5C7KF*MTcwNDc0NjcxNy4xLjEuMTcwNDc0Njc5OS42MC4wLjA.*_gcl_au*MzQzNzgyNTQ1LjE3MDQ3NDY3MTg.,https://www.instagram.com/jlrtoronto/,"Autowerkstatt,Autoersatzteile",yelp,1,0,0
,"Kensington Automotive","626 Dundas Street W Toronto, ON M5T 1H7",https://www.kensingtonautomotive.ca/contact,4169479888,info@kensingtonautomotive.ca,,,5,2,,,16,,17,1,1,0,0,0,0,0,1,1,0,https://www.facebook.com/kensingtonautomotive,,,,https://instagram.com/kensingtonautomotive,"Autowerkstatt,Autoreifen",yelp,1,1,0
,"Kal Tire","12 Carlaw Ave, Toronto, ON M4M 2R7, Canada",https://www.kaltire.com/en/locations/%3Fstore%3D881-toronto-store%26utm_source%3DG%26utm_medium%3DLPM%26utm_campaign%3DKalTire,14373706830,customerservice@kaltire.com,3.9,454,,,,,26764,2248,26000,0,0,0,1,0,0,0,1,1,0,,,,,,"Tire shop",google,1,0,0
,"J.W. Car Care","220 Yonge St, Toronto, ON M5B 2H1, Canada",https://www.jwcarcare.com/,14169799191,joseph@jwcompanies.com,,,,,,,,,,1,1,0,0,0,0,0,1,1,0,,,,,,"Car detailing service",google,1,0,0
,"J M Auto Electric","53 Stafford Dr, Brampton ON L6W1L3",https://www.jmautoelectric.com/,19055951267,contact@jmautoelectric.com,,,,,,,,,,1,1,0,0,0,0,0,0,1,0,,,,,,"Auto electrical repair",bing,1,0,0
,"Infiniti Downtown Toronto Service Centre","79 E Don Roadway, Toronto, ON M4M 2A5, Canada",https://www.infinitidowntown.ca/InfinitiService?utm_source=google&utm_medium=organic&utm_campaign=google_my_business,14169642582,concierge@infinitidowntown.ca,3.6,5,,,,,,,,0,1,1,0,0,0,0,1,1,0,https://www.facebook.com/infinitidowntown.to,,https://www.linkedin.com/company/infiniti-downtown,https://www.youtube.com/channel/UCEzkR7GXXvxBKr-HMZ63Ekg,https://www.instagram.com/infinitidowntown.to/,"Auto repair shop in Toronto, Ontario",google-places,1,0,0
,"Gt Automotive","2 Elrose Ave, North York, ON M9M 2H6",https://gtautomotive.ca/,4167471144,shop@gtautomotive.ca,4.8,70,,,,,,,,1,1,0,0,0,0,0,1,1,1,,,,https://www.youtube.com/embed/V0lcY58fwpY,https://www.instagram.com/gtautomotive_gtautosales/,"Car Repair & Service,Tire Retailers",yellowpages-ca,1,1,0
,"Grand Touring Automobiles","777 Dundas St E, Toronto, ON M4M 0E2, Canada",https://www.grandtouringautos.com/%3Futm_source%3Dgoogle%26utm_medium%3Dorganic%26utm_campaign%3Dgoogle_my_business,14165301880,info@gtfs.ca,4.1,688,,,,,,,,1,1,1,0,0,0,0,1,1,0,,,https://www.linkedin.com/company/lamborghini-calgary,,,"Auto repair shop",google,1,1,0
,"FIX AUTO TORONTO EAST YORK","919 Pape Ave, East York ON M4K 3V3",https://www.fixauto.com/ca/en/shop/fix-auto-toronto-east-york/,4164652992,customer.service@fixauto.com,,,,,,,4091,568,4000,1,1,0,1,0,0,0,1,1,1,https://www.facebook.com/fixautocanada,,https://ca.linkedin.com/showcase/fix-network-canada/,https://www.youtube.com/user/FixAutoCanada,https://www.instagram.com/fixautousa/,,bing,1,0,0
,"FIX AUTO DOWNTOWN TORONTO","370 King St E, Toronto, ON M5A 1K9, Canada",http://fixauto.com,14163634300,lindsey.mackiewicz@drivenbrands.com,4.9,150,,,,,10203,725,10000,1,1,1,1,0,0,0,1,1,1,https://www.facebook.com/FixAutoUSA/,https://twitter.com/fixautoksa,https://www.linkedin.com/company/fix-auto-usa,https://www.youtube.com/@fixautoksa,https://www.instagram.com/fixautousa/,"Auto body shop",google,1,0,0
,"First Fleet Auto Service","110 Adesso Dr #6, Concord, ON L4K 3C5",https://www.firstfleetautoservice.com/home,6475121419,firstfleetautoservice@gmail.com,,,,,,,,,,1,0,0,0,0,0,0,0,1,0,https://www.google.com/url?q=https%3A%2F%2Fwww.facebook.com%2Fpeople%2FFirst-Fleet-Auto-Service%2F61574014391679%2F&sa=D&sntz=1&usg=AOvVaw0x2JrTNdTJNbgrqhCHUZ6f,,,,https://www.google.com/url?q=https%3A%2F%2Fwww.instagram.com%2Ffirstfleetautoservice%2F&sa=D&sntz=1&usg=AOvVaw30_MM6vnW2Jwb2oXAZBgo0,"Auto Repair Garages",yellowpages-ca,1,0,0
,"Fine Finish Auto Detail","Indigo Parking, P1 Level, 35 Church St, Toronto, ON M5E 1T3, Canada",https://www.finefinishautodetail.ca/,14169554491,support@schedulista.com,4.8,323,,,,,,,,1,1,0,0,0,0,0,1,1,0,,,,,,"Car wash",google,1,0,0
,Fiix,"Toronto, ON M5B 0A1",https://www.fiix.io,6473614449,hello@wrench.com,,,3.5,20,,,4916,,5000,1,1,1,1,0,0,0,0,1,0,https://www.facebook.com/getwrench/,https://twitter.com/getwrench,https://www.linkedin.com/company/wrench-inc./,,https://www.instagram.com/getwrench/,"Auto Repair,Oil Change Stations,Auto Parts & Supplies",yelp,1,0,0
,"Excellence Auto Collision - Silverstar","211 Silver Star Blvd, Scarborough ON M1V 0A9",https://www.excellenceauto.ca/,4166261888,csrmidwest@excellenceauto.ca,,,,,,,,,,1,1,1,0,0,0,0,0,1,0,,,https://www.linkedin.com/company/excellenceauto/,,https://www.instagram.com/excellence_auto_collision/,,bing,1,0,0
,"Everything Diesel","Toronto, ON M9B 6H7, Canada",https://www.everythingdiesel.ca,4164549961,,,,4.5,2,,,,,,0,0,0,0,0,0,0,0,0,0,,,,,,"Commercial Truck Repair,Farm Equipment Repair,Auto Repair",yelp,1,0,0
,"Dynamic Car Care Ltd.","Underground Parking, 777 Bay St. Level 1, Toronto, ON M5B 2H7, Canada",https://www.dynamiccarcare.ca/,,info@smartshine.ca,4.8,102,,,,,,,,1,1,0,0,0,0,0,1,1,0,,,,,https://www.instagram.com/smartshine.toronto/,"Car detailing service",google,1,0,0
,"Downtown Toyota - Service Department","79 E Don Roadway, Toronto, ON M4M 2A5, Canada",https://www.downtowntoyota.ca/service/book-a-service-appointment/,14164655471,sales@downtowntoyota.ca,4,4,,,,,3296,682,3200,1,1,1,1,0,0,0,1,1,1,https://www.facebook.com/downtowntoyota.to,https://twitter.com/DTToyotaTO,,https://www.youtube.com/@downtowntoyotatoronto6576,https://www.instagram.com/downtowntoyota.to/?hl=en,"Auto repair shop",google,1,0,0
,"Downtown Ford Toronto","77 E Don Roadway, Toronto, ON M4M 2A5, Canada",https://www.downtownford.ca/%3Futm_source%3Dgoogle%26utm_medium%3Dorganic%26utm_campaign%3Dgoogle_my_business,14166039156,dnsmgr@ford.com,4.2,689,,,,,,,,0,0,0,0,0,0,0,0,0,0,,,,,,"Ford dealer",google,1,0,0
,"Dixie Matheson Service Centre","1401 Matheson Blvd E, Mississauga, ON L4W 3W2",https://www.dixiemathesonservice.com/,2893260893,dmsc@bellnet.ca,4.4,80,,,,,56,4,56,1,1,0,1,0,0,0,1,1,0,https://www.facebook.com/dixiemathesonservicecentre,,,,,"Auto Repair Garages,Car Repair & Service",yellowpages-ca,1,0,0
,"CARSTAR Toronto St. Clair","2528 St Clair Ave W, York, ON M6N 1L6, Canada",http://carstar.ca,14167694440,esther@imagemakers-inc.com,4.9,591,,,,,17478,1057,17000,1,1,0,0,0,0,0,1,1,0,https://www.facebook.com/CARSTARCanada/?ref=br_rs,,https://www.linkedin.com/company/98581/,https://www.youtube.com/channel/UCMDDuZ8Pf4SLvwJfSr8rsUw?view_as=subscriber,,"Auto body shop",google,1,0,0
,"CARSTAR Toronto Millwick","51 Millwick Drive, Toronto, ON M9L 1Y4",https://www.carstar.ca/en/locations/on/toronto/carstar-toronto-millwick-16035,4164010171,drobinson@vmg1.com,4.3,38,,,,,17434,997,17000,1,1,0,0,0,0,0,1,1,0,https://www.facebook.com/CARSTARCanada/?ref=br_rs,,https://www.linkedin.com/company/98581/,https://www.youtube.com/channel/UCMDDuZ8Pf4SLvwJfSr8rsUw?view_as=subscriber,,"Auto Body Repair & Painting Shops,Auto Body Shop Equipment & Supplies",yellowpages-ca,1,0,0
,"CARSTAR Automotive","344 Eastern Ave, Unit 1, Toronto ON M4M 3G5",https://www.carstar.ca/en/locations/on/toronto/carstar-express-toronto-eastern-avenue-16096,4162652227,rjasper@carstar.ca,4.7,121,,,,,5,,8,1,1,1,0,0,0,0,1,1,0,https://www.facebook.com/CARSTARExpressTorontoEasternAvenue/,https://twitter.com/carstarcanada,,https://www.youtube.com/channel/UCMDDuZ8Pf4SLvwJfSr8rsUw?app=desktop,,"Body shop in Toronto, ON",bing,1,0,0
,"Capital Auto Repair","202 Dundas St W, Mississauga, ON L5B 1J1",http://www.capitalmotor.ca/,9058969656,,,,,,,,,,,0,0,0,0,0,0,0,0,0,0,,,,,,"Auto Repair Garages,Tire Retailers",yellowpages-ca,1,0,0
,"Canadian Tire Gas+","835 Yonge St, Toronto, ON M4W 2H2, Canada",https://www.canadiantire.ca/en/store-details/on/yonge-street-on-1663.html,14169256502,customerservice@canadiantire.ca,3.2,179,,,,,,,,0,0,0,0,0,0,0,0,1,0,,,,,,"Gas station",google,1,0,0
,"Canadian Tire","65 Dundas St W, Toronto, ON M5G 2C3, Canada",https://www.canadiantire.ca/en/store-details/on/toronto-eaton-centre-on-600.html%3Futm_source%3Dgoogle%26utm_medium%3Dlss%26utm_content%3D600,14169792025,PrivacyOffice@cantire.com,3.7,5677,,,,,418776,18175,13,0,0,0,1,0,0,0,0,1,0,,,,,,"Department store",google,1,0,0
,"Canadian Tire","1025 Lake Shore Blvd E, Toronto, ON M4M 3C1, Canada",https://www.canadiantire.ca/en/store-details/on/leslie-lake-shore-on-654.html%3Futm_source%3Dgoogle%26utm_medium%3Dlss%26utm_content%3D654,14167780102,mastercardcustomerservice@canadiantire.ca,3.9,3082,,,,,,,,0,0,0,0,0,0,0,0,1,0,,,,,,"Department store",google,1,0,0
,"Thruway Muffler / Cam's Auto Service","475 King St E, Toronto, ON M5A 1L6, Canada",https://www.camsautoservice.com/,14168619511,cam@camsautoservice.com,4.432,316,,,,,,,,1,1,0,0,0,0,0,0,1,0,,,,,,"Auto repair shop in Toronto, Ontario",google-places,1,0,0
,"Budget Car Rental","80 Bloor St E, Toronto, ON M4W 3G8, Canada",https://www.budget.ca/en/locations/ca/on/toronto/y89%3Futm_source%3Dgoogle%26utm_medium%3Dgbp%26utm_campaign%3Dbudget_gbp,14169281205,admin@internationaladmin.com,2.5,73,,,,,118818,5559,119000,1,1,1,0,0,0,0,0,1,0,https://www.facebook.com/Budget/,https://twitter.com/budget,https://www.linkedin.com/company/avis-budget-group/jobs,https://www.youtube.com/user/Budget,https://www.instagram.com/budget/,"Car rental agency",google,1,0,0
,"Brampton Auto Repair","18 Bramsteele Road, Brampton ON L6W 1B3",https://www.bramptonautorepair.com/,9054576710,service@bramptonautorepair.com,4.6,111,,,,,,,,1,1,0,0,0,0,0,1,1,0,https://www.facebook.com/bramptonautorepair,,,,https://www.instagram.com/bramptonautorepair,,bing,1,0,0
,"Black Tires Distribution Inc.","100 King St W Suite #5700, Toronto, ON M5K 2A1, Canada",https://www.blacktires.ca/,14169394590,quotes@blacktires.ca,4.9,96,,,,,,,444,1,1,0,0,0,0,0,1,1,1,https://www.facebook.com/blacktires.ca,,https://www.linkedin.com/company/black-tires-distribution,,,Wholesaler,google,1,0,0
,"Bento's Auto & Tire Centre Ltd","2000 Dundas St W, Toronto, ON M6R 1W6, Canada",https://www.bentosautotirecentrelimited.com/%3Futm_source%3DG%26utm_medium%3Dlpm%26utm_campaign%3Dtires,14165332500,,3.7,248,,,,,,,,0,0,0,0,0,0,0,1,1,0,,,,,,"Tire shop",google,1,0,0
,"CSN Avenue Collision","293 MacPherson Ave, Toronto ON M4V 1A4",https://www.avenuecollision.com/,4169238031,info@avenuecollision.com,,,,,,,281,9,4900,1,1,1,0,0,0,0,1,1,0,https://www.facebook.com/AvenueCollision/,,https://www.linkedin.com/company/427-auto-collision/,https://www.youtube.com/channel/UCB_1OVDWgLCWtN7WqmVY_KA,https://www.instagram.com/csn_427auto/,,bing,1,0,0
,"Auto Power Engine Rebuilders","6731 Columbus Road, Mississauga ON L5T 2M4",https://www.autopower.ca/,19055650729,info@autopower.ca,4.2,36,,,,,,,,1,1,0,0,0,0,0,1,1,0,,,,,,"Engine repair service",bing,1,0,0
,"Auto Magicians","1905 Mattawa Avenue, Mississauga, ON L4X 1K8",http://www.automagicians.ca,19052759508,info@automagicians.ca,4.7,394,4.3,16,,,,48,,1,1,1,0,0,0,0,1,1,1,https://connect.facebook.net/en_US/sdk.js#xfbml=1&version=v3.0,,,https://www.youtube.com/channel/UCHEGMsTkDa1CDA_u4zQpd0g,https://www.instagram.com/automagicians/,"Auto Repair,Body Shops,Auto Detailing",yelp,1,0,0
,"Auto Illusions inc MECHANICAL & COLLISION REPAIR","66 Sheffield St, North York, ON M6M 3E8, Canada",https://www.autoillusions.ca/,14166363738,service@autoillusions.ca,4.9,284,,,,,,,,1,0,0,0,0,0,0,1,1,0,,,,,https://www.instagram.com/autoillusions.ca/,"Auto repair shop",google,1,0,0
,"Auto Experts","2692 Dundas St W, Toronto, ON M6P 1Y2, Canada",http://autoexpertsto.com,14167669693,office@autoexpertsto.com,4.7,125,,,,,107,,107,1,1,0,0,0,0,0,1,1,0,https://www.facebook.com/autoexpertstoronto/,,,,http://instagram.com/autoexpertstoronto,"Auto repair shop",google,1,0,0
,"Audi Downtown Toronto Service","328 Bayview Ave, Toronto, ON M5A 3R7, Canada",https://www.audidowntowntoronto.com/en/service/,16477225983,l@audidowntowntoronto.com,4.2,53,,,,,,,,1,0,0,0,0,0,0,0,1,0,,,,,,"Auto repair shop",google,1,0,0
,"Atlas Auto Glass","116 Rutherford Rd S, Brampton ON L6W 3J5",https://www.atlasautocollision.com/,9054520099,atlasautocollision@gmail.com,,,,,,,317,11,340,1,0,0,0,0,0,0,1,1,0,https://www.facebook.com/atlasautocollision/,,,,,,bing,1,0,0
,"Assured Automotive","457 King St E, Toronto ON M5A 1L6",https://www.assuredauto.ca/locations/toronto-downtown-king-st-on,4168619088,social@assuredauto.ca,3.6,89,,,,,1,22,609,1,1,1,0,0,0,0,1,1,0,https://www.facebook.com/450880765357081,,https://www.linkedin.com/company/assuredautomotive,,,,bing,1,0,0
,"Assured Automotive","457 King St E, Toronto, ON M5A 1L6, Canada",https://www.assuredauto.ca/locations/toronto-downtown-king-st-on,14168619088,mississaugaeast@assuredauto.ca,3.7,89,,,,,,,,1,1,1,0,0,0,0,1,1,0,https://www.facebook.com/450880765357081,,https://www.linkedin.com/company/assuredautomotive,,,"Auto body shop",google,1,0,0
,"Advantage Car & Truck Rentals Downtown Toronto","431 Queen St E, Toronto, ON M5A 1T5, Canada",https://www.advantagecarrentals.com/%3Futm_source%3Dgoogle%26utm_medium%3Dorganic_gmb_downtown_toronto,14163640387,info@advantagecarrentals.com,4.4,462,,,,,,,505,1,1,1,0,0,0,0,1,1,0,https://www.facebook.com/Advantagecarandtruck,https://twitter.com/Advantage1984,https://www.linkedin.com/company/advantage-car-&-truck-rentals,,https://www.instagram.com/advantagecarrentals/,"Car rental agency",google,1,0,0
,"Active Green &amp; Ross Tire &amp; Auto Centre","7720 Islington Avenue Woodbridge, ON L4L 1W3 Canada",https://www.activegreenross.com/tire-centre/woodbridge/67-7720-islington-ave-woodbridge,2892364448,info@activegreenross.com,4.6,267,5,2,,,253,16,285,1,1,1,1,0,0,0,1,1,0,https://www.facebook.com/activegreenandrossontario/,https://twitter.com/TireExperts/,https://www.linkedin.com/company/active-green-&-ross,https://www.youtube.com/user/ActiveGreenRoss580/,https://www.instagram.com/activegreenandross_official/,"Tires,Auto Repair,Oil Change Stations",yelp,1,0,0
,"Import Performance Center (IPC)","22 Strathearn Ave Unit 8A, Brampton ON L6T 4s9",https://www.791cars.com/,19057912277,admin@hwy52digital.ca,5,44,,,,,,,,1,1,1,0,0,0,0,0,1,0,,,,,,"Auto repair",bing,1,0,0
,"Workshop M B","29 Pemican Crt, North York, ON M9M 2Z3",https://workshopmb.com/,6474300760,serviceworkshopmb@gmail.com,,,,,,,276,15,276,1,1,0,0,0,0,0,1,1,1,https://web.facebook.com/OfficialWorkshopMB/?_rdc=1&#038,,https://ca.linkedin.com/in/matthew-hofer-3b0919a1,,https://www.instagram.com/workshop_mb_toronto/?hl=en,"Auto Repair Garages,New Car Dealers",yellowpages-ca,1,0,0
,"Tweaks Performance Inc","218 Evans Ave, Etobicoke, ON M8Z 1J8",https://tweaksperformanceinc.com/,4162315757,tweaksperformance@gmail.com,4.8,45,,,,,,,300,1,1,0,0,0,0,0,1,1,0,https://www.facebook.com/445856265586099,,,,https://www.instagram.com/tweaksperformance,"Auto Repair Garages,Mortgages",yellowpages-ca,1,0,0
,"T Service Toronto","902 Roselawn Ave, York, ON M6B 1B9, Canada",https://tservicetoronto.ca/index.html%40appointment.html,14167813316,info@tservicetoronto.ca,4.9,63,,,,,,,,0,0,0,0,0,0,0,0,1,0,,,,,,"Auto repair shop",google,1,0,0
,"Traditions Auto Service","550 Warden Avenue, Scarborough, ON M1L 3Z3",https://traditionsauto.com/,4166915397,,,,,,,,227,45,227,1,1,1,0,0,0,0,1,1,1,https://www.facebook.com/TraditionsAutoService,,,https://www.youtube.com/@traditionsautoservice7253,https://www.instagram.com/traditionsautoservice/,"Auto Repair Garages,Car Repair & Service",yellowpages-ca,1,0,0
,"Malvern Inc","30 Sewells Rd, Scarborough, ON M1B 3G5",https://torontopubliclibrary.ca/,4162861620,answerline@tpl.ca,,,,,,,71631,5902,71000,1,1,0,1,0,0,0,1,1,1,https://www.facebook.com/torontopubliclibrary/,https://twitter.com/torontolibrary?ref_src=twsrc%5Egoogle%7Ctwcamp%5Eserp%7Ctwgr%5Eauthor,https://ca.linkedin.com/company/torontolibrary,https://www.youtube.com/torontopubliclibrary,https://www.instagram.com/torontolibrary/?hl=en,"Auto Repair Garages",yellowpages-ca,1,0,0
,"Toronto Limo black car service",,https://torontocarsservice.com/%3Futm_campaign%3Dgmb,14168431222,airportlimocanada@gmail.com,5,114,,,,,551,,551,1,1,1,0,0,0,0,1,1,0,https://www.facebook.com/torontolimocarservice,,,,,"Limousine service",google,1,0,0
,"Top Auto Glass","103 Salem Ave, Toronto, ON M6H 3C2, Canada",https://toronto.topautoglass.net/,14169531280,,5,140,,,,,,,,1,0,0,0,0,0,0,0,0,0,,,,,,"Auto glass shop",google,1,0,0
,"Tirecraft Vaughan","5401 Steeles Avenue W Unit #2, North York, ON M9L 1R6",https://tirecraft.com/vaughan-tire-and-automotive-tirecraft/,4167412097,tstpierre@tirecraft.com,,,,,,,24764,993,24000,1,1,1,0,0,0,0,1,1,1,https://www.facebook.com/TIRECRAFTCanada,https://www.twitter.com/tirecraft,http://www.linkedin.com/company/2032926?trk=tyah,https://www.youtube.com/channel/UC6OCIcIXkr5yUoYIXDi1zPA,,"Auto Repair Garages,Tire Retailers",yellowpages-ca,1,1,0
,"Degroot's Tirecraft Scarborough","4 Falaise Road, Scarborough, ON M1E 3B5",https://tirecraft.com/tirecraft-scarborough-4-falaise-road/,4162827250,kentseaman@tirecraft.com,4.7,99,,,,,24764,993,24000,1,1,1,0,0,0,0,1,1,1,https://www.facebook.com/TIRECRAFTCanada,https://www.twitter.com/tirecraft,http://www.linkedin.com/company/2032926?trk=tyah,https://www.youtube.com/channel/UC6OCIcIXkr5yUoYIXDi1zPA,,"Auto Repair Garages,Tire Retailers",yellowpages-ca,1,0,0
,"Royal Auto Care","2555 Pharmacy Ave, Scarborough, ON M1W 2K2",https://tirecraft.com/royal-auto-care-tirecraft/,4162928446,marketing@tirecraft.ca,,,,,,,24764,993,24000,1,1,1,0,0,0,0,1,1,1,https://www.facebook.com/TIRECRAFTCanada,https://www.twitter.com/tirecraft,http://www.linkedin.com/company/2032926?trk=tyah,https://www.youtube.com/channel/UC6OCIcIXkr5yUoYIXDi1zPA,,"Auto Repair Garages,Tire Retailers",yellowpages-ca,1,0,0
,"Superglass Windshield Repair - Toronto","149 Connaught Ave, North York, ON M2M 1H3",https://superglasstoronto.com/,6478308171,player2006@naver.com,,,,,,,751440,,751000,1,1,0,1,0,0,0,1,1,1,https://www.facebook.com/WordPresscom,,,,,"Auto Repair Garages,Auto Glass & Windshields",yellowpages-ca,1,0,0
,"Spring Auto Services Inc","1128 Martin Grove Rd, Etobicoke, ON M9W 4W1",https://springauto.ca/,6472375455,info@springauto.ca,4.6,65,,,,,123,4,,1,1,0,0,0,0,0,1,1,1,https://www.facebook.com/spring.canada.1,,,https://www.youtube.com/channel/UCcpGKYlLRzBKfo9gv0DElag,https://www.instagram.com/spring.auto/,"Car Repair & Service",yellowpages-ca,1,0,0
,"MD Autoservice","640 Rogers Rd, Toronto, ON M6M 1C1, Canada",https://sitelift.site/mdautoservice/,14166576282,chenowith52@gmail.com,5,28,,,,,,,,1,1,0,0,0,0,0,1,1,0,https://connect.facebook.net/en_US/sdk.js,,,,,"Auto repair shop",google,1,0,0
,"Simplicity Car Care East York","318 Greenwood Ave, Toronto, ON M4L 2R8, Canada",https://simplicitycc.com/auto-collision-center-locations/eastyork/,14164639100,contact@simplicitycc.com,4.2,161,,,,,360,,357,1,1,1,0,0,0,0,1,1,1,https://www.facebook.com/Simplicity-Car-Care-314300635647685/,,https://www.linkedin.com/company/simplicitycarcare/,,,"Auto repair shop",google,1,0,0
,"Shareway Auto Service","64 Toro Rd, North York, ON M3J 2A8",https://sharewayautorepair.ca/,4166638228,info@sharewayautorepair.ca,,,,,,,80,,89,1,1,0,0,0,0,0,1,1,1,https://www.facebook.com/sharewayauto/,,,,,"Auto Repair Garages",yellowpages-ca,1,0,0
,"Sal's Auto Service Centre","526 South Service Rd, Mississauga, ON L5G 2S6",https://salsauto.ca/,9052742200,salsonemotors@hotmail.com,4.8,474,,,,,242,123,326,0,0,0,0,0,0,0,0,0,0,,,,,,"Auto Repair Garages",yellowpages-ca,1,0,0
,"R&S Auto","420 Ormont Dr, North York, ON M9L 1N9, Canada",https://rsauto.ca/,14167489300,info@rsauto.ca,4.7,298,,,,,,,100,1,1,1,0,0,0,0,1,1,1,https://www.facebook.com/rsautoltd/?ref=py_c,https://twitter.com/rsautoltd,http://www.linkedin.com/shareArticle?mini=true&url=https%3A%2F%2Frsauto.ca%2Fauto-air-conditioning-repair-north-york-on%2F&title=Auto+Air+Conditioning+Repair+in+North+York%2C+ON,,https://www.instagram.com/rsautoltd/,"Auto repair shop",google,1,0,0
,"Road Auto & Tire Center Inc","192 Mulock Ave, Toronto, ON M6N 3C8, Canada",https://roadautotirecentre.ca/,14167609349,impallari@gmail.com,4.1,82,,,,,,,,1,0,0,0,0,0,0,1,1,0,,,,,https://www.instagram.com/road_tirecentre/,"Auto repair shop",google,1,0,0
,"Rivian Service Center","8311 Weston Road, Vaughan, ON L4L 1A6",https://rivian.com/experience/service?utm_medium=local-listing&utm_source=extnet&utm_campaign=yext&utm_content=SERVICE27,18887484261,customerservice@rivian.com,4.2,13,,,,,,,,1,1,1,0,0,0,0,1,1,0,,,https://www.linkedin.com/company/rivian,https://www.youtube.com/channel/UCPMdVVKDEUrbp3nH46sTZmg,https://www.instagram.com/rivianofficial,"Car Repair & Service",yellowpages-ca,1,0,0
,"Right-Tech Auto Service","3375 Derry Rd E, Mississauga, ON L4T 1A8",https://righttech.ca/,9056713427,van@righttech.ca,4.5,620,,,,,296,16,296,1,1,1,0,0,0,0,1,1,1,https://www.facebook.com/pages/category/Oil-Lube---Filter-Service/Right-Tech-Auto-Repair-Svc-207683769667712/,,,,,"Auto Repair Garages",yellowpages-ca,1,0,0
,"Right Auto Service Centre","2025 Wilson Ave, North York, ON M9M 1A9",https://rightautoservice.ca/,4167423327,,4.9,63,,,,,,,,1,0,0,0,0,0,0,1,1,1,,,,,,"Auto Repair Garages,Used Car Dealers",yellowpages-ca,1,0,0
,"Rexdale Transmission","21 Elrose Ave, North York, ON M9M 2H5",https://rexdaletransmission.ca/,4167479119,,4,18,,,,,,,,1,0,0,0,0,0,0,1,1,1,,,,,,"Auto Repair Garages,Transmission",yellowpages-ca,1,0,0
New,"Repair Punk","86 Portland St, Toronto, ON M5V 2N2, Canada",https://repairpunk.com/%3Fgoogle-business,12892045568,hey@repairpunk.com,5,1,,,,,,,,0,0,0,0,0,0,0,1,1,0,,,,,,"Auto repair shop",google,1,0,0
,"Radman Auto Repairs","321 Rexdale Blvd #4, Etobicoke, ON M9W 1R8",https://radmanrepair.ca/,4167424521,info@radmanrepair.ca,,,,,,,,,,1,1,0,0,0,0,0,1,1,0,,,,https://www.youtube.com/@RadmanRepair,,"Auto Repair Garages,Car Air Conditioning Equipment",yellowpages-ca,1,0,0
,Protune,"125 Thirtieth St, Etobicoke, ON M8W 3C3",https://protunetires.com/,4162590812,info@indiantypefoundry.com,,,,,,,,,,1,0,0,0,0,0,0,1,1,0,,,,,https://www.instagram.com/protune.lubeandtire/,"Auto Repair Garages,Car Repair & Service",yellowpages-ca,1,0,0
,"Protech Transmissions Inc","682 Gerrard St E, Toronto, ON M4M 1Y3, Canada",https://protechtransmission.ca/,14164639901,protechtran@gmail.com,4.6,23,,,,,46,2,46,1,1,0,0,0,0,0,1,1,1,https://www.facebook.com/pages/Protech-Transmission/174891562695237,,,,,"Auto repair shop",google,1,0,0
,"Pro Auto Centre Ltd","8-29 Pemican Crt, (Suite D), North York, ON M9M 2Z3",https://proautocentre.com/,4166184012,proautocent@gmail.com,,,,,,,,,40,1,0,0,0,0,0,0,0,1,0,https://www.facebook.com/proautocentre,,,,,"Auto Repair Garages",yellowpages-ca,1,0,0
,"Prince Auto Services Inc","5195 Maingate Dr, Mississauga, ON L4W 1G4",https://princeautoservices.ca/,9056250211,,,,,,,,,,,1,0,0,0,0,0,0,1,1,1,,,,,,"Car Repair & Service",yellowpages-ca,1,0,0
,"Performance Collision Toronto","15 Mobile Dr, Toronto, ON M4A 1J6, Canada",https://performancecollisiontoronto.ca/,14167515190,donvalley@performancecollision.ca,4.7,187,,,,,241,27,241,1,1,1,0,0,0,0,1,1,1,https://www.facebook.com/PerformanceCollisionCentre,https://twitter.com/pautogroup,,https://www.youtube.com/channel/UCMTfp6BmeLdMKcRLiGn-xgA,https://www.instagram.com/performancecollision,"Auto body shop",google,1,0,0
,"Performance Tire &amp; Service Centre","151 Milvan Dr, North York, ON M9L 1Z8",https://performance-tire-service-centre.business.site/,4167440125,nrobert@broofa.com,4.8,70,,,,,,,,1,0,0,0,0,0,0,0,1,0,,,,,,"Car Repair & Service",yellowpages-ca,1,0,0
,"Parts Pioneer - Canada Auto Parts Online","18 King St E Suite #1400, Toronto, ON M5C 1C4, Canada",https://partspioneer.ca/,8448444496,info@partspioneer.ca,4.7,307,,,,,,,,1,1,0,0,0,0,0,0,1,0,,,https://www.linkedin.com/company/partspioneer,https://www.youtube.com/@PartsPioneer,https://instagram.com/partspioneer,"Auto parts store",google,1,0,0
New,"Parts Pioneer - Canada Auto Parts Online","18 King St E Ste 1400, Toronto, ON M5E 1L4, Canada",https://partspioneer.ca/,8448444496,support@partspioneer.ca,4.6,412,,,,,,,,1,1,0,0,0,0,0,0,1,0,,,https://www.linkedin.com/company/partspioneer,https://www.youtube.com/@PartsPioneer,https://instagram.com/partspioneer,"Auto parts store",google,1,0,0
,"Toronto Buffing Inc","33 Peelar Rd Unit 2, Vaughan, ON L4K 1A3",https://paintcorrection.ca/,6479858630,info@torontobuffing.com,,,,,,,356,172,457,1,1,0,1,0,0,0,1,1,0,http://www.facebook.com/torontobuffing,,https://www.linkedin.com/torontobuffing,http://www.youtube.com/TorontoBuffing,https://www.instagram.com/reel/CrtbM12AMyn/?igsh=MWN6YTJpODVnemU5Nw==,"Car Detailing,Auto Repair Garages",yellowpages-ca,1,0,0
,"Nas-Car Auto Services Inc","65 Wickware Gate #9, Scarborough, ON M1P 4Z1, Canada",https://nascarautoservice.com/,14167554009,support@nascarautoservice.com,4.4,685,,,,,,,,1,0,0,0,0,0,0,1,1,1,,,,,https://www.instagram.com/nascarautomotive?igsh=am9pandvYWtqamE0,"Auto repair shop",google,1,0,0
,"Best Auto Mechanic Repairs Oil Tires","Front Jane side, 1683 Jane St Unit 2, North York, ON M9N 2S3, Canada",https://mroilandtires.com/,,info@mroilandtires.com,5,4,,,,,,,,0,0,0,0,0,0,0,0,1,0,,,,,,"Auto repair shop",google,1,0,0
,"Motion Garage Doors","38-26 Fieldway Rd, Etobicoke, ON M8Z 0E3",https://motiongaragedoors.ca/,6474900622,info@motiongaragedoors.ca,,,,,,,173,,173,1,1,1,0,0,0,0,1,1,1,https://www.facebook.com/motiongaragedoors,https://twitter.com/MotionDoors,https://www.linkedin.com/company/motion-garage-doors/,https://www.youtube.com/@MotionGarageDoors,https://www.instagram.com/motiongaragedoors/,"Auto Repair Garages,Overhead & Garage Doors",yellowpages-ca,1,0,0
,"Auto Glass Zone Mississauga","811 Lakeshore Rd E, Mississauga, ON L5E 1C8",https://mississauga.autoglasszone.ca/,9057562499,oakville@autoglasszone.ca,,,,,,,,,,1,1,1,0,0,0,0,1,1,1,,,,,,"Auto Repair Garages,Auto Glass & Windshields",yellowpages-ca,1,0,0
,"Megacity Automotive Collision Centre","370 Munster Ave, Etobicoke, ON M8Z 3C7",https://megacityautomotive.com/,4165657566,megacityautomotive@hotmail.com,5,64,,,,,,,,1,0,0,0,0,0,0,1,1,1,,,,,,"Auto Body Repair & Painting Shops,Auto Repair Garages",yellowpages-ca,1,0,0
,"McNally Auto EuroMechanic","49 Toro Road, North York, ON M3J 2A4",https://mcnallyauto.com,4163986799,info@mcnallyauto.com,4.6,241,3.2,15,,,186,22,195,1,1,1,0,0,0,0,1,1,1,https://www.facebook.com/mcnallyauto/,https://twitter.com/euro_mechanic,,,https://www.instagram.com/euromechanicontario/,"Auto Repair",yelp,1,0,0
,"EuroMechanic - McDermott Motors","300 Shuter St, Toronto, ON M5A 1W7, Canada",https://mcdermottmotors.com/,14163611707,info@mcdermottmotors.com,4.776,763,,,,,53,,53,1,1,1,1,0,0,0,1,1,1,https://www.facebook.com/EuroMechanicOntario,https://twitter.com/euro_mechanic,https://www.linkedin.com/company/mcdermott-motors-tirecraft,https://www.youtube.com/@euromechanic,https://www.instagram.com/euromechanicontario,"Auto repair shop in Toronto, Ontario",google-places,1,0,0
,"Master Mechanic Queen West","31 Gladstone Ave, Toronto, ON M6J 3K7, Canada",http://mastermechanic.ca,14165348484,wayne@mastermechanic.ca,4.9,270,,,,,,,,0,0,0,0,0,0,0,1,1,0,,,https://www.linkedin.com/company/master-mechanic,,,"Auto repair shop",google,1,0,0
,"Martino Brothers Company Limited","606 Dixon, Etobicoke, ON M9W 1J1",https://martinobrothers.com/,4162350730,info@martinobrothers.com,,,,,,,,,,0,0,0,0,0,0,0,0,0,0,,,,,,"Auto Repair Garages",yellowpages-ca,1,0,0
,"Maiwand Automotive Ltd.","3501 Dundas St W, York, ON M6S 2S6, Canada",https://maiwandauto.com/,14167607198,hello@rfuenzalida.com,4.9,73,,,,,,,,1,1,0,0,0,0,0,1,1,0,,,,,,"Auto repair shop",google,1,0,0
,"Leslieville Auto Service Inc.","41 Eddystone Ave, North York, ON M3N 1G6, Canada",https://leslievilleauto.wixsite.com/website,14168332701,leslievilleauto@gmail.com,4.9,15,,,,,,,,1,0,0,0,0,0,0,1,1,0,,,,,,"Auto repair shop",google,1,0,0
,"Leo's Auto Service Centre","134 Doncaster Avenue, Thornhill, ON L3T 1L3, Canada",https://leosauto.ca,9058894809,,,,4.5,10,,,,,,1,1,0,0,0,0,0,0,1,0,,,,,,Autowerkstatt,yelp,1,0,0
,"Klassick's Auto Hub","1610 Military Trail, Scarborough, ON M1C 1B2",https://klassicksautohub.com/,6472171985,,,,,,,,,,,0,0,0,0,0,0,0,0,0,0,,,,,,"Car Repair & Service",yellowpages-ca,1,1,0
,"Kipling Car &amp; Truck Services","36 Six Point Rd, Etobicoke, ON M8Z 2X2",https://kiplingcarandtruck.ca/,4162317701,info@kiplingcarandtruck.ca,4.6,67,,,,,23,4,24,1,1,0,0,0,0,0,1,1,1,https://www.facebook.com/pages/Kipling-Car-and-Truck-Service/608220412528154/,https://twitter.com/KiplingCar/,,,,"Auto Repair Garages",yellowpages-ca,1,0,0
,"Jowee Automobiles","130 Queens Quay E Unit#604, Toronto, ON M5A 0P6, Canada",https://jowee.ca/,16479299927,wesleyh0417@gmail.com,5,12,,,,,,,,1,0,0,0,0,0,0,0,1,0,,,,,,"Auto repair shop",google,1,1,0
,"JK Auto Garage","340 Garyray Dr, North York, ON M9L 1P5",https://jkautogarage.com/,4167424444,jkauto340@gmail.com,,,,,,,,,,1,0,1,0,0,0,0,1,1,1,,,,,,"Auto Repair Garages,Car Brake Service",yellowpages-ca,1,0,0
,"Jiffy Lube","1349 Burnhamthorpe Rd E, Mississauga, ON L4Y 3V8",https://jiffylubeservice.ca/,9056249724,info@jiffylubeservice.ca,4.1,216,,,,,,,,1,1,1,0,0,0,0,1,1,1,https://www.facebook.com/jiffylubecanada,https://twitter.com/JiffyLubeCAN,https://www.linkedin.com/company/jiffy-lube-canada/,,https://www.instagram.com/jiffylubecan/,"Auto Repair Garages,Oil Changes & Lubrication Service",yellowpages-ca,1,0,0
,"Jerry's AutoMedic","77 Kincort St, York, ON M6M 5G7, Canada",https://jerrysautomedic.ca/%3Futm_source%3Dgoogle%26utm_medium%3Dorganic%26utm_campaign%3Dgoogle-maps,14162227760,jerrys.automedic@gmail.com,4.8,137,,,,,93,12,93,1,1,1,0,0,0,0,1,1,1,https://www.facebook.com/JerrysAutoMedic,,,,,"Auto repair shop",google,1,0,0
,"JD Lube and Shine Mobile Auto Service","2570 Kingston Rd, Scarborough, ON M1M 1L9",https://jdlubeandshine.ca/,6479752893,,,,,,,,,,,1,0,0,0,0,0,0,1,1,0,,,,,,"Auto Repair Garages",yellowpages-ca,1,0,0
,"Jay's Auto Collision","16 Belvia Rd, Etobicoke, ON M8W 3R3",https://jaysautocollision.ca/,4165030041,jaysauto@bellnet.ca,4.7,102,,,,,250,7,266,1,1,0,0,0,0,0,1,1,1,https://www.facebook.com/Jays-Auto-Collision-999673053498940/?ref=aymt_homepage_panel,https://twitter.com/JaysAutoCollisi,https://www.linkedin.com/company/jays-collision,https://www.youtube.com/channel/UCi4UVuVzVRGJcZ52tmkug2g,https://www.instagram.com/jaysautocollision/,"Business Management Consultants,Auto Body Repair & Painting Shops",yellowpages-ca,1,0,0
,"ICP Automotive Warehouse","335 Nugget Ave, Scarborough, ON M1S 4J3",https://icpautoparts.com/,4162982933,ken@icpautoparts.com,,,,,,,,,,0,0,0,0,0,0,0,0,1,0,,,,,,"Car Repair & Service,New Auto Parts & Supplies",yellowpages-ca,1,0,0
,"Greenwood Auto Repair","264 Greenwood Ave, Toronto, ON M4L 2R5, Canada",https://greenwoodautorepair.shop/,14164699792,,4.412,123,,,,,,,,0,0,0,0,0,0,0,1,1,0,,,,,,"Auto repair shop in Toronto, Ontario",google-places,1,0,0
,"Greenlink Auto Collision & Service","23 Harlech Crt, Thornhill, ON L3T 6L5",https://greenlinkauto.com/,9057071921,admin@greenlinkauto.ca,,,,,,,64,26,64,1,1,0,0,0,0,0,1,1,0,https://www.facebook.com/Greenlink-Auto-Collision-and-Services-222297841136350/,,,,,"Auto Body Repair & Painting Shops",yellowpages-ca,1,0,0
,"Great Wall Auto Collision","40 Millwick Drive Unit 3 North York, ON M9L 1Y3",https://greatwallauto.ca,4167458888,peter@greatwallauto.ca,5,14,,,,,,,,1,1,0,0,0,0,0,1,1,1,https://www.facebook.com/profile.php?id=100085680261793&#038,,,,https://instagram.com/greatwallcollision?igshid=MzNlNGNkZWQ4Mg==,"Auto Repair,Body Shops",yelp,1,0,0
,"Goodway Auto Services Inc","12 Lepage Crt, North York, ON M3J 1Z9",https://goodwayauto.net/,4168497976,,,,,,,,,,,0,0,0,0,0,0,0,0,0,0,,,,,,"Auto Repair Garages",yellowpages-ca,1,0,0
,"George's Auto Body","3592 St Clair Ave E, Scarborough ON M1K 1M2",https://georges-autobody.com/,4162667188,besman@rogers.com,,,,,,,,,21,1,0,0,0,0,0,0,1,1,1,,,,,,,bing,1,0,0
,"The Gear Centre Truck & Auto","3-7337 Pacific Circle, Mississauga, ON L5T 1V1",https://gearcentre.com/,2898043664,j.w.guillaume@gearcentregroup.com,,,,,,,426,3,426,1,1,1,0,0,0,0,1,1,1,https://www.facebook.com/gearcentre/,https://twitter.com/gearcentre,https://www.linkedin.com/company/gearcentre,,https://www.instagram.com/thegearcentre/,"Hydraulic Equipment & Supplies,Differentials",yellowpages-ca,1,0,0
,"Gas Tank Exchange","1414 Martin Grove Rd, Etobicoke, ON M9W 4X8",https://gastankexchange.com/,6473600495,gastankexchange.com@contactprivacy.com,,,,,,,,,,1,1,0,0,0,0,0,1,1,1,,,,,,"Auto Repair Garages,Car Radiators & Gas Tanks",yellowpages-ca,1,0,0
,"Fine Tuned Autos - Best Auto Repair Shop York, Toronto","2441 Weston Rd, York, ON M9N 2A1, Canada",https://finetunedautos.ca/,14162430949,finetunedauto@hotmail.com,4.979,788,,,,,517,68,517,1,1,1,0,0,0,0,1,1,1,https://www.facebook.com/Finetunedauto,https://twitter.com/finetunedauto,,,https://www.instagram.com/finetunedauto,"Auto repair shop in Toronto, Ontario",google-places,1,0,0
,"Fine Auto Repair","14 Elrose Ave, North York, ON M9M 2H6",https://fineautorepair.com/,4167477766,,4.8,57,,,,,,,,1,1,0,0,0,0,0,1,1,1,,,,,,"Auto Repair Garages,Car Repair & Service",yellowpages-ca,1,0,0
,"F &amp; D Automotive Services","29-2899 Steeles W, North York, ON M3J 3A1",https://fdautomotive.ca/,9056692211,,,,,,,,,,,0,0,0,0,0,0,0,0,0,0,,,,,,"Auto Repair Garages",yellowpages-ca,1,0,0
,"Fast Collision Repairs","2305 Markham Rd, Scarborough, ON M1B 2W3",https://fastcollisionrepairs.ca/,6473501632,info@fastcollisionrepairs.ca,,,,,,,,,,1,0,0,0,0,0,0,0,1,0,,,,,,"Car Repair & Service",yellowpages-ca,1,0,0
New,"Famous Autoglass Toronto","18 King St E Ste 1400, Toronto, ON M5C 1C4, Canada",https://famousautoglass.ca/toronto/%3Futm_source%3DGMB-Toronto%26utm_medium%3Dwebsite-tab%26utm_campaign%3DGMB-Toronto-website-tab,16475130423,thefamousautoglass@gmail.com,,,,,,,,,,1,1,1,0,0,0,0,1,1,1,,,,,,"Auto glass repair service",google,1,1,0
,"Ez Auto","7 Harlech Crt, Thornhill, ON L3T 6L5",https://ezautocanada.com/,9057097148,info@ezautocanada.com,,,,,,,,,,1,1,0,0,0,0,0,1,1,0,,,,,https://www.instagram.com/ezautomarkham/,"Car Repair & Service",yellowpages-ca,1,0,0
,"Auto Expert 4 You 24/7","490 Dupont St, Toronto, ON M6G 1Y7, Canada",,14167927511,,3.591,91,,,,,,,,0,0,0,0,0,0,0,0,0,0,,,,,,"Mechanic in Toronto, Ontario",google-places,,0,0
,"Eurotech Import Auto Service","9 Belvia Rd, Etobicoke, ON M8W 3R2",https://eurotechimportauto.ca/,4162553376,info@eurotechimportauto.ca,4.9,101,,,,,,,,0,0,0,0,0,0,0,0,1,0,,,,,,"Auto Repair Garages,Car Repair & Service",yellowpages-ca,1,0,0
,"Ergo Automotive","560 Oster Lane, Concord, ON L4K 2C1",https://ergoautomotive.com/,9054993662,service@ergoautomotive.com,,,,,,,83,29,83,1,1,0,0,0,0,0,1,1,1,https://www.facebook.com/ergoautomotive/,,,,https://www.instagram.com/ergoautomotive/,"Car Repair & Service",yellowpages-ca,1,0,0
,"East Coast Automotive Repair Service Inc","3330 Keele St, North York, ON M3J 1L5",https://eastcoastautomotive.ca/,4166337550,info@eastcoastautomotive.ca,,,,,,,,,,1,0,0,0,0,0,0,1,1,0,,,,,,"Auto Repair Garages",yellowpages-ca,1,0,0
,"Dupont Auto Repair","374 Dupont St, Toronto, ON M5R 1V9, Canada",https://dupontautorepair.ca/,14168390848,info@dupontautorepair.ca,4.422,219,,,,,,,,1,0,0,0,0,0,0,1,1,0,,,,,,"Auto repair shop in Toronto, Ontario",google-places,1,0,0
,"Mobile Mechanic | BUMMER Limitless Auto Solutions",,https://dsfomenko23.wixsite.com/website,14375954369,dsfomenko23@gmail.com,5,10,,,,,,,,1,1,0,0,0,0,0,1,1,0,,,,,http://instagram.com,Mechanic,google,1,1,0
,"DOW Auto Services","1710 Midland Avenue, Toronto, ON M1P 3C7",https://dowautoservices.ca/,4169036873,dowtoronto@gmail.com,,,,,,,,,,1,1,1,0,0,0,0,1,1,1,https://www.facebook.com/dowautoservices,,,,,"Car Repair & Service",yellowpages-ca,1,1,0
,"Don Valley Auto Centre","388 Carlaw Ave, Toronto, ON M4M 2T1, Canada",https://donvalleyautocentre.shop/,14164654191,,4.82,203,,,,,,,,0,0,0,0,0,0,0,1,1,0,,,,,,"Auto repair shop in Toronto, Ontario",google-places,1,0,0
,"Full Service Auto","9-5900 Dixie Rd, Mississauga ON L4W1E9",https://dkautobody.ca/,19056707155,info@dkautobody.ca,,,,,,,,,,1,1,0,0,0,0,0,0,1,0,,,,,,"Auto repair",bing,1,0,0
,"Discount Auto Glass - Toronto","100, 2 Toronto St suite 272, Toronto, ON M5C 2B5, Canada",https://discountautoglass.ca/,16473621961,info@geethamseventdecor.com,4.1,21,,,,,,,,1,1,0,0,0,0,0,1,1,1,,https://twitter.com/auto_canada,,,,"Auto glass shop",google,1,1,0
,"Dhaka Auto Service","1 Musgrave St, Toronto ON M4E 2H3",https://dhakaautoservices.ca/,4168760773,infodhakaauto@gmail.com,,,,,,,,,,1,0,0,0,0,0,0,1,1,1,https://www.facebook.com/dhakaautoservice,https://twitter.com/dhakaauto2020,https://www.linkedin.com/company/dhaka-auto-service/,https://www.youtube.com/@DhakaAutoService,,,bing,1,1,0
,"Porsche Centre Downtown Toronto","259 Lake Shore Blvd E, Toronto ON M5A 0W5",https://dealer.porsche.com/ca/downtowntoronto/en-CA,4166039988,toni.andreevski@porsche.com,4.5,507,,,,,3430,1321,4200,0,0,0,0,0,0,0,0,0,0,,,,,,,bing,1,1,0
,"Cyrus Auto Shop","393 Weston Rd, York, ON M6N 3P7",https://cyrusautoshop.ca/,4373752612,farshid1566@yahoo.com,,,,,,,,,,1,1,0,0,0,0,0,1,1,0,,,,,,"Auto Repair Garages",yellowpages-ca,1,0,0
,"Custom Wheel Alignment &amp; Auto Repair","14B Gail Grove, North York, ON M9M 1M4",https://customwaautorepairs.com/,4167454459,,4.6,7,,,,,,,,0,0,0,0,0,0,0,0,0,0,,,,,,"Auto Repair Garages",yellowpages-ca,1,0,0
,"Conquest Auto Centre Inc","30 Jutland Rd, Etobicoke, ON M8Z 2G9",https://conquestauto.ca/,4162555363,info@conquestauto.ca,4.6,66,,,,,,,,1,0,0,0,0,0,0,1,1,0,,,,,,"Auto Body Repair & Painting Shops,Auto Repair Garages",yellowpages-ca,1,0,0
,"OK Tire Truck Centre","39 Shorncliffe Road, Etobicoke, ON M8Z 5K2",https://commercial.oktire.com/stores/ok-tire-toronto-etobicoke-commercial/,4162361277,kyle@oktire.com,4.3,105,,,,,,,,0,0,0,0,0,0,0,1,1,0,,,,,,"Auto Repair Garages,Car Repair & Service",yellowpages-ca,1,0,0
,"Cherry Tire &amp; Auto Centre Ltd","1810 Wilson Ave, North York, ON M3L 2N6",https://cherrytireandauto.aaro.ca/,4162453600,,3,15,,,,,,,,0,0,0,0,0,0,0,0,0,0,,,,,,"Auto Repair Garages",yellowpages-ca,1,0,0
,"Nelson's Certified Auto Repair","226 Royal York Rd, Etobicoke, ON M8V 2V7",https://certifiedautorepair.ca/,4162318913,,4.8,224,,,,,,,,1,1,0,0,0,0,0,1,1,1,,http://twitter.com/intent/tweet?text=Vote%20for%20Nelson%E2%80%99s%20Certified%20Auto%20Repair%20on%20Toronto%20Star%E2%80%99s%20Readers%E2%80%99%20Choice%20Awards%20https://certifiedautorepair.ca/tostarvoterschoiceaward/,https://www.linkedin.com/in/nelson-ponte-078b691b/,,https://www.instagram.com/nelsonscertifiedautorepair,"Auto Repair Garages",yellowpages-ca,1,0,0
,"Central Import","472 King St E, Toronto, ON M5A 1L7, Canada",http://centralimport.ca,14168649092,info@centralimport.ca,4.8,392,,,,,,,,1,1,1,0,0,0,0,1,1,1,,,,,,"Auto repair shop",google,1,0,0
,"The Cell Phone Dr.","8611 Weston Rd #16, Woodbridge, ON L4L 9P1",https://CELLPHONEDR.CA/,4167388880,info@cellphonedr.ca,,,,,,,72,2,72,1,1,0,0,0,0,0,1,1,1,https://www.facebook.com/TheCellPhoneDr,,,,https://www.instagram.com/the_cell_phone_dr/?hl=en,"Auto Repair Garages,Wireless & Cell Phone Services",yellowpages-ca,1,0,0
,"Car Quarters Inc.","2600 John St, ON, L3R 3W3, Markham, ON L3R 3W3",https://carquarters.com/,9054791496,mike@carquarters.com,,,,,,,157,6,156,0,0,0,0,0,0,0,0,0,0,,,,,,"Auto Body Repair & Painting Shops,Auto Repair Garages",yellowpages-ca,1,0,0
,"Careright Auto","3511 Kennedy Rd, Scarborough, ON M1V 4Y3",https://carerightauto.ca/,4162989939,info@carerightauto.ca,,,,,,,,,,1,1,0,0,0,0,0,1,1,1,,,,,,"Auto Repair Garages",yellowpages-ca,1,0,0
,"Care Auto Repairs","849 Westport Cres, Mississauga, ON L5T 1E7",http://careautorepair.com/,9056968228,info@careautorepair.com,3.6,10,,,,,119,7,119,1,0,0,0,0,0,0,1,1,1,http://www.facebook.com/Careauto,,,,,"Auto Repair Garages",yellowpages-ca,1,0,0
,"Canadian General Auto Centre","431 Danforth Rd, Scarborough, ON M1L 3X8",https://canadiangeneralauto.com/,4166916465,,4.6,55,,,5,6,375,24,392,1,1,1,0,0,0,0,1,1,0,https://www.facebook.com/pages/Canadian-General-Auto/284966961705838,https://twitter.com/cangenauto,,,https://www.instagram.com/canadiangeneralauto/,"New Car Dealers,Car Repair & Service",yellowpages-ca,1,0,0
,"Genuine Import Auto Service Inc.","843 Gerrard St E, Toronto, ON M4M 1Y8, Canada",https://canadacarsm.blogspot.com/,14167786500,,2.7,48,,,,,,,,1,0,0,0,0,0,0,1,1,0,,,,,,"Auto repair shop in Toronto, Ontario",google-places,1,0,0
,"Steve's Budget Auto Glass Inc.","55 Bloor St W, Toronto, ON M4W 1A5, Canada",https://budgetautoglassinc.com/,14167662886,,,,,,,,,,,1,0,0,0,0,0,0,0,1,0,http://facebook.com/budgetautoglassinc,http://twitter.com/baglassinc,,http://www.youtube.com/baglassinc,,"Auto glass shop",google,1,0,0
,"Bristol Car and Truck Rental Toronto","79 Nassau St, Toronto, ON M5T 1M6, Canada",https://bristoltruckrentals.com/locations/downtown-toronto-car-and-truck-rental/,14165939882,gsummaria@bristoltruckrentals.com,4.7,212,,,,,1278,4,1300,1,1,1,1,0,0,0,1,1,1,https://www.facebook.com/BristolCarTruckRentals/,https://twitter.com/bristoltruck,https://www.linkedin.com/company/bristol-car-and-truck-rental/,https://www.youtube.com/watch?v=i6tZxMMUGKQ&feature=youtu.be,https://www.instagram.com/bristolcarandtruckrentals/,"Car rental agency",google,1,0,0
,"Best Deals Auto","60 Brydon Dr, Etobicoke, ON M9W 4N5",https://bestdealsauto.ca/,4167459700,info@bestdealsauto.ca,4.2,454,,,,,2415,16,,1,1,0,0,0,0,0,1,1,1,https://www.facebook.com/bestdealsautoTO/,https://twitter.com/dealsinauto,,,https://www.instagram.com/bestdealsautotoronto/,"Auto Repair Garages",yellowpages-ca,1,1,0
,"Bero Motors","15 Sinclair, Etobicoke, ON M8Z 1M7",https://beromotors.com/,4162010758,beromotors@yahoo.com,4.4,45,,,,,228,13,219,1,0,0,0,0,0,0,1,1,1,https://www.facebook.com/pages/Bero-Motors/124697060939787,,https://www.linkedin.com/company/bero-motors,,http://www.instagram.com,"Car Repair & Service",yellowpages-ca,1,0,0
,"Bright And Fam Automotive","16 Taber, Etobicoke, ON M9W 3A5",https://bbsautorepairs.com/,4167455690,,4.8,64,,,,,,,,0,0,0,0,0,0,0,0,0,0,,,,,,"Auto Repair Garages,Car Repair & Service",yellowpages-ca,1,0,0
,"Bayview Moore Automotive Signature Tire","1232 Bayview Ave, Toronto, ON M4G 3A1, Canada",https://bayviewmooreauto.com/,14164212020,bayviewmoore@gmail.com,4.7,90,,,,,,,,1,1,0,0,0,0,0,1,1,0,,https://twitter.com/,,,,"Car repair and maintenance service",google,1,0,0
,"Axis Auto Glass","151 Dan Leckie Way, Toronto, ON M5V 0J8, Canada",https://axisautoglass.ca/,8882302947,info@axisautoglass.ca,4.9,73,,,,,,,,1,1,1,0,0,0,0,1,1,1,,,,,,"Auto glass shop",google,1,0,0
,"A &amp; W Auto Glass","821 Kipling Ave, Etobicoke, ON M8Z 5G8",https://awauto.ca/,4373701034,,4.3,73,,,,,,,,1,0,0,0,0,0,0,0,0,0,,,,,,"Auto Glass & Windshields,Auto Repair Garages",yellowpages-ca,1,0,0
,"AutoVIN Canada","370 King St W Suite 600, Toronto, ON M5V 1J6, Canada",https://autovinlive.com/,8005562811,contactus@autovin.com,2.5,57,,,,,,,,1,1,1,0,0,0,0,1,1,1,,,,,,"Car inspection station",google,1,0,0
,"NAPA AUTOPRO - Autotex Service Centre Ltd.","909 Lakeshore Road East, Mississauga, ON L5E 1E2",https://autotex.ca/,9059908585,autotex@rogers.com,,,,,,,,,,1,1,0,0,0,0,0,1,1,1,https://www.facebook.com/AutotexServiceCentre/,,,http://www.youtube.com/user/autotex247,,"Car Repair & Service",yellowpages-ca,1,0,0
,"Auto Surgery INC","1355 Gerrard St E, East York, ON M4L 1Y8, Canada",https://autosurgeryinc.ca/,14166969025,autosurgeryinc@gmail.com,4.4,66,,,,,,,,1,1,0,0,0,0,0,1,1,0,,,,,,"Auto repair shop",google,1,0,0
,"Auto Stars Collision & Mechanic","28 Industrial Rd Unit# 2, Richmond Hill, ON L4C 2Y1, Canada",https://autostarscollisionmechanic.ca/,8335720096,,5,297,,,,,,,,1,1,1,0,0,0,0,1,1,1,,,,,,"Auto repair shop",google,1,1,0
,"AUTO REPAIR & COLLISION CENTRE","4544 Dufferin St, North York ON M3H 5X2",https://autorepaircollision.ca/,4162208220,info@autorepaircollision.ca,,,,,,,,,3,1,1,0,0,0,0,0,1,1,1,https://www.facebook.com/autorepaircollision4544,,,,https://www.instagram.com/autorepaircollision/,,bing,1,0,0
,"Autopair Warranty","131 Bloor St W Suite 200, Toronto, ON M5S 1R8, Canada",https://autopair.ca/warranty-plans/,8334288672,info@autopair.ca,,,,,,,368,,393,1,0,1,1,0,0,0,1,1,1,https://www.facebook.com/autopair.warranty,https://twitter.com/intent/tweet?text=Discover+How+To+Find+Best+Used+Car+Loan+with+Low+Interest%3F&url=https%3A%2F%2Fautopair.ca%2Fdiscover-how-to-find-best-used-car-loan-with-low-interest%2F,https://www.linkedin.com/company/autopair-warranty,https://www.youtube.com/channel/UCIZNCu8NJ2F8NRBfkbBOErQ,https://instagram.com/autopair.warranty/,"Insurance agency in Toronto, Ontario",google-places,1,0,0
,"1Click Auto Mobile Services","Mississauga Rd, Mississauga, ON L4T 1A6, Canada",https://automobileservices.ca/,13659989930,,4.9,22,,,,,,,1400,1,0,0,0,0,0,0,1,1,1,https://www.facebook.com/1Clickmobilemechnic,,,,https://www.instagram.com/1clickontario/,"Auto repair shop",google,1,0,0
,"Auto Island Inc","1890 Lawrence Ave E, Scarborough, ON M1R 2Y5",https://autoislandinc.ca/,4169037740,autoisland2023@gmail.com,,,,,,,,,,1,1,0,0,0,0,0,1,1,0,,,,,,"Auto Repair Garages,Used Car Dealers",yellowpages-ca,1,0,0
New,"AutoCare NY","291 Rogers Rd, York, ON M6E 4P8, Canada",https://autocareny.tilda.ws/,14377992607,,,,,,,,,,,1,1,0,0,0,0,0,1,1,0,,,,,,"Car detailing service",google,1,0,0
,"Ashour's Auto Service","2400 Finch Ave W unit 6, North York, ON M9M 2C8, Canada",https://ashours-auto-service.business.site/,16478298848,,3.8,50,,,,,,,,1,0,0,0,0,0,0,1,1,0,,,,,,"Auto repair shop in Toronto, Ontario",google-places,1,0,0
,"Motor Mechanic","15-750 Oakdale Road Toronto, ON M3N 2Z4 Canada",https://ansarauto.ca,9052642299,ansarautomotive@gmail.com,,,5,1,,,,,,1,0,0,0,0,0,0,1,1,1,,,https://linkedin.com,,https://instagram.com,"Autowerkstatt,Ölwechselstationen,Autoreifen",yelp,1,0,0
,"Amin @ Salim's Auto Repair","999 Eastern Ave, Toronto, ON M4L 3Z5, Canada",https://aminatsalims.ca/,14164635464,salimauto@bellnet.ca,4.5,193,,,,,6,,6,1,1,1,0,0,0,0,1,1,0,https://www.facebook.com/557799334085899,,,,,"Auto repair shop",google,1,0,0
,"Alliance Auto","185 Oakdale Rd, North York, ON M3N 1W4",https://alliancerepairs.ca/,4165191666,info@alliancerepairs.ca,4.9,50,,,,,9,3,13,1,1,0,0,0,0,0,1,1,1,https://www.facebook.com/allianceautoshop,https://twitter.com/allianceauto_,,,https://www.instagram.com/allianceauto.to/,"Auto Body Repair & Painting Shops,Home Automation Systems",yellowpages-ca,1,0,0
,"Airview Motors Inc","52 Airview Rd, Etobicoke, ON M9W 6J3",https://airviewmotors.com/,4167419640,,4.5,100,,,,,,,,0,0,0,0,0,0,0,0,0,0,,,,,,"Auto Repair Garages",yellowpages-ca,1,0,0
,"Airport Car Repair Centre","11 Belfield Rd, Etobicoke, ON M9W 1E8",,4162453300,,4.6,164,,,,,,,,1,1,0,0,0,0,0,1,1,1,,,,,,"Auto Repair Garages",yellowpages-ca,,0,0
,"Advanced Auto Repair Inc","285 Old Kingston Rd, Scarborough, ON M1C 1B4, Canada",https://advancedautorepair.ca/,14165541421,advanced21@gmail.com,4.8,145,,,,,74,24,77,1,0,0,0,0,0,0,1,1,1,https://facebook.com/AdvancedAutoRepair21,,,,https://www.instagram.com/advancedautorepair_,"Auto repair shop",google,1,0,0
,"Adam Automotive Centre","4 Elrose Ave, North York, ON M9M 2H6, Canada",https://adam-automotive.com/,14167476568,,4.9,55,,,,,,,,1,0,0,0,0,0,0,1,1,0,,,,,,"Auto repair shop",google,1,0,0
,"Advanced Automotive Car Care","14 Coldwater Rd, North York ON M3B 1Y7",https://acadvancedauto.mechanicnet.com/,4164470001,support@mechanicnet.com,,,,,,,132,6,132,1,1,0,0,0,0,0,1,1,0,https://www.facebook.com/pages/category/Tire-Dealer---Repair-Shop/Advanced-TIRECRAFT-Toronto-542727705862315/,,,,,,bing,1,0,0
,"Downtown Toronto Locksmith Service","480 University Ave #111, Toronto, ON M5G 1V2, Canada",http://ysmlocksmithcenter.com,16476992195,info@ysmlocksmithcenter.com,5,7,,,,,,,,1,0,0,0,0,0,0,1,1,1,,,,,,Locksmith,google,1,0,0
,"Year-Round Auto Repair Ltd","B-190 Doughton Rd, Concord, ON L4K 1R4",http://year-roundauto.aaro.ca/,9057384610,,,,,,,,,,,1,0,0,0,0,0,0,0,0,0,,,,,,"Auto Repair Garages",yellowpages-ca,1,0,0
,"Yak Towing & Roadside Assistance","1235 Bay St. Unit 7, Toronto, ON M5R 3K4, Canada",http://yaktowing.com,16477417947,yaktowing@gmail.com,4.9,142,,,,,652,,652,1,0,0,0,0,0,0,1,1,0,https://www.facebook.com/yaktowing,,,,,"Towing service",google,1,1,0
,"Expert Auto Mechanix","727 Kipling Ave, Etobicoke, ON M8Z 5G4",http://xpertmechanix.com/,4162018600,mechanix@bellnet.ca,4.3,64,,,,,,,,1,1,0,0,0,0,0,0,1,0,,,,,,"Auto Repair Garages,Car Repair & Service",yellowpages-ca,1,0,0
,"Zeb Automotive Centre","1820 Keele St, York, ON M6M 3X1",http://www.zebautomotive.aaro.ca/,4166570841,hdfatboy65@hotmail.com,4.4,59,,,,,15,,,1,0,0,0,0,0,0,0,0,0,,,,,,"Auto Repair Garages",yellowpages-ca,1,0,0
,"York Regional Collison","130 Citation Dr, Concord, ON L4K 2W9",http://www.yrcc.ca/,9057384422,yrccinfo@gmail.com,,,,,,,162,2,162,1,0,0,0,0,0,0,1,1,1,https://www.facebook.com/YRCCFBPage,,,https://www.youtube.com/user/renatenaghavi/playlists,,"Auto Repair Garages",yellowpages-ca,1,0,0
,"XTREME TIRE GARAGE INC.","1044 Rangeview Road, Mississauga, ON L5E 1H3",http://www.xtremetiregarage.com/,2897247778,info@xtremetiregarage.com,4.7,305,,,,,,,,1,1,1,0,0,0,0,1,1,1,,https://twitter.com/XtremeTire,https://www.linkedin.com/company/xtreme-tire-garage/,,https://www.instagram.com/xtremetiregarage/,"Auto Repair Garages,Tire Dealer Equipment & Supplies",yellowpages-ca,1,0,0
,"Wilson Service Centre","453 Wilson Avenue, North York, ON M3H 1T9",http://www.wilsonservicecentre.com/,4167818355,wilsonservicecentre@yahoo.ca,,,,,,,53,15,53,1,1,0,0,0,0,0,1,1,0,https://www.facebook.com/Wilson-Service-Centre-263395410402686/,,,,https://www.instagram.com/wilsonservicecentre/?hl=en,"Auto Repair Garages",yellowpages-ca,1,0,0
,"Westminister Motor","A 4361 Chesswood Dr, North York, ON M3J 2C2",http://www.westminstermotors.ca/,6473459338,info@westminstermotors.ca,4.9,223,,,,,715,320,715,1,1,1,0,0,0,0,1,1,0,https://www.facebook.com/wmotorcorp/,https://twitter.com/wmotorcorp,https://www.linkedin.com/company/westminster-motors,,https://www.instagram.com/wmotorcorp/,"Car Repair & Service,New Car Dealers",yellowpages-ca,1,0,0
,"Western Collision Ltd","500 Garyray Dr, North York, ON M9L 1P8",http://www.westerncollisionltd.com/,4167495200,carol@westerncollisionltd.com,4.9,36,,,,,,,,1,0,0,0,0,0,0,1,1,1,,,,,,"Auto Body Repair & Painting Shops,Auto Repair Garages",yellowpages-ca,1,0,0
,"West End Auto Body Inc","87 Shorncliffe Rd, Etobicoke, ON M8Z 5K3",http://www.westendautobody.ca/,4162316710,,4.8,87,,,,,,,,0,0,0,0,0,0,0,0,0,0,,,,,,"Auto Repair Garages",yellowpages-ca,1,0,0
,"Walmart Supercentre","101 Edgeley Blvd, Vaughan, ON L4K 4Z4",http://www.walmart.ca/,9057617584,help@customercare.walmart.com,,,,,,,344962,65380,13,1,1,0,1,0,0,0,1,1,0,https://www.facebook.com/walmartcanada/,,,,,"Car Repair & Service",yellowpages-ca,1,0,0
,"Volvo of Toronto","43 Eastern Ave, Toronto, ON M5A 1H1, Canada",http://www.volvooftoronto.com/,14168681880,sales@volvooftoronto.com,4.4,384,,,4.1,36,2217,579,2254,1,1,1,1,0,0,0,0,1,0,https://www.facebook.com/volvooftoronto/,https://twitter.com/VolvoToronto,https://www.linkedin.com/company/volvooftoronto,,https://www.instagram.com/volvooftoronto/,"Volvo dealer in Toronto, Ontario",google-places,1,0,0
,"VIP Mobile Emission Test Inc","380 Dixon Road, Etobicoke, ON M9R 1T3",http://www.vipemission.com/,4169943696,contact@sansoxygen.com,,,,,,,,,,1,0,0,0,0,0,0,1,1,0,,,,,,"Auto Repair Garages,Expertise & Technical Analysis",yellowpages-ca,1,0,0
,"Vertex Auto Service","336 Birchmount Rd, Scarborough, ON M1N 3K2, Canada",http://www.vertexauto.ca/,14166907196,info@vertexauto.ca,4.7,96,,,,,,,,1,1,0,0,0,0,0,1,1,1,,,,,,"Auto repair shop",google,1,0,0
,"BNT Auto Parts","230 Toryork Dr, North York, ON M9L 1Y1",http://www.utoyota.com/,4168508504,domainnameadmin@toyota.com,4.8,58,,,,,,,,0,0,0,0,0,0,0,0,0,0,,,,,,"Car Repair & Service",yellowpages-ca,1,0,0
,"Universal Auto Service","105 Ormont Dr, North York, ON M9L 2S3",http://www.universalauto.aaro.ca/,4167417549,,,,,,,,,,,1,0,0,0,0,0,0,0,0,0,,,,,,"Auto Repair Garages",yellowpages-ca,1,0,0
,"T&T Auto","1625 Trinity Dr, Mississauga, ON L5T 1W9",http://WWW.tt-auto.ca/,2895620009,,,,,,,,,,,0,0,0,0,0,0,0,0,0,0,,,,,,"Car Repair & Service",yellowpages-ca,1,0,0
,"TSH Auto","195 Oakdale Rd, North York, ON M3N 1W4",http://www.tshauto.com/,4165330909,tshauto@gmail.com,4.8,206,,,,,319,68,319,1,1,0,1,0,0,0,0,1,0,https://www.facebook.com/TSH-Auto-1516425068573638/,https://twitter.com/tsh_auto,,,https://www.instagram.com/tshauto/,"Auto Repair Garages",yellowpages-ca,1,0,0
,"Trintech Auto Service","367 Olivewood Rd, Etobicoke, ON M8Z 2Z8",http://www.trintech.ca/,4162310699,,,,,,,,,,,0,0,0,0,0,0,0,0,0,0,,,,,,"Car Repair & Service",yellowpages-ca,1,0,0
,"Mac's Car &amp; Truck","27 Jutland Rd, Etobicoke, ON M8Z 2G6",http://www.transmissiondepot.ca/,4162531787,trevor@transmissiondepot.ca,4.1,39,,,,,21,2,23,1,1,0,0,0,0,0,1,1,1,https://www.facebook.com/pages/category/Automotive-Repair-Shop/Transmission-Depot-1569492743301430/,,,,,"Auto Repair Garages",yellowpages-ca,1,0,0
,"The Truck Exhaust Place","1365 Bonhill Road, Mississauga ON L5T 1M1",http://www.totalexhaust.com/,9056700100,customerservice@totalexhaust.com,4.4,104,,,,,240,,258,1,0,0,0,0,0,0,1,1,1,,,,,,"Auto repair in Mississauga, ON",bing,1,0,0
,"Torque Masters Converters Inc","175 Toryork Dr, North York, ON M9L 2Y7",http://www.torquemastersconvertersinc.com/,4167483339,,,,,,,,,,,0,0,0,0,0,0,0,0,0,0,,,,,,"Auto Repair Garages",yellowpages-ca,1,0,0
,"Toronto Hyundai","2460 Dufferin Street, Toronto, ON M6E 3T3",http://www.torontohyundai.com,4167879789,social@torontohyundai.com,4.3,1396,2.3,26,,,3688,657,3700,1,1,1,1,0,0,0,1,1,1,https://www.facebook.com/TOhyundai/,,https://www.linkedin.com/company/toronto-hyundai,https://www.youtube.com/user/torhyu,https://www.instagram.com/torontohyundai/,"Car Dealers,Auto Parts &amp; Supplies,Auto Repair",yelp,1,0,0
,"Toronto Chauffeur Car Service",,http://www.torontochauffeurcarservice.ca/,14169003735,info@torontochauffeurcarservice.ca,5,2,,,,,,,,1,0,0,0,0,0,0,1,1,1,,,https://www.linkedin.com/company/themegrill-pvt.-ltd.,,,"Chauffeur service",google,1,0,0
,"Toronto Car Service",,http://www.torontocarservice.org/,8555522773,info@torontocarservice.ca,5,97,,,,,,,,1,1,0,0,0,0,0,1,1,1,,,,,,"Chauffeur service",google,1,1,0
,"Titan Truck Repairs","5890 Shawson Dr, Mississauga, ON L4W 3W5",http://www.titantruckrepairs.ca/,9057959938,info@titantruck.ca,,,,,,,,,,1,1,0,0,0,0,0,1,1,1,,,,,,"Auto Repair Garages,Truck Repair & Service",yellowpages-ca,1,0,0
,"CARSTAR Danforth (Tip Top)","3323 Danforth Avenue, Scarborough, ON M1L 1C5",http://www.tiptopautocollision.com/,4166996976,,,,,,,,,,,0,0,0,0,0,0,0,0,0,0,,,,,,"Auto Body Repair & Painting Shops,Auto Body Shop Equipment & Supplies",yellowpages-ca,1,0,0
,"Thunder Road Auto Centre","2305 Markham Rd, Scarborough, ON M1B 2W3",http://www.thunderroad.ca/,4162935123,dave@ambutrans.on.ca,,,,,,,,,,0,0,0,0,0,0,0,0,0,0,,,,,,"Car Repair & Service,Spirit & Liquor Stores",yellowpages-ca,1,0,0
,"Cam's Auto Service","475 King Street E Toronto, ON M5A 1L6",http://www.thruwaymuffler.com,4168619511,,,,4,107,,,,,,0,0,0,0,0,0,0,0,0,0,,,,,,"Autowerkstatt,Autoreifen",yelp,1,0,0
,"The Brake Shop","366 Munster Ave, Etobicoke, ON M8Z 3C7",http://www.thebrakeshop.com/,4162315955,enquiry@thebrakeshop.com.sg,4.6,46,,,,,,,,0,0,0,0,0,0,0,1,1,0,,,,,,"Auto Repair Garages,Car Brake Service",yellowpages-ca,1,0,0
,"Tex-Sel Vehicle Maintenance","805 Middlefield Rd, Scarborough, ON M1V 4Z6",http://www.texsel.com/,4162938622,,,,,,,,,,,1,1,0,0,0,0,0,1,0,0,,,https://www.linkedin.com/company/texsel-international,,,"Auto Repair Garages",yellowpages-ca,1,0,0
,"Tess Auto","362 Olivewood Rd, Etobicoke, ON M8Z 2Z7",http://www.tessauto.com/,6473508377,,4.7,39,,,,,,,,0,0,0,0,0,0,0,0,0,0,,,,,,"Car Repair & Service",yellowpages-ca,1,0,0
,"Team Auto Works","2350 Haines Rd, Mississauga, ON L4Y 1Y6",http://www.teamautoworks.com/,9052764000,teamautoworks@hotmail.com,,,,,,,,,,1,1,0,0,0,0,0,0,1,0,,,,,,"Auto Repair Garages,Car Repair & Service",yellowpages-ca,1,0,0
,"Tayara Auto Repair","225 New Toronto St, Etobicoke, ON M8V 2G3, Canada",http://tayara-auto.aaro.ca,16474305764,tayara.auto@gmail.com,4.9,93,,,,,,,,1,0,0,0,0,0,0,0,0,0,,,,,,"Auto repair shop",google,1,0,0
,"Goodyear Cert Auto Service","2337 Keele St, North York, ON M6M 4A2",http://www.tandbautoservice.com/,4162409755,info@goodyeartandb.com,5,2,,,,,,,,1,1,1,0,0,0,0,1,1,0,,https://twitter.com/TBAutoService,,,,"Car Repair & Service,Tire Dealer Equipment & Supplies",yellowpages-ca,1,0,0
,"Swift Auto","2 Castleton Ave, York, ON M6N 3Z5",http://www.swiftauto.org/,4167694274,sales@swiftauto.net,4,25,,,,,587,127,588,1,0,0,0,0,0,0,0,1,0,,,,,,"Auto Repair Garages",yellowpages-ca,1,0,0
,"Supreme Lube","240 Dixon Rd, Etobicoke, ON M9P 2M2",http://www.supremelube.com/,4162415588,,4.5,309,,,,,,,,0,0,0,0,0,0,0,0,0,0,,,,,,"Oil Changes & Lubrication Service,Auto Repair Garages",yellowpages-ca,1,0,0
,"Superior Tire & Auto","777 Dundas St W, Mississauga, ON L5C 4P6",http://www.superiortire.ca/,9059498473,frank@superiortire.ca,4.3,261,,,,,938,2,950,1,1,1,0,0,0,0,1,1,1,,,,,https://www.instagram.com/superiortireandautocanada/,"Auto Repair Garages,Car Repair & Service",yellowpages-ca,1,0,0
,"Dufferin Orfus Car Wash","16 Orfus Rd, North York, ON M6A 1L6",http://www.superiorrustproof.com/,4167891612,,5,14,,,,,,,,0,0,0,0,0,0,0,0,0,0,,,,,,"Car Washes",yellowpages-ca,1,0,0
,"Superior Balancing & Pump Sales & Service","25 Haas Rd, Etobicoke, ON M9W 3A1",http://www.superiorbalancing.ca/,4167477270,,5,5,,,,,,,,1,0,0,0,0,0,0,0,0,0,,,,,,"Auto Repair Garages",yellowpages-ca,1,0,0
,"Superior Auto Collision","226 Norseman St, Etobicoke, ON M8Z 2R4",http://www.superiorautocentre.com/,4162361175,info@superiorautocentre.com,,,,,,,,,,1,0,0,0,0,0,0,1,1,1,,,,,,"Auto Body Repair & Painting Shops,Auto Repair Garages",yellowpages-ca,1,0,0
,"Superior Automotive","32 Jutland Rd, Etobicoke, ON M8Z 2G9",http://www.superior-automotive.ca/,4162555405,,4.9,145,,,,,,,,0,0,0,0,0,0,0,0,0,0,,,,,,"Auto Repair Garages",yellowpages-ca,1,0,0
,"Super Auto Repair Used Parts &amp; Tires","54 Penn Dr, North York, ON M9L 2A9",http://www.superautorepair.ca/,4164571866,,4.3,3,,,,,,,,0,0,0,0,0,0,0,0,0,0,,,,,,"Auto Repair Garages,Used Tire Dealers",yellowpages-ca,1,0,0
,"Sunshine Auto Repair","100 Melford Dr, Scarborough, ON M1B 2G4",http://www.sunshinecarrepair.com/,4169157451,,,,,,,,,,,1,0,1,0,0,0,0,1,1,1,https://www.facebook.com/SunshineCarRepair,,,,,"Auto Repair Garages",yellowpages-ca,1,0,0
,"Sunny's Auto Clinic","2404 Danforth Ave, Toronto, ON M4C 1K7, Canada",http://www.sunnysautoclinic.com/,14164233838,info@sunnysautoclinic.com,4.9,126,,,,,,,,1,0,0,0,0,0,0,1,0,1,,https://twitter.com/sunnysauto,,,,"Oil change service",google,1,1,0
,"Sumin Auto Ltd","2400 Finch Ave W, North York, ON M9M 2C8",http://www.suminauto.ca/,4167407519,service@suminauto.ca,4.7,80,,,,,278,39,278,1,0,0,0,0,0,0,0,1,1,https://www.facebook.com/AutoRepairServiceToronto/,,,,,"Auto Repair Garages,Car Repair & Service",yellowpages-ca,1,0,0
,"Stinson Automotive Inc","2121 Dundas St E, Mississauga, ON L4X 1M3",http://www.stinsonauto.aaro.ca/,9056250740,,,,,,,,,,,1,0,0,0,0,0,0,0,0,0,,,,,,"Auto Repair Garages",yellowpages-ca,1,0,0
,"Steeles Auto Garage Ltd","2901 Steeles Ave W, North York, ON M3J 3A5",http://www.steelesauto.com/,4166614797,sales@steelesauto.com,,,,,,,101,181,101,1,1,0,0,0,0,0,1,1,0,https://www.facebook.com/steelesauto,,,https://www.youtube.com/@steelesauto,https://www.instagram.com/steelesauto,"Auto Repair Garages",yellowpages-ca,1,0,0
,"Ss Motorsports Inc","4580 Eastgate Pky, Mississauga, ON L4W 4K4",http://www.ssmotorsports.ca/,9052060067,ssmotorsports.inc@hotmail.com,,,,,,,181,,185,1,1,0,0,0,0,0,1,1,0,https://www.facebook.com/ssmotorsportsinc,,,,https://www.instagram.com/ssmotorsportsinc/,"Car Repair & Service",yellowpages-ca,1,0,0
,"H T Tire Service Ltd","7040 Torbram Rd, Mississauga, ON L4T 3Z4",http://www.speedwaytire.ca/,9056728473,,,,,,,,,,,0,0,0,0,0,0,0,0,0,0,,,,,,"Auto Repair Garages",yellowpages-ca,1,0,0
,"Spadina Auto","111 Strachan Ave, Toronto, ON M6J 2S7, Canada",http://www.spadinaauto.com/,14169254251,,4.71,1048,,,,,,,,0,0,0,0,0,0,0,0,0,0,,,,,,"Auto repair shop in Toronto, Ontario",google-places,1,0,0
,"Somerville National Leasing and Rentals","75 Arrow Rd, North York, ON M9M 2L4",http://www.somervilleauto.com/,4167477576,info@somervilleauto.com,4,58,,,,,449,35,449,1,1,1,1,0,0,0,1,1,0,https://www.facebook.com/SomervilleAutoHino,,https://www.linkedin.com/company/somerville-national-leasing/,,https://www.instagram.com/somerville.auto/,"Car Repair & Service",yellowpages-ca,1,0,0
,"Smart Tech Auto Service","1220 Aerowood Dr, Mississauga, ON L4W 1B7",http://www.smart-tech.aaro.ca/,9056248607,smarttechauto@hotmail.com,,,,,,,,,,1,0,0,0,0,0,0,0,0,0,,,,,,"Auto Repair Garages,Car Repair & Service",yellowpages-ca,1,0,0
,"SKS Auto Service Centre","2492 St Clair Ave W, Toronto, ON M6N 1L5",http://www.sksautoservicecentre.ca/,4167693950,goodyearsks@outlook.com,4.3,41,,,,,,,,1,1,0,0,0,0,0,1,1,0,https://www.facebook.com/SKS-Auto-Service-Centre-206618359807831/,,,,,"Tire Dealer Equipment & Supplies,Tire Retailers",yellowpages-ca,1,0,0
,"SJC Auto Services LTD.","1709 Dundas St W, Toronto, ON M6K 1V4, Canada",http://www.sjcauto.ca/,,,4.2,46,,,,,332981,240,332000,1,1,0,1,0,0,0,1,1,0,https://www.facebook.com/cloudflare,,https://www.linkedin.com/company/cloudflare,https://www.youtube.com/cloudflare,https://instagram.com/cloudflare,"Auto repair shop",google,1,0,0
,"Sher Auto Service","3-879 Westport Cres, Mississauga, ON L5T 1E7",http://www.sherautoservice.com/,9056702785,,,,,,,,,,,0,0,0,0,0,0,0,0,0,0,,,,,,"Auto Repair Garages",yellowpages-ca,1,0,0
,"Service Plus Car Care Centre","302 Horner Ave, Etobicoke, ON M8W 1Z3",http://www.serviceplus416.com/,4162552221,hosting@techwyse.com,,,,,,,,,,0,0,0,0,0,0,0,0,0,0,,,,,,"Auto Repair Garages",yellowpages-ca,1,0,0
,"Satkar Auto Service And Sales","66 Milvan Dr, North York, ON M9L 1Z5",http://www.satkarauto.com/,4167471996,,4.5,84,,,,,,,,0,0,0,0,0,0,0,0,0,0,,,,,,"Car Repair & Service",yellowpages-ca,1,0,0
,"Sals Auto Service","526 South Service Rd, Mississauga, ON L5G 2S6",http://www.salsautoservice.ca/,9052742205,,4.8,474,,,,,,,,0,0,0,0,0,0,0,0,0,0,,,,,,"Auto Repair Garages",yellowpages-ca,1,0,0
,"Sak Auto","11 Goodmark Pl, Etobicoke, ON M9W 6R9",http://www.sakautocollision.com/,4166791725,,4.6,14,,,,,,,,0,0,0,0,0,0,0,0,0,0,,,,,,"Car Repair & Service",yellowpages-ca,1,1,0
,"Check Center","2305 Markham Rd, Scarborough, ON M1B 2W3",http://www.rustcheck.com/,4167542128,info@rustcheck.com,,,,,,,8232,3,8200,1,0,0,0,0,0,0,1,1,1,https://www.facebook.com/DominionsuresealHQ/,,,https://www.youtube.com/channel/UCJkKpkRPVLgxI4bvoZJ72-Q/videos?view=0&sort=da,https://www.instagram.com/p/CnxbX33J6eG/,"Auto Repair Garages,Rust Proofing",yellowpages-ca,1,0,0
,"RPM Services","1441 Woodbine Ave, East York, ON M4C 4G8, Canada",http://www.rpmservices.aaro.ca/,14164216322,,4.9,112,,,,,,,,1,0,0,0,0,0,0,0,0,0,,,,,,"Auto repair shop",google,1,0,0
,"RPM Power Motor","4610 Dufferin St, North York, ON M3H 5S4",http://www.rpmpowermotors.com/,4166619036,info@rpmpowermotors.com,,,,,,,,,,1,0,0,0,0,0,0,0,1,0,,,,,,"Auto Repair Garages,Car Repair & Service",yellowpages-ca,1,0,0
,"Roy Foss Cadillac","2 Auto Park Circle, Woodbridge, ON L4L 8R1",http://www.royfosswoodbridge.com/,9057097833,,4.4,199,1,4,,,,,,0,0,0,0,0,0,0,0,1,0,,,,,,"Car Dealers",yelp,1,0,0
,"Royal Auto","242 Birmingham St, Etobicoke, ON M8V 2C9",http://www.royalautoservice.ca/,4162552948,,4.8,49,,,,,,,,0,0,0,0,0,0,0,0,0,0,,,,,,"Auto Repair Garages",yellowpages-ca,1,0,0
,"Rocks Automotive Restoration","2543 Gerrard St E, Scarborough, ON M1N 1W9, Canada",http://www.rocksauto.ca/,14166868700,info@rocksauto.ca,4.4,18,,,,,,,,0,0,0,0,0,0,0,0,0,0,,,,,,"Auto repair shop",google,1,0,0
,"Robinson Automotive","6219 Shawson Dr, Mississauga, ON L5T 1E5",http://www.robinsonautomotive.com/,9056708535,info@robinsonautomotive.com,,,,,,,2042,161,2000,1,1,0,0,0,0,0,1,1,1,https://www.facebook.com/RobinsonAutomotive,,,https://www.youtube.com/user/RobinsonAutomotive,https://www.instagram.com/robinsonautomotive,"Auto Repair Garages",yellowpages-ca,1,0,0
,"RMP Motors","2-12 Goodmark Plaza, Etobicoke, ON M9W 6R1",http://www.rmpmotors.com/,4166790302,info@rmpmotors.com,,,,,,,4898,315,4800,1,0,0,0,0,0,0,1,1,1,https://www.facebook.com/rmpmotors,,,https://www.youtube.com/channel/UCdRMuH1q00R-glE2WY20HnA,https://www.instagram.com/rmpmotors/,"Auto Repair Garages",yellowpages-ca,1,0,0
,"RJ's Auto Tech","1201 Victoria Park Avenue, Toronto, ON M4B 2K5, Canada",http://www.rjsautotech.com,4168500723,rjsautotech@gmail.com,,,4,4,,,,,,1,1,0,0,0,0,0,1,1,0,https://www.facebook.com/rjsautotech,,,,https://www.instagram.com/rjsautotech/,Autowerkstatt,yelp,1,1,0
,"Rivalda Auto And Truck Repair","16 Rivalda Rd, North York, ON M9M 2M3",http://www.rivaldatruckauto.com/,4167497908,,4.7,39,,,,,,,,0,0,0,0,0,0,0,0,0,0,,,,,,"Auto Repair Garages",yellowpages-ca,1,0,0
,"Rexdale Auto Collision","71 Brydon Dr, Etobicoke, ON M9W 4N3",http://www.rexdalecollision.ca/,4167450064,,,,,,,,,,,0,0,0,0,0,0,0,0,0,0,,,,,,"Auto Repair Garages",yellowpages-ca,1,0,0
,"Rexdale Auto Centre","183 Rexdale Blvd, Etobicoke, ON M9W 1P7",http://www.rexdaleautocentre.com/,4167400266,info@rexdaleautocentre.com,,,,,,,320,2,320,1,1,0,0,0,0,0,1,1,1,https://www.facebook.com/rexdaleauto/,,https://www.linkedin.com/in/tanveer-shad-a31b9010b/,https://www.youtube.com/@rexdaleauto4408,https://www.instagram.com/rexdaleauto/,"Auto Repair Garages,Car Repair & Service",yellowpages-ca,1,0,0
,"Ressorts Rive-Sud Ltee","1150 Eglinton Ave E, Mississauga, QC",http://www.ressort.ca/,4506414606,info@ressort.ca,,,,,,,90,9,90,1,1,1,0,0,0,0,1,1,1,https://www.facebook.com/RessortsRiveSud,,,,,"Auto Repair Garages",yellowpages-ca,1,0,0
,"Repair and Run - Bloor St. West","480 Bloor St W, Toronto, ON M5S 1X8, Canada",http://www.repairandrun.ca/,14165166866,info@repairandrun.ca,4.7,591,,,,,549,,636,1,1,1,0,0,0,0,0,1,0,https://connect.facebook.net/en_US/fbevents.js,,https://linkedin.com/company/repairandruninc/,,https://www.instagram.com/repairandruncanada/,"Bicycle Shop",google,1,0,0
,"Fast Track Auto","21 Elrose Ave, North York, ON M9M 2H5",http://www.reddenscamp.com/,4167413737,,4.9,50,,,,,,,,1,1,0,0,0,0,0,0,1,0,http://www.facebook.com/2008/fbml,,,,https://www.instagram.com/reddenscamp,"Auto Repair Garages",yellowpages-ca,1,0,0
,"Queen Compact Cars","2233 Queen St E, Toronto, ON M4E 1G1",http://www.queencompactcars.com/,4166981355,queencompact@rogers.com,,,,,,,657,174,657,1,1,0,0,0,0,0,1,1,1,https://www.facebook.com/queencompactcars,https://twitter.com/queencompactcar,,,https://www.instagram.com/queencompactcars/,"Auto Repair Garages,Used Car Dealers",yellowpages-ca,1,1,0
,"Quality Auto Repairs Inc","130 Lepage Crt, North York, ON M3J 3J1",http://www.qualityauto.ca/,4163639335,,,,,,,,,,,1,0,0,0,0,0,0,1,1,0,,,,,,"Car Repair & Service",yellowpages-ca,1,0,0
,"Quality Automotive Services","1137 Lawrence Ave W, North York, ON M6A 1E1, Canada",http://www.qualityauto.aaro.ca/,14167840205,,4.6,101,,,,,,,,1,0,0,0,0,0,0,0,0,0,,,,,,"Auto repair shop",google,1,0,0
,"Point Zero Auto","2450 Finch Ave W, North York, ON M9M 2E9",http://www.pza.ca/,4167464040,info@masermedia.com,,,,,,,,,,0,0,0,0,0,0,0,0,1,0,,,,,,"Auto Repair Garages,Car Repair & Service",yellowpages-ca,1,0,0
,"Pro Tune Lube & Tire Inc","125 Thirtieth St, Etobicoke, ON M8W 3C3",http://www.protunetires.ca/,4166268863,,4.7,53,,,,,,,,0,0,0,0,0,0,0,0,0,0,,,,,,"Auto Repair Garages",yellowpages-ca,1,0,0
,"Probody shop","2355 Derry Rd E, Mississauga, ON L5S 1V6",http://www.propersonnel.ca/,9056762772,,,,,,,,,,,0,0,0,0,0,0,0,0,0,0,,,,,,"Auto Repair Garages,Employment Agencies",yellowpages-ca,1,0,0
,"Promoters Auto Center","773 Warden, Scarborough, ON M1L 4C2",http://www.promotersauto.com/,4162850989,,,,,,,,,,,0,0,0,0,0,0,0,0,0,0,,,,,,"Auto Repair Garages",yellowpages-ca,1,0,0
,"Proline Auto Glass Ltd","1455 Britannia Rd E, Mississauga, ON L4W 1C7",http://www.prolineautoglass.ca/,9056709999,,,,,,,,,,,0,0,0,0,0,0,0,0,0,0,,,,,,"Auto Repair Garages,Auto Glass & Windshields",yellowpages-ca,1,0,0
,"Prochilo Brothers Auto Collision","141 Toryork Dr, North York, ON M9L 1X9",http://www.prochilobrothers.com/,4167496721,info@prochilobrothers.com,4.3,110,,,,,1001,17,,1,0,0,0,0,0,0,1,1,1,,https://twitter.com/intent/tweet?text=Hey%2C+check+out+this+cool+referral+incentive+offer+I+found%3A+http%3A%2F%2Fwww.prochilobrothers.com%2Freferral-program%2F+https://www.prochilobrothers.com/referral-program,https://www.linkedin.com/shareArticle?url=https%3A%2F%2Fwww.prochilobrothers.com%2Freferral-program,,https://www.instagram.com/prochilobrothers/,"Auto Repair Garages,Auto Body Repair & Painting Shops",yellowpages-ca,1,0,0
,"Presto Auto Glass","198 Toryork Dr, North York, ON M9L 1X6",http://www.prestoautoglass.ca/,4167460088,,4.4,8,,,,,,,,0,0,0,0,0,0,0,0,0,0,,,,,,"Auto Glass & Windshields",yellowpages-ca,1,0,0
,"Premium Auto Repairs","21 Millwick Dr, North York, ON M9L 1Y4",http://www.premiumautorepairs.com/,4167476800,accounts@premiumautorepairs.com,4.4,92,,,,,,,,1,1,0,0,0,0,0,1,1,0,,,,,,"Auto Repair Garages,Car Repair & Service",yellowpages-ca,1,0,0
,"Thornhill Precision Automotive & Autobody Inc","60 Green Lane, Thornhill, ON L3T 7P5",http://www.precisionautocare.ca/,9058811375,service@precisionautocare.ca,4.8,143,,,,,57,58,57,1,1,0,0,0,0,0,1,1,0,https://www.facebook.com/ThornhillPrecisionAuto/,,,,https://www.instagram.com/precision_auto_simon/,"Auto Repair Garages,Car Repair & Service",yellowpages-ca,1,0,0
,"Pitlane Auto Corp","57 Toro Road, North York, ON M3J 2A4",http://www.pitlaneauto.com,18557484544,,4.9,225,5,7,,,,,,0,0,0,0,0,0,0,1,1,0,,,,,,"Body Shops,Auto Repair,Auto Glass Services",yelp,1,1,0
,"Pinarello Motori","320 Hanlan Rd, Woodbridge, ON L4L 3T4",http://www.pinarellomotori.com/,9052640897,eben@eyebytes.com,,,,,,,,,,1,0,0,0,0,0,0,1,1,0,,,,,https://www.instagram.com/pinarellomotori/,"Auto Repair Garages",yellowpages-ca,1,0,0
,"N 2 Tire & Auto","1-51 Esna Park Dr, Markham, ON L3R 1C9",http://www.pileggiautomotive.com/,9059404922,,,,,,,,,,,1,0,0,0,0,0,0,1,1,0,,,,,https://www.instagram.com/n2tireandauto/,"Auto Repair Garages",yellowpages-ca,1,0,0
,"Phoenix Custom Autobody Inc.","79 Eastern Ave, Brampton ON L6W 1X9",http://www.phoenixautobody.ca/,9054572552,connect@phoenixautobody.ca,4.9,177,,,,,273,10,261,1,1,0,0,0,0,0,0,0,0,https://www.facebook.com/phoenixautoinc,https://twitter.com/phoenixautoinc,https://www.linkedin.com/company/phoenix-custom-autobody-inc.,,https://www.instagram.com/phoenixautoinc,,bing,1,0,0
,"Daniel Auto Repair","3680 Hurontario St, Mississauga, ON L5B 1P3",http://www.petro-canada.ca/,9053661400,nick.budnyak@colliers.com,,,,,,,,,,0,0,0,0,0,0,0,0,1,0,,,,,,"Auto Repair Garages,Gas Stations",yellowpages-ca,1,0,0
,"Peter Park Auto","4801 Keele St, North York, ON M3J 3A4",http://www.peterspark.org/,4166451004,friendsofpeterspark@gmail.com,,,,,,,,,,1,1,0,0,0,0,0,0,1,0,,,,,,"Car Repair & Service",yellowpages-ca,1,0,0
,"Perfect Canada - Detailing. Towing. Repairs.","151 Nantucket Blvd, Scarborough, ON M1P 4R5, Canada",http://www.perfectcanada.ca/,14167523737,perfectcanadaauto@gmail.com,4.9,143,,,,,132,85,135,1,0,0,0,0,0,0,1,1,0,,,,,,"Auto repair shop",google,1,1,0
,"Pavao Automotive &amp; Outlaw Connection Racing","2350 Haines Rd, Mississauga, ON L4Y 1Y6",http://www.pavaoautomotive.aaro.ca/,9052774974,hyosinc@hyos.com,4.9,93,,,,,15,,,1,0,0,0,0,0,0,0,0,0,,,,,,"Auto Repair Garages",yellowpages-ca,1,0,0
,"Pars Motor Collision Center","142 Oakdale Rd, North York, ON M3N 1V9",http://www.parsmoto.ca/,4166303330,info@parsmoto.ca,4.8,168,,,,,7809,179,7800,0,0,0,0,0,0,0,0,0,0,,,,,,"Car Repair & Service",yellowpages-ca,1,0,0
,"PAE CARS","471 Garyray Dr, North York, ON M9L 1P9, Canada",http://paecars.ca/,14168508185,service@paecars.ca,4.3,50,,,,,263,60,268,1,1,0,0,0,0,0,1,1,1,https://www.facebook.com/paecarss,,https://www.linkedin.com/company/pae-cars/,,https://www.instagram.com/paecars/,"Auto repair shop",google,1,1,0
,"On Track Motorsports","101 Toro Rd, North York, ON M3J 2Z1",http://www.ontrackmotorsports.ca/,6477762008,service@ontrackmotorsports.ca,,,,,,,,,,0,0,0,0,0,0,0,0,1,0,,,,,,"Auto Repair Garages",yellowpages-ca,1,0,0
,"OK Tire","61 Shorncliffe Road, Etobicoke, ON M8Z 5K2",http://www.oktire.com/stores/ok-tire-toronto-etobicoke-retail,4162361277,info@oktire.com,,,,,,,13051,1084,12000,0,0,0,0,0,0,0,1,1,0,,,,,,"Auto Repair Garages,Car Repair & Service",yellowpages-ca,1,0,0
,"George Auto Repairs","395 Atwater Ave, Mississauga, ON L5G 2A2",http://www.ocom.ca/,9059082127,info@ocom.ca,,,,,,,,,,1,0,0,0,0,0,0,1,1,1,,,,,,"Car Repair & Service",yellowpages-ca,1,0,0
,"North Technik","Beverley St, Toronto, ON M5T 1Z1, Canada",http://northtechnik.com,14162690000,service@northtechnik.com,5,51,,,,,,,,1,1,0,0,0,0,0,1,1,0,,,,,,Mechanic,google,1,0,0
,"Northsky Auto Collision","47 Toro Rd, North York, ON M3J 2A4",http://www.northskyauto.com/,4167396700,,,,,,,,,,,0,0,0,0,0,0,0,0,0,0,,,,,,"Car Repair & Service",yellowpages-ca,1,0,0
,"Norack Motors & Auto Parts","1210 Fewster Dr, Mississauga, ON L4W 1A1",http://www.norackmotors.com/,9056256006,,,,,,,,,,,0,0,0,0,0,0,0,1,1,0,,,,,,"Car Repair & Service",yellowpages-ca,1,0,0
,"Nissan Downtown Toronto","79 E Don Roadway, Toronto, ON M4M 2A5, Canada",http://www.nissandowntown.ca/,14169753800,social@nissandowntown.ca,4.5,753,,,,,2716,234,2781,0,1,1,1,0,0,0,1,1,0,https://www.facebook.com/nissandowntown.to,,https://www.linkedin.com/company/nissan-downtown,https://www.youtube.com/channel/UCK5kBKtiqLYuUjreZHulqaA,https://www.instagram.com/nissandowntown.to/,"Nissan dealer in Toronto, Ontario",google-places,1,0,0
,"Niki Auto Motor","11 Lockport Ave, Etobicoke, ON M8Z 2R6",http://www.niki-vw-parts.com/,4162335217,nikiautomotor@yahoo.ca,4.1,144,,,,,,,,1,1,0,0,0,0,0,0,0,0,,https://twitter.com/NikiAutoMotor,,,https://www.instagram.com/nikiautomotorltd/,"Auto Repair Garages,Used Auto Parts & Supplies",yellowpages-ca,1,0,0
,"Nihon Automotive","2576 Haines Rd, Mississauga, ON L4Y 1Y6",http://www.NihonAuto.ca/,9052700448,jimmy@nihonauto.ca,,,,,,,,,77,1,1,0,0,0,0,0,1,1,0,https://www.facebook.com/Nihon-Auto-Sales-304172519610242/,https://twitter.com/#nihonauto,https://www.linkedin.com/company/nihon-auto-sales,,,"Auto Repair Garages",yellowpages-ca,1,0,0
,"Next Level Automotive Ltd","43 Six Point Rd, Etobicoke, ON M8Z 2X3",http://www.nextlevelautomotive.ca/,4162596500,nextleveltowing57@gmail.com,,,,,,,264,,,0,0,0,0,0,0,0,0,0,0,,,,,,"Auto Repair Garages,Car Repair & Service",yellowpages-ca,1,0,0
,"Navtech Road Safety Systems","2900 Jane St, Toronto, ON M3N 2J7",http://www.navtechrss.com/,4163129719,,,,,,,,,,,0,0,0,0,0,0,0,0,0,0,,,,,,"Car Repair & Service",yellowpages-ca,1,0,0
,"National Auto Service","10 - 50 Ritin Lane, Concord, ON L4K 4C9",http://www.nationalautoservice.com/,9057691587,admin@nationalautoservice.com.au,,,,,,,,,,0,0,0,0,0,0,0,1,1,0,,,,,,"Auto Repair Garages",yellowpages-ca,1,0,0
,"Nanak Auto Centre Inc","1-1770 Albion Rd, 6, Etobicoke, ON M9V 1C2",http://www.nanakautocentre.com/,4167443900,,,,,,,,,,,0,0,0,0,0,0,0,1,1,0,,,,,,"Car Repair & Service",yellowpages-ca,1,0,0
,"Metro Toronto Convention Centre","255 Front St W, Toronto, ON M5V 2W6, Canada",http://www.mtccc.com/,14165858000,info@mtccc.com,4.5,12657,,,,,,,,1,1,1,0,0,0,0,1,1,1,,https://twitter.com/mtcc_events,http://www.linkedin.com/company/metro-toronto-convention-centre,http://www.youtube.com/user/ConventionCentre,http://instagram.com/mtcc_events,"Convention center",google,1,0,0
,"Mr Memo Auto","800 Arrow Rd, North York, ON M9M 2Z8",http://www.mrmemoauto.ca/,6474957414,bookings.mrmemo@gmail.com,4.4,147,,,,,,,,1,1,0,0,0,0,0,1,1,0,,,,https://www.youtube.com/@mr.memoauto,https://www.instagram.com/mrmemoauto,"Auto Repair Garages",yellowpages-ca,1,1,0
,"MP Auto Body & Repair","490 Quebec Avenue Toronto, ON M6P 2V7",http://www.mpautobody.ca,4167695341,info@mpautobody.ca,5,70,5,4,,,,,,1,1,0,0,0,0,0,1,1,0,https://www.facebook.com/mpautobody,,,,,"Auto Repair,Body Shops,Auto Glass Services",yelp,1,0,0
,"Motorhead Speed Shop","4610 Dufferin St Unit 16B, North York, ON M3H 5S4, Canada",http://www.motorheadspeedshop.com/,16478604717,info@motorheadspeedshop.com,4.8,328,,,,,555,58,551,1,1,0,0,0,0,0,1,1,1,https://www.facebook.com/motorheadspeedshop.toronto/,,,,,"Auto repair shop",google,1,0,0
,MotorFabrik,"22-750 Oakdale Rd, North York, ON M3N 2Z4",http://www.motorfabrik.ca/,6474797773,,,,,,,,,,,0,0,0,0,0,0,0,0,0,0,,,,,,"Car Repair & Service",yellowpages-ca,1,0,0
,"Morton Motors Inc.","39 Chauncey Avenue, Etobicoke, ON M8Z 2Z2",http://www.mortonmotors.ca/,4162340061,,5,34,,,,,,,,0,0,0,0,0,0,0,0,0,0,,,,,,"Auto Repair Garages,Car Repair & Service",yellowpages-ca,1,0,0
,"Mister John Auto Collision Ltd","685 Garyray Dr, North York, ON M9L 1R2",http://www.misterjohnauto.com/,4167432228,info@misterjohnauto.com,4.6,67,,,,,,,,1,0,0,0,0,0,0,0,1,0,,,,,,"Auto Repair Garages",yellowpages-ca,1,0,0
,"Metro One Auto Services","Toronto, ON M1P 2B3",http://www.metroone.ca,4167970106,,,8,5,2,,,,,,1,0,0,0,0,0,0,0,0,0,,,,,,"Towing,Auto Repair,Body Shops",yelp,1,0,0
,"Melo Auto","3340 Dundas Street W, Toronto, ON M6P 2A4",http://www.meloautoto.com,4167671500,,5,158,5,12,,,,,,0,0,0,0,0,0,0,0,0,0,,,,,,"Auto Repair,Oil Change Stations",yelp,1,0,0
,"Meineke Car Care Centre","3227 Weston Rd, Toronto, ON M9M 2T4",http://www.meineke.ca/store/toronto-5070/,6476913355,customerservicemeineke@meineke.com,4.3,51,,,,,152727,,,1,1,0,0,0,0,0,1,1,0,"https://www.facebook.com/MeinekeCA\",,,,,Auto Repair Garages""",yellowpages-ca,1,0,0
,"Meineke Car Care Centre","1049 The Queensway, Toronto, ON M8Z 1R1",http://www.meineke.ca/store/toronto-5066/,6479775500,nnipper@web.com,,,,,,,152727,,,1,1,0,0,0,0,0,1,1,0,"https://www.facebook.com/MeinekeCA\",,,,,Auto Repair Garages""",yellowpages-ca,1,0,0
,"Haines Auto Sales & Service","2364 Haines Rd, Mississauga, ON L4Y 1Y6",http://www.meditateinmississauga.org/,9052739263,,,,,,,,,,,1,0,0,0,0,0,0,1,1,0,,,,,,"Auto Repair Garages",yellowpages-ca,1,0,0
,"MB House","Unit 40, 101 Toro Rd, North York, ON M3J 2Z1",http://www.mbhouse.ca/,6478758485,info@mbhouse.ca,,,,,,,,,,0,0,0,0,0,0,0,0,1,0,,,,,,"Auto Repair Garages",yellowpages-ca,1,0,0
,"Mastertech Automotive","209 Toryork Drive, North York, ON M9L 1Y2",http://www.mastertechautomotive.ca/,4167457839,vince@mastertechautomotive.ca,5,3,,,,,,,,1,1,0,0,0,0,0,1,1,0,,,,,,"Auto Body Repair & Painting Shops,Auto Repair Garages",yellowpages-ca,1,0,0
,"Massive Auto Collision","1361 Dupont St, Toronto, ON M6H 2A9, Canada",http://www.massiveautocollision.com/,14165333884,massiveauto@bellnet.ca,4.8,177,,,,,,,,1,0,0,0,0,0,0,1,1,0,http://www.facebook.com/massiveautocollision,,,,https://instagram.com/massiveautoco,"Auto repair shop",google,1,0,0
,"Markham Auto Repair","16 Laidlaw Boulevard Markham, ON L3P 1W7",http://www.markhamauto.com/,9054725100,ryan@markhamauto.com,,,4,13,,,192,29,192,1,1,1,0,0,0,0,1,1,0,https://www.facebook.com/markhamautorepair/,,,,,Autowerkstatt,yelp,1,0,0
,"Marios Auto Centre","1772 Jane St, York, ON M9N 2T1",http://www.mariosautocentre.ca/,4162443624,,4.4,54,,,,,,,,0,0,0,0,0,0,0,0,0,0,,,,,,"Auto Repair Garages,New Car Dealers",yellowpages-ca,1,0,0
,"Lakeshore Honda","3526 Lake Shore Blvd W, Etobicoke, ON M8W 1N6",http://www.marinosautogroup.com/,4162520066,info@marinosautogroup.com,,,,,,,,,,0,0,0,0,0,0,0,0,1,0,,,,,,"Auto Repair Garages,New Car Dealers",yellowpages-ca,1,0,0
,"Abramov Dimitri","50 Rossdean Dr, North York, ON M9L 2S1",http://www.m-elizondo.com/,4167442245,admin@aa.com,,,,,,,,,,0,0,0,0,0,0,0,0,0,0,,,,,,"Auto Repair Garages",yellowpages-ca,1,0,0
,"Lenys Automega","275 Dundas St E, Mississauga, ON L5A 1X1",http://www.lenysautomega.com/,9058038473,,,,,,,,,,,0,0,0,0,0,0,0,0,0,0,,,,,,"Auto Repair Garages",yellowpages-ca,1,0,0
,"Lecos Auto Sales","15 Milford Ave, North York, ON M6M 2W1",http://www.lecosauto.ca/,4162460737,sales@lecosauto.ca,,,,,,,,,,1,1,1,0,0,0,0,1,1,1,,,https://www.linkedin.com/company/lecos-auto-sales-milford,,https://www.instagram.com/lecosauto/?hl=en,"Used Car Dealers,Car Repair & Service",yellowpages-ca,1,0,0
,"Lakeshore Garage","2782 Dundas St W, Toronto, ON M6P 1Y3, Canada",http://lakeshoregarage.com,14167670019,lakeshoregarage2782@gmail.com,4.9,134,,,,,,,,1,1,0,0,0,0,0,1,1,1,https://www.facebook.com/LakeshoreGarage2782/,,,,,"Auto repair shop",google,1,0,0
,"Lakeshore Auto Collision","3353 Lake Shore Blvd W, Etobicoke, ON M8W 1N1",http://www.lakeshoreauto.ca/,4162556936,info@lakeshoreauto.ca,,,,,,,,,,1,0,0,0,0,0,0,1,1,0,,,,,,"Auto Body Repair & Painting Shops",yellowpages-ca,0,0,0
,"Laker Auto Repair","1160 Crestlawn Dr, Mississauga, ON L4W 2Z8",http://www.lakerauto.com/,9052386906,,,,,,,,,,,0,0,0,0,0,0,0,0,0,0,,,,,,"Car Repair & Service",yellowpages-ca,1,0,0
,"Laird Automotive Svc","48 Laird Dr, East York, ON M4G 3T2, Canada",http://www.lairdauto.com/,14164216116,service@lairdauto.com,4.9,72,,,,,,,,1,0,0,0,0,0,0,1,1,0,,,,,,"Auto repair shop",google,1,0,0
,"Keystone Automotive Operations Canada","3770 Nashua Dr, Mississauga, ON L4V 1M5",http://www.keystoneautomotive.com/,9054612168,f.sandly@keystoneautomotive.com,,,,,,,,,,0,0,0,0,0,0,0,1,1,0,,,,,,"Car Repair & Service",yellowpages-ca,1,0,0
,"Ken Shaw Toyota Scion Certified Collision Centre","2336 St Clair Ave W, Toronto, ON M6N 1K8",http://www.kenshawtoyota.ca/collision-centre/,4167634625,sales@kenshawtoyota.ca,4.4,35,,,,,,,,1,1,1,0,0,0,0,1,1,1,,https://www.twitter.com/kenshawtoyota,,https://www.youtube.com/channel/UCtcT-ij6k33fPTu06iGk-Pg,https://www.instagram.com/kenshawtoyotatoronto/,"Auto Body Repair & Painting Shops",yellowpages-ca,1,0,0
,"Keele Auto","503 Keele Street Toronto, ON M6N 3E4",http://www.keeleauto.com,4164001895,,4.9,103,3,2,,,,,,1,1,0,0,0,0,0,1,1,1,,,,,https://www.instagram.com/keeleauto/,"Autowerkstatt,Ölwechselstationen,Autolackiererei & Karosseriewerkstatt",yelp,1,0,0
,"Jspec Performance","8-3520 McNicoll Ave, Scarborough, ON M1V 4C5",http://www.jspecperformance.com/,4163356214,sales@jspecperformance.com,,,,,,,,,,1,0,0,0,0,0,0,1,1,0,,,,,https://www.instagram.com/jspec_performance,"Car Repair & Service",yellowpages-ca,1,0,0
,"Sm Auto Repair","42 Advance Rd, Etobicoke, ON M8Z 2T4",http://www.jsautoservice.be/,4162338620,jsautoservice@skynet.be,4.8,82,,,,,731,,731,1,0,0,0,0,0,0,0,1,0,https://m.facebook.com/people/Jsautoservice/100064229766182/,,https://www.linkedin.com/company/js-auto-service,,,"Auto Repair Garages,Car Repair & Service",yellowpages-ca,1,0,0
,"SM Auto Repair","42 Advance Rd, Etobicoke, ON M8Z 2T4, Canada",,14162338620,,4.7,107,,,,,,,,0,0,0,0,0,0,0,0,0,0,,,,,,"Auto repair shop",google,,0,0
,"JIT Auto Service","106 Regina Avenue Suites 10 & 11 Woodbridge, ON L4L 8M8",http://www.jitauto.ca,9058503996,info@jitauto.ca,,,5,1,,,,,,0,0,0,0,0,0,0,1,1,0,,,,,,"Auto Repair,Car Dealers,Body Shops",yelp,1,0,0
,"Jd Auto Service Ltd","301 Rexdale Blvd, Etobicoke, ON M9W 1R8",http://www.jdauto.ca/,4167461048,locationdautoscott@hotmail.com,4.7,59,,,,,5393,11,,1,0,0,0,0,0,0,1,1,1,https://connect.facebook.net/fr_FR/sdk/xfbml.customerchat.js,,,,,"Car Repair & Service",yellowpages-ca,1,0,0
,"JB Automotive Ltd","922 Dundas Street East, Mississauga, ON L4Y 2B8",http://www.jbauto.ca/,9052762732,,,,,,,,,,,0,0,0,0,0,0,0,0,1,0,,,,,,"Auto Repair Garages,Car Repair & Service",yellowpages-ca,1,0,0
,"Ivan Motors","722 Garyray Dr, North York, ON M9L 1R3",http://www.ivanmotors.com/,4167455611,,,,,,,,,,,1,0,0,0,0,0,0,0,1,1,,,,,,"Auto Repair Garages",yellowpages-ca,1,0,0
,"Islington Village Automotive","79 Shorncliffe Rd Toronto, ON M8Z 5K3",http://www.islingtonvillageautomotive.com,4162394500,pw-4e41855923fa7534522ef0329be4ebe2@privacyguardian.org,4.8,210,4.9,19,,,,,,1,0,0,0,0,0,0,1,1,1,https://www.facebook.com/plugins/video.php?height=314&amp,,,,https://www.instagram.com/islingtonvillageauto,Autowerkstatt,yelp,1,0,0
,"Invotronics Inc","365 Passmore Ave, Scarborough, ON M1V 4B3",http://www.invotronics.com/,4163217526,sambaruco@invotronics.com,,,,,,,,,,1,1,0,0,0,0,0,1,1,0,,,,,,"Car Repair & Service",yellowpages-ca,1,0,0
,"In The Spirit Yoga Studio & Wine Lounge","376 Old Kingston Rd, Scarborough, ON M1C 1B6",http://www.inthespirityoga.com/,6473524879,letsconnect@inthespirityoga.com,4.9,8,,,,,602,411,602,1,1,0,0,0,0,0,0,1,0,https://www.facebook.com/inthespirityoga,,,https://www.youtube.com/channel/UCOwF1VkF4eXQAZWqg8PPooA,https://instagram.com/inthespirityoga,"Auto Repair Garages,Women's Clothing Stores",yellowpages-ca,1,0,0
,"iGarage Automotive Service Markham","156 Bullock Dr #29, Markham, ON L3P 1W2, Canada",http://www.igarage.ca/,19054718595,ivan@igarage.ca,4.8,655,,,,,,,,1,0,0,0,0,0,0,0,1,0,,,https://www.linkedin.com/company/igarage-automotive-service,,,"Auto repair shop",google,1,0,0
,"Hybird Auto Cleaning Service","780 Ellesmere Rd, Scarborough, ON M1P 2W4",http://www.hybirdautocleaningservice.ca/,4163212886,,,,,,,,,,,0,0,0,0,0,0,0,0,0,0,,,,,,"Car Detailing",yellowpages-ca,1,0,0
,"Hot Rod Scott’s","1858 Kipling Avenue Etobicoke, ON M9W 4J1 Canada",http://www.hotrodscotts.ca,4162360677,info@hotrodscotts.ca,,,3.7,10,,,1289,305,1300,1,1,0,1,0,0,0,1,1,0,https://www.facebook.com/393433450825115,,,https://www.youtube.com/user/HotRodScottsExhaust,https://www.instagram.com/hotrodscotts_exhaust,"Auto Repair",yelp,1,0,0
,"Hong's Auto Service","19 Ruggles Ave, Thornhill, ON L3T 3S4",http://www.hongsauto.com/,9058811437,,,,,,,,,,,0,0,0,0,0,0,0,0,0,0,,,,,,"Auto Repair Garages",yellowpages-ca,1,0,0
,"Honda Downtown","47 Eastern Ave, Toronto ON M5A 1H1",http://www.hondadowntown.ca/,8337665587,bdc@hondadowntown.ca,,,,,,,4478,828,4400,1,1,1,1,0,0,0,1,1,1,https://www.facebook.com/Toronto.DowntownHonda?,https://twitter.com/Hondadowntown?,https://www.linkedin.com/company/honda-downtown,,https://www.instagram.com/hondadowntown/?,,bing,1,0,0
,"Hitch City Inc","7-5170 Dixie Rd, Mississauga, ON L4W 1E3",http://www.hitchcity.com/,9056254664,rhonda@hitchcity.com,,,,,,,4293,414,4200,1,1,1,1,0,0,0,1,1,0,https://www.facebook.com/HitchCity/,,https://www.linkedin.com/company/hitch-city,https://www.youtube.com/user/HitchCity001,https://www.instagram.com/hitchcity_/,"Auto Body Repair & Painting Shops,Trailer Hitches",yellowpages-ca,1,0,0
,"Hitachi Koki Canada Ltd","9-3405 American Dr, Mississauga, ON L4V 1T6",http://www.hitachipowertools.ca/,9055649477,info@metabohpt.com,,,,,,,38947,31,44000,0,0,0,0,0,0,0,0,0,0,,,,,,"Auto Repair Garages",yellowpages-ca,1,0,0
,"Highlight Auto Collision","2321 Keele St, North York, ON M6M 4A1",http://www.highlightauto.com/,4165885333,info@highlightauto.com,4.6,54,,,,,,,,1,0,0,0,0,0,0,0,1,0,,,,,,"Auto Repair Garages,Auto Body Repair & Painting Shops",yellowpages-ca,1,0,0
,"Hi-Line Automotive","3353 Lake Shore Blvd W, Etobicoke, ON M8W 1N1",http://www.hi-lineautocentre.com/index.html,6477483278,,,,,,,,,,,0,0,0,0,0,0,0,0,0,0,,,,,,"Car Repair & Service",yellowpages-ca,1,0,0
,"Hensall Auto Repair","469 Hensall Circle, Mississauga, ON L5A 3P4, Canada",http://www.hensallauto.com/,9052819054,info@hensallauto.com,,,3.7,3,,,,,,1,0,0,0,0,0,0,1,1,1,,,,,,Autowerkstatt,yelp,1,0,0
,"Gyro Mazda","139 Laird Drive East York, ON M4G 3V6",http://www.gyromazda.ca,4164215730,info@gyromazda.ca,4.5,1691,2.1,73,,,809,450,,1,1,1,0,0,0,0,1,1,1,,,,https://www.youtube.com/@gyromazdaofficial,https://www.instagram.com/gyromazda/,"Autowerkstatt,Autohaus,Autoersatzteile",yelp,1,0,0
,"The Guild of Automotive Restorers","2347 Industrial Park Road Innisfil, ON L9S 3W1 Canada",http://www.guildclassiccars.com,9057750499,sales@guildclassiccars.com,,,1,5,,,,,,1,1,0,0,0,0,0,1,1,0,https://www.facebook.com/TheGuild1/,,,https://www.youtube.com/channel/UCK2rQ5F3rHOHU_sv2bkeS6w,https://www.instagram.com/theguildsclassics/?hl=en,Autowerkstatt,yelp,1,0,0
,"Guan's Auto Service","283 Harbord St, Toronto, ON M6G 1G4, Canada",http://guansautoservice.ca,14165343336,support@guansautoservice.ca,4.2,195,,,,,,,,1,1,0,0,0,0,0,1,1,0,facebook.net/en_US/all.js#xfbml=1,,,,,"Auto repair shop",google,1,0,0
,"GTA Tow Truck Service",,http://www.gtatowtruck.ca/,14372623776,gtatowtruck1@gmail.com,4.8,20,,,,,,,,1,1,0,0,0,0,0,1,1,1,,https://twitter.com/intent/tweet?url=http://gtatowtruck.ca/tow-truck-toronto-cheap-service-near-me/&text=Why%20need%20to%20hire%20Tow%20Truck%20Toronto%20Cheap%20near%20me&hashtags=Towing,https://www.linkedin.com/shareArticle?url=http://gtatowtruck.ca/tow-truck-toronto-cheap-service-near-me/&title=Why%20need%20to%20hire%20Tow%20Truck%20Toronto%20Cheap%20near%20me,,,"Towing service",google,1,0,0
,"G T A Auto Repair Ltd","360 Plains Rd E, Etobicoke, ON M9V 1C1",http://www.gtaautorepair.com/,4167401555,,,,,,,,,,,0,0,0,0,0,0,0,0,0,0,,,,,,"Car Repair & Service",yellowpages-ca,1,0,0
,"Bestline Auto Tech Inc","10 Doughton Rd, Concord, ON L4K 1R2",http://www.granquartz.ca/,9054823955,info@granquartz.ca,,,,,,,787,29,787,1,0,0,0,0,0,0,1,1,1,https://www.facebook.com/gqcanada/,,https://www.linkedin.com/company/granquartz-canada,https://www.youtube.com/channel/UCGgXqoiCglGvi09XdzLzZeA,https://www.instagram.com/granquartzcanada/,"Car Repair & Service",yellowpages-ca,0,0,0
,"Grand Sport Motors","163 Langstaff Rd E, Thornhill, ON L3T 3M7",http://www.grandsportmotors.com/,9058895053,,,,,,,,,,,0,0,0,0,0,0,0,0,0,0,,,,,,"Auto Repair Garages",yellowpages-ca,1,0,0
,"Goodway Auto Services","12 Lepage Crt, North York, ON M3J 1Z9",http://www.goodwayauto.ca/,4166380688,info@goodwayauto.ca,,,,,,,,,,1,0,0,0,0,0,0,1,1,1,,https://www.twitter.com/,,,https://www.instagram.com/,"Car Repair & Service",yellowpages-ca,1,0,0
,"Good Vibration Automotive","24 Ronson Dr, Etobicoke, ON M9W 1B4",http://www.goodvibrationautomotive.redto.com/,4162492217,,5,11,,,,,,,,0,0,0,0,0,0,0,0,0,0,,,,,,"Auto Repair Garages",yellowpages-ca,1,0,0
,"Gilman Auto Service Centre","6-1940 Ellesmere Rd, Scarborough, ON M1H 2V7",http://www.gilmanauto.net/,4162891388,,,,,,,,,,,0,0,0,0,0,0,0,0,0,0,,,,,,"Car Repair & Service",yellowpages-ca,1,0,0
,"G &amp; G Auto Services","2-153 Norfinch Dr, Toronto, ON M3N 1Y2",http://www.ggautoservice.ca/,6479206697,,,,,,,,,,,0,0,0,0,0,0,0,0,0,0,,,,,,"Car Repair & Service,Oil Changes & Lubrication Service",yellowpages-ca,1,0,0
,"Gerry’s Car Care","45 Rodinea Road Unit 4 Vaughan, ON L6A 1R4 Canada",http://www.gerryscarcare.com,9058329495,gerryscarcare@gmail.com,,,4.7,10,,,,,,1,1,0,0,0,0,0,0,1,0,,,,,,"Auto Repair,Oil Change Stations,Towing",yelp,1,0,0
,"Gerry & Sons Auto","30 Alden Rd, Markham, ON L3R 2S1",http://www.gerryandsons.aaro.ca/,9054750844,,3.8,22,,,,,,,,1,0,0,0,0,0,0,0,0,0,,,,,,"Car Repair & Service",yellowpages-ca,1,0,0
,"Z100 Auto Garage & Alignment Inc","727 Kipling Ave, Etobicoke, ON M8Z 5G4",http://www.generaltechauto.ca/,4162553735,generaltechauto@hotmail.ca,4.6,236,,,,,,,,1,0,0,0,0,0,0,0,1,0,,,,,,"Auto Repair Garages,Used Car Dealers",yellowpages-ca,1,0,0
,"Gem Auto Protection","6435 Dixie Rd, Mississauga ON L5T1X4",http://www.gemautoprotection.com/,19055640538,,4.8,32,,,,,3,1,3,0,0,0,0,0,0,0,1,0,0,https://www.facebook.com/pages/Gem-Auto-Protection/1712765745628723,,,,,"Auto detailing",bing,1,0,0
,"The Gear Centre","3-7337 Pacific Cir, Mississauga, ON L5T 1V1",http://www.gearcentre.com/,2898043664,info@gearcentre.com,,,,,,,,,,1,0,1,0,0,0,0,1,1,1,https://www.facebook.com/gearcentre/,https://twitter.com/gearcentre,,,https://www.instagram.com/gearcentregroup/,"Car Repair & Service,Hydraulic Equipment & Supplies",yellowpages-ca,1,0,0
,"G B Autos","1509 The Queensway, Etobicoke, ON M8Z 1T3",http://www.gbautos.net/,4166229111,info@gbautos.ca,,,,,,,655,21,655,1,1,1,0,0,0,0,1,1,1,https://www.facebook.com/gbautostrucks/,https://twitter.com/mygbautos,,,https://www.instagram.com/gbautos_/,"Car Repair & Service",yellowpages-ca,1,1,0
,"Westwood Auto Collision","16 Millwick Dr, North York, ON M9L 1Y3",http://www.garyrayauto.ca/,4167452857,sandro@garyrayauto.ca,4.1,21,,,,,,,,1,1,0,0,0,0,0,0,0,0,,,,,,"Auto Repair Garages",yellowpages-ca,1,0,0
,"G N E Automotive","2350 Haines Rd, Mississauga, ON L4Y 1Y6",http://www.gandeauto.aaro.ca/,9052770788,,,,,,,,,,,1,0,0,0,0,0,0,0,0,0,,,,,,"Auto Repair Garages",yellowpages-ca,1,0,0
,"Function Six Auto","24 Melham Crt, Unit 7, Scarborough, ON M1B 2T8",http://www.functionsix.com/,6478488400,functionsixauto@gmail.com,,,,,,,,,,1,1,0,0,0,0,0,0,1,0,,,,,,"Auto Repair Garages",yellowpages-ca,1,0,0
,"Frontline Automotive Inc","4801 Keele St Suite 27, North York, ON M3J 3A4",http://www.frontlineautomotive.ca/,4167396262,info@frontlineautomotive.ca,,,,,,,,,,1,1,0,0,0,0,0,1,1,1,,,,,,"Auto Repair Garages",yellowpages-ca,1,0,0
,"Mobile Mechanic Service",,http://www.fixer.ca/,14169001000,quanticalabs@gmail.com,2.3,38,,,,,2008,,2000,1,1,0,0,0,0,0,1,1,1,http://facebook.com/QuanticaLabs,https://twitter.com/QuanticaLabs,,,,"Auto parts store",google,1,0,0
,"Fast Tracks Auto Transport","80 Nashdene Road, Scarborough, ON M1V 5E4",http://www.fasttracks.net/,4167542235,df48397b6eff2548662c76865b7f97a6f2ada584065b1075bb595cb105a1f6da@fasttracks.net.whoisproxy.org,,,,,,,,,,0,0,0,0,0,0,0,0,0,0,,,,,,"Car Repair & Service",yellowpages-ca,1,0,0
,"Extreme Parts","4000 Steeles Ave W, Woodbridge, ON L4L 4V9",http://www.extremeparts.ca/,4169099950,info@extremeparts.ca,,,,,,,,,,1,1,1,0,0,0,0,1,1,0,,,,,https://www.instagram.com/parts.extreme/,"New Auto Parts & Supplies,Boiler Parts & Supplies",yellowpages-ca,1,1,0
,"Executive Car Care","3466 Dundas St W, Toronto, ON M6S 2S1",http://www.executivecarcare.ca/,4167672333,info@executivecarcare.ca,,,,,,,328,65,328,1,1,0,0,0,0,0,1,1,1,https://www.facebook.com/executivecc/,,,,https://www.instagram.com/executivecarcare/,"Auto Body Repair & Painting Shops,Car Repair & Service",yellowpages-ca,1,0,0
,"Exclusive Auto","471 Garyray Dr, North York, ON M9L 1P9",http://www.exclusiveautomarine.com/,4167437703,sales@exclusiveautomarine.com,,,,,,,1060,50,1000,1,1,1,1,0,0,0,1,1,0,https://www.facebook.com/exclusiveautomarine,https://www.twitter.com,,https://www.youtube.com/user/ExclusiveAutoMarine?sub_confirmation=1,https://www.instagram.com/exclusiveautomarine/,"Car Repair & Service",yellowpages-ca,1,0,0
,"Evon's Automobile Clinic","217 Oakdale Rd, North York, ON M3N 1W4",http://www.evonsautoclinicinc.com/,4166616918,,,,,,,,,,,0,0,0,0,0,0,0,0,0,0,,,,,,"Car Repair & Service",yellowpages-ca,1,0,0
,"EV Auto Center Inc","7 Millwick Dr, North York, ON M9L 1Y4",http://www.evautocentre.com/,4167441899,,4.3,40,,,,,,,,1,0,0,0,0,0,0,0,1,0,,,,,,"Auto Body Repair & Painting Shops,Auto Repair Garages",yellowpages-ca,1,0,0
,"Euro-Luxury Automobile","325 Weston Rd, Toronto, ON M6N 4Z9",http://www.EuroLuxuryAuto.com/,4167670686,euroluxury2@gmail.com,,,,,,,566,52,566,1,1,0,1,0,0,0,1,1,0,https://www.facebook.com/133565453391602,,,,https://www.instagram.com/euroluxuryautoo,"Car Repair & Service",yellowpages-ca,1,0,0
,"Eurolize Auto Boutique Ltd","85 Glen Cameron Rd, Thornhill, ON L3T 1N8",http://www.eurolize.ca/,9055974499,info@eurolize.ca,,,,,,,426,33,426,1,0,0,0,0,0,0,0,1,0,https://www.facebook.com/p/Eurolize-Auto-Boutique-LTD-100039883586454/,,,,https://www.instagram.com/eurolizeauto,"Auto Repair Garages",yellowpages-ca,1,0,0
,"Ontario Emissions Test & Service Centre","1000 Rowntree Dairy Rd, Vaughan, ON L4L 5X3",http://www.ene.gov.on.ca/,9058518378,domain.registration@ontario.ca,5,1,,,,,19994,11,19000,1,1,1,0,0,0,0,1,1,0,https://www.facebook.com/ONenvironment,,,,,"Auto Repair Garages,Emission Testing",yellowpages-ca,1,0,0
,"Emperial Collision","79 Racine Rd, Etobicoke, ON M9W 2Z4",http://www.emperialcollision.com/,4167403382,,,,,,,,,,,0,0,0,0,0,0,0,0,0,0,,,,,,"Auto Repair Garages",yellowpages-ca,1,0,0
,"Elite Auto Collision","47 Ingram Drive North York, ON M6M 2L7",http://www.eliteautocollision.com,4162432929,eliteauto2004@rogers.com,4.9,92,4.2,5,,,,,,1,1,0,0,0,0,0,1,1,0,,,,https://www.youtube.com/watch?v=4T8glzYYd1M,,"Autowerkstatt,Autoaufbereitung,Autolackiererei & Karosseriewerkstatt",yelp,1,0,0
,"Eddy Stone Auto Collision","700 Chrislea Rd, Woodbridge, ON L4L 8K9",http://www.eddystone.ca/,9058566141,info@eddystone.ca,4.9,73,,,,,383,8,379,1,0,0,0,0,0,0,1,1,0,,,,,,"Auto Repair Garages",yellowpages-ca,1,0,0
,"Eagle Autowerks","2381 St Clair Ave W, Toronto, ON M6N 1K9, Canada",http://www.eagleautowerks.com/,14167632545,service@eagleautowerks.com,4.9,56,,,,,104,21,104,1,0,0,0,0,0,0,1,1,1,,,,,,"Auto repair shop",google,1,0,0
,"Dupont Auto Centre","423 Evans Avenue, Toronto, ON M8W 2T3",http://www.dupontautocentre.com/,4165885551,sales@dupontautocentre.com,4.9,95,,,,,282,2,282,1,1,0,0,0,0,0,1,1,1,https://www.facebook.com/dupontautocentre,https://twitter.com/DupontAutoCentr,,https://www.youtube.com/channel/UCU1xBG4jMW36lek3XDFt_2w,https://instagram.com/dupontautocentre/,"Used Car Dealers,Auto Repair Garages",yellowpages-ca,1,0,0
,"Downtown Toyota Toronto","77 E Don Roadway, Toronto, ON M4M 2A5, Canada",http://www.downtowntoyota.ca/,14164655471,sdalgado@downtowntoyota.ca,4.4,1294,,,,,,,,0,1,1,0,0,0,0,1,1,0,https://www.facebook.com/downtowntoyota.to,https://twitter.com/DTToyotaTO,https://www.linkedin.com/showcase/downtown-toyota-toronto/,https://www.youtube.com/channel/UCGw0nwNKIGJJdK5PhHM4f6w,https://www.instagram.com/downtowntoyota.to/,"Toyota dealer in Toronto, Ontario",google-places,1,0,0
,"Downtown Hyundai Toronto","79 E Don Roadway, Toronto, ON M4M 2A5, Canada",http://www.downtownhyundai.com/,14164659000,sales@downtownhyundai.com,4.3,1296,,,,,,,,0,1,1,1,0,0,0,1,1,0,https://www.facebook.com/downtownhyundai.to,,https://www.linkedin.com/company/downtown-hyundai/about/,https://www.youtube.com/channel/UCvPhOsYUzfYpVmkrkUN8rUQ,https://www.instagram.com/downtownhyundai.to/,"Hyundai dealer in Toronto, Ontario",google-places,1,0,0
,"Ed Professional Automotive Technology","90 Hymus Rd, Scarborough, ON M1L 2C9",http://www.dongfengauto.ca/,4167500500,,,,,,,,,,,0,0,0,0,0,0,0,0,0,0,,,,,,"Auto Repair Garages",yellowpages-ca,1,0,0
,"Doaba Auto Centre","75 Deerhide Cres, North York, ON M9M 2Z2",http://www.doaba-auto.aaro.ca/,4167496176,doaba_auto@yahoo.ca,,,,,,,15,,,1,0,0,0,0,0,0,0,0,0,,,,,,"Auto Repair Garages",yellowpages-ca,1,0,0
,"D L Action Automotive Ltd","7040 Torbram Rd, Mississauga, ON L4T 3Z4",http://www.dlactionautomotive.ca/,9056782114,,,,,,,,,,,1,1,0,0,0,0,0,1,1,0,,,,,,"Car Repair & Service",yellowpages-ca,1,0,0
,"Dilawri Collision Centre Agincourt","100-5500 Finch Ave E, Scarborough, ON M1S 0C7",http://www.dilawricollisioncentre.ca/location-agincourt.html,4162833112,wn47d5b2@webnamesprivacy.ca,,,,,,,,,,1,0,0,0,0,0,0,1,1,0,,,,,,"Car Repair & Service,New Car Dealers",yellowpages-ca,1,0,0
,"Diamond Taxicab Dispatch Services Ltd","95 Eddystone Ave, North York, ON M3N 1H6",http://www.diamondtaxi.ca/,4163666868,dispatch@diamondtaxi.ca,,,,,,,171,2,171,1,1,0,0,0,0,0,1,1,0,https://www.facebook.com/DiamondTaxi.ca,,,,https://www.instagram.com/diamond_taxi_toronto,"Auto Repair Garages,Airport Transportation Service",yellowpages-ca,1,0,0
,"Delta Tire","64 Racine Rd, Etobicoke, ON M9W 2Z7",http://www.deltatire.ca/,4167401063,sales@deltatire.ca,4.6,214,,,,,,,,1,1,0,0,0,0,0,1,1,0,https://connect.facebook.net/en_US/sdk.js,,,,https://www.instagram.com/deltatire.ca/,"Auto Repair Garages",yellowpages-ca,1,0,0
,"Auto Appearance","8001 Weston Rd, Woodbridge, ON L4L 9C8",http://www.csservices.ca/index.html,4166761818,info@csservices.ca,,,,,,,75,,87,0,0,0,0,0,0,0,1,1,0,,,,,,"Auto Body Repair & Painting Shops",yellowpages-ca,1,0,0
,"Co-Up Auto Body Repair","7405 Kimbel St, Mississauga ON L4T 3M6",http://www.coupautobody.ca/,19056713647,coupautobody@live.ca,4.7,277,,,,,,,,1,0,0,0,0,0,0,1,0,0,https://www.facebook.com/coupautobody/,,,,http://instagram.com/jagraj7870,"Body shop",bing,1,0,0
,"Cooksville Service Center","135-135 Dundas St E, Mississauga, ON L5A 1W7",http://www.cooksvilleservice.aaro.ca/,9052779751,cooksvilleservicecenter@rogers.com,,,,,,,15,,,1,0,0,0,0,0,0,0,0,0,,,,,,"Auto Repair Garages",yellowpages-ca,1,0,0
,"Cliff's Auto Repair","97 Kenhar Dr, North York, ON M9L 1N5",http://www.cliffsautomotiverepair.com/,6474362730,majormuffler@yahoo.com,,,,,,,,,,1,0,0,0,0,0,0,1,1,0,https://www.facebook.com/about/privacy/,https://twitter.com/en/privacy,,,,"Auto Repair Garages",yellowpages-ca,1,0,0
,"C &amp; K Auto Truck Service Ltd","381 Horner Ave, Etobicoke, ON M8W 2A2",http://www.ck-autoandtruckrepair.ca/,4162322798,p16992406a9dec49@privacy.ca,,,,,,,,,,1,0,0,0,0,0,0,0,1,0,,,,,,"Auto Repair Garages,Car Repair & Service",yellowpages-ca,1,0,0
,"C J Graphics Inc","134 Park Lawn Rd, Etobicoke, ON M8Y 3H9",http://www.cjgraphics.com/,4165880808,info@cjgraphics.com,,,,,,,275,194,289,1,0,0,0,0,0,0,1,1,1,https://www.facebook.com/CJGraphics,,https://ca.linkedin.com/company/c.j.-graphics-inc.,https://www.youtube.com/watch?v=Z2RSPkraHDA,,Printers,yellowpages-ca,1,0,0
,"Central Auto Repair","2305 Markham Rd, Scarborough, ON M1B 2W3",http://www.centralautorepair.ca/,4169157176,,,,,,,,,,,0,0,0,0,0,0,0,0,0,0,,,,,,"Auto Repair Garages",yellowpages-ca,1,0,0
,"Cawthra Auto Centre","24-2480 Cawthra Rd, Mississauga, ON L5A 2X2",http://www.cawthraautocentre.aaro.ca/,9053060575,,,,,,,,,,,1,0,0,0,0,0,0,0,0,0,,,,,,"Auto Repair Garages",yellowpages-ca,1,0,0
,"Castle Auto Collision & Mechanical Service","1117 Castlefield Ave, York, ON M6B 1E8, Canada",http://www.castleautocollision.com/,14167894179,info@castleautocollision.com,4.9,58,,,,,,,,1,1,0,0,0,0,0,1,1,0,,,,,,"Auto repair shop",google,1,0,0
,"CanLube Auto Care","637 Vaughan Rd, York, ON M6E 2Y4, Canada",http://www.canlube.ca/,8553112886,canlube@outlook.com,4.973,731,,,,,,,,1,0,0,0,0,0,0,0,1,0,,,,,,"Auto repair shop in Toronto, Ontario",google-places,1,0,0
,"CANADA AUTO GLASS","850 Yonge St, Toronto, ON M4W 2H1, Canada",http://www.canadaautoglass.ca/,16475337676,info@autoglasscanada.ca,4.9,53,,,,,47,,53,1,1,1,0,0,0,0,1,1,1,,,,,https://www.instagram.com/canadaautoglass/?hl=en,"Glass shop",google,1,0,0
,"Can-1 Auto Inc","175 Toryork Dr, North York, ON M9L 2Y7",http://www.can-oneauto.ca/,4167412201,,,,,,,,,,,0,0,0,0,0,0,0,0,0,0,,,,,,"Auto Repair Garages,Car Repair & Service",yellowpages-ca,1,0,0
,"Campus Auto Collision Ltd","45 Lepage Crt, North York, ON M3J 2A2",http://www.campusautocollision.ca/,4166389720,,4.9,35,,,,,,,,0,0,0,0,0,0,0,0,0,0,,,,,,"Auto Body Repair & Painting Shops,Auto Repair Garages",yellowpages-ca,1,0,0
,"BMW Toronto","11 Sunlight Park Rd, Toronto ON M4M 1B5",http://www.bmwtoronto.ca/,4166234269,info@bmwtoronto.ca,4.2,1651,,,,,2467,3009,2755,1,1,1,0,0,0,0,1,1,0,,,https://www.linkedin.com/company/bmw-toronto,,,,bing,1,0,0
,"B K Auto Service","1750 Keele St, York, ON M6M 3W8",http://www.bkautorepair.com/,4166543333,,3.6,33,,,,,,,,1,0,0,0,0,0,0,1,1,0,,,,,,"Auto Repair Garages,Car Repair & Service",yellowpages-ca,1,0,0
,"Biral Automotive Service &amp; Repair Ltd","151 Toryork Dr, North York, ON M9L 1X9",http://www.biralauto.ca/,4167400665,biralautomotive@gmail.com,,,,,,,,,,1,1,0,0,0,0,0,1,1,0,facebook.net/en_GB/sdk.js#xfbml=1&version=v2.8,,,,,"Auto Repair Garages",yellowpages-ca,1,0,0
,"Bill’s Midway Auto Body","919 Pape Avenue Toronto, ON M4K 3V3 Canada",http://www.billsmidwayautobody.webs.com,4166919991,jonathon@jp-webs.com,,,4.2,5,,,,,,0,0,0,0,0,0,0,0,0,0,,,,,,"Auto Repair,Body Shops",yelp,1,0,0
,"Big Time Auto Electric Service Inc","500 Garyray Dr, North York, ON M9L 1P8",http://www.bigtimeautoelectric.com/,4167409630,,,,,,,,,,,0,0,0,0,0,0,0,0,0,0,,,,,,"Auto Repair Garages,Car Repair & Service",yellowpages-ca,1,0,0
,"Bento’s Auto & Tire Centre","2000 Dundas Street W, Toronto, ON M6R 1W6",http://www.bentosautotirecentrelimited.com/,4165332500,batc@rogers.com,3.7,163,2.8,69,,,197,79,214,1,1,0,0,0,0,0,1,1,0,https://www.facebook.com/pages/Bentos-Auto-Service-Centre/1001055973246367,https://twitter.com/BentosAuto,,,,"Tires,Auto Repair",yelp,1,0,0
,"Azores Auto Group","2773 Dufferin Street, Toronto, ON M6B 3R6",http://www.azoresautogroup.com,4165339264,info@azoresautogroup.com,4.7,122,3.5,6,,,,,,1,1,1,0,0,0,0,1,1,1,,,,,https://www.instagram.com/azoresautogroup/,"Autohaus,Auto-Kredit-Anbieter,Autowerkstatt",yelp,1,0,0
,"Ari Financial Services - Atg Canada","2300 Haines Rd, Mississauga, ON L4Y 1Y6",http://www.autotruck.ca/,9053619800,autotruck.ca@gmail.com,,,,,,,3667,372,3600,1,1,1,1,0,0,0,1,1,1,https://www.facebook.com/HolmanHQ/,,https://www.linkedin.com/company/holmanhq/,https://www.youtube.com/user/Holmanauto/,https://www.instagram.com/holman_headquarters/,"Car Repair & Service",yellowpages-ca,0,0,0
,"2706820 Ontario Inc. O","6000 Kingston Rd, Scarborough, ON M1C 1K3",http://www.autotechniques.ca/,4162837011,steve@autotechniques.ca,,,,,,,,,,1,0,0,0,0,0,0,0,1,0,,,,,,"Auto Repair Garages",yellowpages-ca,1,0,0
,"R P N Auto Sound","1759 Britannia Rd E, Mississauga, ON L4W 4E1",http://www.autostars.com/biz/rpn-auto-sound/on/mississauga/1759-britannia-rd-e-21/,9057951991,info@n49.com,,,,,,,208,9,208,1,0,0,0,0,0,0,0,0,0,,,,,,"Car Repair & Service",yellowpages-ca,1,0,0
,"Autosonic Service Station","1244 Dundas St W Toronto, ON M6J 1X5",http://www.autosonic.ca,4165341141,auto.sonic@hotmail.com,4.5,111,4.5,11,,,,,,0,0,0,0,0,0,0,0,1,0,,,,,,"Autolackiererei & Karosseriewerkstatt",yelp,1,0,0
,"Five Star Auto Service","99 Select Ave, Scarborough, ON M1V 4A8",http://www.autoshopit.com/,4166099474,info@autoshopit.com,,,,,,,,,,1,1,0,0,0,0,0,1,1,0,,,,,,"Car Repair & Service",yellowpages-ca,1,0,0
,"Auto Service Finance Centre","4564 Kingston Rd, Scarborough, ON M1E 2P2",http://www.autoservicefinancecentre.com/,4162844300,,,,,,,,,,,1,1,0,0,0,0,0,0,1,0,,,,,,"Auto Repair Garages",yellowpages-ca,1,0,0
,"Auto Safety Centre","70 Wesley Ave, Mississauga, ON L5H 2M9",http://www.autosafety.aaro.ca/,9052746089,,,,,,,,,,,1,0,0,0,0,0,0,0,0,0,,,,,,"Auto Repair Garages",yellowpages-ca,1,0,0
,Autorovertoronto,"4525 Chesswood Dr, North York, ON M3J 2V6",http://www.autorovertoronto.ca/,4166543413,info@autorovertoronto.ca,,,,,,,,,,1,1,0,0,0,0,0,1,1,0,,,,,,"Car Repair & Service,Used Car Dealers",yellowpages-ca,1,0,0
,Maxquip,"16 Canso, Etobicoke, ON M9W 4L8",http://www.autopropane.com/,4166759509,,,,,,,,168,2,192,1,0,0,0,0,0,0,1,1,1,https://www.facebook.com/Maxquip/,,https://linkedin.com/company/maxquip-inc,,https://www.instagram.com/maxquip_inc/,"Car Repair & Service,Propane Gas Sales & Service",yellowpages-ca,1,0,0
,AutoNiche,"8 Laidlaw Boulevard, Markham, ON L3P 1W6, Canada",http://www.autoniche.ca,9052050228,info@autoniche.ca,,,4.5,20,,,812,38,812,1,1,1,0,0,0,0,1,1,1,https://www.facebook.com/AutoNiche/,https://twitter.com/autonicheinc,,https://www.youtube.com/channel/UCbHxZb7iJTYo4X2SZNY4PmQ,https://www.instagram.com/autonicheinc/,"Autowerkstatt,Autoreifen,Ölwechselstationen",yelp,1,0,0
,"Automox Mobile Mechanic Toronto",,http://www.automoxmechanics.com/,14166704537,automox.mechanics@gmail.com,5,224,,,,,,,,1,0,0,0,0,0,0,1,1,0,,,,,,"Car repair and maintenance service",google,1,0,0
,"Sunrise Automotive","325 Horner Ave, Etobicoke, ON M8W 1Z5",http://www.automotive-online.com/,4169538165,,,,,,,,,,,0,0,0,0,0,0,0,0,0,0,,,,,,"Car Repair & Service",yellowpages-ca,1,0,0
,"Automan Automotive And Performance","735 Dundas Street West, Mississauga, ON L5C 3B6",http://www.automanautomotive.ca/,9052773876,,4.4,16,,,,,,,,1,0,0,0,0,0,0,0,1,1,,,,,,"Auto Repair Garages",yellowpages-ca,1,0,0
,"AutoLeap Incorporated","333 Bay St. #2400, Toronto, ON M5H 2R2, Canada",http://www.autoleap.com/%3Futm_source%3Dgoogle%2Bbusiness%2Bprofile,8555600089,sales@autoleap.com,4.4,579,,,,,4348,,4300,1,1,1,1,0,0,0,1,1,1,https://www.facebook.com/AutoLeap,https://twitter.com/auto_leap,https://www.linkedin.com/company/autoleap,https://www.youtube.com/channel/UCteohfbr8AskAbHf0CPUswQ,https://www.instagram.com/autoleapofficial/,"Software company",google,1,0,0
,"AutoBroz Tires & Auto Repair 🚗🛠️🚘🔧🛞👊","1000 Weston Rd, York, ON M6N 3S1, Canada",http://www.autobroz.ca/,16478360737,info@autobroz.ca,4.2,521,,,,,,,,1,1,0,0,0,0,0,1,1,0,,,,,,"Tire shop",google,1,0,0
,"R &amp; S Auto Collision Service Ltd","420 Ormont Dr, North York, ON M9L 1N9",http://www.autobodyshopnorthyork.ca/,4167489300,,4.7,87,,,,,,,,0,0,0,0,0,0,0,0,0,0,,,,,,"Auto Body Repair & Painting Shops,Auto Repair Garages",yellowpages-ca,1,0,0
,"Latino Auto Service","189 Dundas St W, Mississauga, ON L5B 1H8",http://www.autoandlock.ca/,9052329003,,,,,,,,,,,0,0,0,0,0,0,0,0,0,0,,,,,,"Car Repair & Service",yellowpages-ca,1,0,0
,Auto-Links,"300 Nantucket Blvd, Scarborough, ON M1P 2P4",http://www.auto-links.ca,4167518883,info@auto-links.ca,,,4.7,58,,,,,,0,0,0,0,0,0,0,0,1,0,,,,,,"Einbauwerkstatt,Autoscheibentönung,Autoaufbereitung",yelp,1,1,0
,"TORONTO AUTO FIRM","375 Champagne Dr, North York ON M3J 2C6",http://www.auto-firm.ca/,4163014900,toronto@auto-firm.ca,,,,,,,,,,1,1,0,0,0,0,0,1,1,0,,,,,http://instagram.com/toronto.auto.firm,,bing,1,0,0
,"ASPEC Auto Group Inc","13-20 Hanlan Rd, Woodbridge, ON L4L 3P6",http://www.aspecauto.ca/,9058569180,,,,,,,,,,,1,1,0,0,0,0,0,1,0,0,,,,,,"Car Repair & Service",yellowpages-ca,1,0,0
,"Ontario Auto Group","857 Lakeshore Rd E, Mississauga, ON L5E 1E2",http://www.ashqisauto.com/,9052744445,5303094d9a49460aa0ac83f01be0657e.protect@withheldforprivacy.com,,,,,,,,,,0,0,0,0,0,0,0,0,0,0,,,,,,"Auto Repair Garages,Used Car Dealers",yellowpages-ca,1,0,0
,"Asad Mufflers&Mechanical","12 Lepage Crt, North York, ON M3J 1Z9",http://www.asadmuffler.ca/,4163987333,,,,,,,,,,,0,0,0,0,0,0,0,0,0,0,,,,,,"Auto Repair Garages,Car Repair & Service",yellowpages-ca,1,0,0
,"Art Motor Sports","2 7 Harlech Crt, Markham, ON",http://www.artmotorsports.net/,9057098759,patrick@artmotorsports.ca,,,,,,,197,26,210,1,0,0,0,0,0,0,0,1,0,,,,,,"Car Repair & Service",yellowpages-ca,1,0,0
,"Appleton Motors Ltd","6969 Airport Rd, Mississauga, ON L4V 1E9",http://www.appletonmotors.aaro.ca/,9056773666,,,,,,,,,,,1,0,0,0,0,0,0,0,0,0,,,,,,"Auto Repair Garages,Car Repair & Service",yellowpages-ca,1,0,0
,"AML AUTO SERVICE","10 Industrial Street East York, ON M4G 1Z1",http://www.amlautoservice.com/,4164236209,aml@amlautoservice.com,,,3.9,9,,,146,13,168,1,1,1,0,0,0,0,1,1,1,https://www.facebook.com/amlauto126/,,,,,"Auto Repair",yelp,1,1,0
,"Altech Performance","325 Weston Rd, York, ON M6N 4Z9",http://www.altechperformance.com/,4165390240,info@altechperformance.com,,,,,,,,,,1,1,0,0,0,0,0,1,1,1,https://www.facebook.com/pages/Altech-Performance/604055549627460,https://twitter.com/AltechPerf,,,,"Auto Repair Garages",yellowpages-ca,1,0,0
,"Al Tech Automotive Limited","384 Olivewood Rd, Etobicoke, ON M8Z 2Z9",http://www.altechautomotive.com/,4162311611,jim@altechautomotive.com,4.7,346,,,,,,,,0,0,0,0,0,0,0,0,1,0,,,,,,"Auto Repair Garages",yellowpages-ca,1,0,0
,"Alps Auto Repair","14 Drummond Street, Etobicoke, ON M8V 1Y8",http://www.alpsautorepair.ca/,4162552601,antonio.matta@alpsautorepair.ca,4.8,283,4.6,9,,,,,,1,0,0,0,0,0,0,1,1,0,https://connect.facebook.net/en_US/fbevents.js,,,,https://www.instagram.com/alps_auto_repair,"Auto Repair,Body Shops",yelp,1,1,0
,"All About Imports","1170 Eglinton Avenue E Mississauga, ON L4W 2M7",http://www.allaboutimports.com,9055682800,service@allaboutimports.com,4.7,167,4.2,12,,,2519,61,2400,1,1,0,0,0,0,0,1,1,1,https://www.facebook.com/AllAboutImports/,https://twitter.com/allaboutimport,,https://www.youtube.com/user/loutus/featured,https://www.instagram.com/allaboutimports/,"Auto Repair,Oil Change Stations,Tires",yelp,1,0,0
,"Alcina Automotive","306 Geary Avenue Toronto, ON M6H 2C5 Canada",http://www.alcinaautomotive.com/,4165304185,alcinaautomotive@gmail.com,,,5,3,,,,,,1,0,0,0,0,0,0,1,0,0,facebook.com/plugins/likebox.php?locale=en_US&href=https://www.facebook.com/AlcinaAutomotive&amp,,,,,Autowerkstatt,yelp,1,0,0
,"Advantage Auto Glass Toronto","1 High Meadow Place, Toronto, ON M9L 2Z5",http://www.advantageautoglassrepair.com/,4167407779,info@advantageautoglassrepair.com,,,,,,,551,8,551,1,1,0,1,0,0,0,1,1,1,https://www.facebook.com/advantageautoglasstoronto/,,,,,"Car Repair & Service,Auto Glass & Windshields",yellowpages-ca,1,1,0
,"Advanced Auto Glass","412 Richmond St E, Toronto, ON M5A 1P8, Canada",http://www.advancedautoglassdt.ca/,16474961932,info@advancedautoglassdt.ca,5,54,,,,,,,,1,1,0,0,0,0,0,1,1,0,,,,,,"Auto glass shop",google,1,0,0
,"Acura Sherway","2000 The Queensway, Etobicoke, ON M9C 5H5",http://www.acurasherway.com/,4166206797,info@acurasherway.com,,,,,,,2710,562,2400,1,1,0,0,0,0,0,1,1,1,https://www.facebook.com/AcuraSherway/,https://twitter.com/share?url=https%3A%2F%2Facurasherway.com%2Fpromotion%2Fbest-tire-price,http://www.linkedin.com/shareArticle?mini=true&url=https%3A%2F%2Facurasherway.com%2Fpromotion%2Fbest-tire-price,,https://www.instagram.com/acurasherway/,"New Car Dealers",yellowpages-ca,1,0,0
,"Acura Downtown","49 Eastern Ave, Toronto, ON M5A 1H1, Canada",http://www.acuradowntown.ca/,14168671577,info@acuradowntown.ca,4.5,836,,,,,,,,1,1,1,0,0,0,0,1,1,1,,,https://www.linkedin.com/company/acura-downtown,https://www.youtube.com/channel/UCNtqkMq8iuX5TmBvp65Eibg,https://www.instagram.com/acuradowntownto/,"Acura dealer",google,1,0,0
,"Active Green &amp; Ross Tire &amp; Auto Centre Etobicoke","859 Kipling Ave, Etobicoke, ON M8Z 5G9",http://www.activegreenandross.com/,4162362453,pw-fa23c82eb8d58d533dd7bc191b1612d6@privacyguardian.org,,,,,,,,,,1,1,1,0,0,0,0,1,1,0,https://www.facebook.com/tr?id=451629072429524&ev=PageView&noscript=1,https://twitter.com/TireExperts/,https://www.linkedin.com/company/active-green-&-ross,https://www.youtube.com/user/ActiveGreenRoss580/,https://www.instagram.com/activegreenandross_official/,"Car Repair & Service,Tire Retailers",yellowpages-ca,1,0,0
,"Action Auto & Collision Centre","2677 Drew Rd, Mississauga ON L4T 3X1",http://www.actionautocollision.ca/,19056739494,actionautocollision@hotmail.com,4.7,16,,,,,,,,1,0,0,0,0,0,0,1,0,1,,,,,,"Body shop",bing,1,0,0
,"Acc Automotive Customs","6 Mars Rd, Etobicoke, ON M9V 2K1",http://www.accables.com/,4166745550,sales@accables.com,,,,,,,,,,0,0,0,0,0,0,0,0,0,0,,,,,,"Auto Repair Garages",yellowpages-ca,1,0,0
,"Academy Auto Collision Ltd","2207 Jane St, North York, ON M3M 1A5",http://www.academyautocollisionltd.com/,6477495853,,,,,,,,,,,1,1,0,0,0,0,0,1,1,1,https://www.facebook.com,https://twitter.com,,,,"Auto Body Repair & Painting Shops,Auto Repair Garages",yellowpages-ca,1,0,0
New,"A1 Automotive Inc","2011 Lawrence Ave W Unit 1, York, ON M9N 1H4, Canada",http://www.a1automotive.ca/,14162496669,info@a1automotive.ca,4.6,34,,,,,,,66,1,0,0,0,0,0,0,1,1,0,https://www.facebook.com/a1automotiveinc/,,,,https://www.instagram.com/a1automotive.inc/,"Auto parts store",google,1,0,0
,"6ix Auto Care | Car Detailing Service","83 Portland St, Toronto, ON M5V 2M9, Canada",http://www.6ixautocare.com/,14378491455,info@6ixautocare.com,5,134,,,,,14,,14,1,1,0,0,0,0,0,1,1,0,https://www.facebook.com/p/6ix-Auto-Care-61575125087242/,,,,https://www.instagram.com/6ixAutocare_/,"Car detailing service",google,1,1,0
,"416 Auto Shop (By Appointment Only)","24 Melham Crt, Scarborough ON M1B 2T8",http://www.416autoshop.ca/,4165691800,info@416autoshop.ca,,,,,,,336,57,336,1,1,0,0,0,0,0,1,1,1,https://www.facebook.com/416autospa/,,,,https://www.instagram.com/416_auto_spa/,,bing,1,0,0
,"409 Collision Centre","147 Belfield Rd, Etobicoke, ON M9W 1G8",http://www.409collision.com/,4162427111,admin@409collision.com,3.8,235,,,,,,,,1,0,0,0,0,0,0,1,1,0,,,,,,"Auto Repair Garages",yellowpages-ca,1,0,0
,"Main Auto Repair","222 Main St, Toronto, ON M4E 2W1, Canada",http://wordpress.com,14168809115,,4.8,98,,,,,751437,,748000,1,1,0,1,0,0,0,1,1,1,https://www.facebook.com/WordPresscom,,,https://www.youtube.com/WordPressdotcom,https://www.instagram.com/wordpressdotcom/,"Auto repair shop",google,1,0,0
,"Wilson Muffler - Auto Repair Shop North York, Toronto","1500 Wilson Ave, North York, ON M3M 1K4, Canada",http://wilsonmuffler.ca,14162416317,wilsonmuffler1500@hotmail.com,4.8,341,,,,,981,,981,1,1,1,0,0,0,0,1,1,0,https://www.facebook.com/people/Wilson-Muffler-Shop/61587320228975/,,,,https://www.instagram.com/wilsonmufflershop/,"Auto repair shop",google,1,1,0
,"Mike Jones Auto Engineering","891 Kipling Ave, Etobicoke, ON M8Z 5H2",http://whomikejones.com/,4162330781,,,,,,,,,,,0,0,0,0,0,0,0,1,0,0,,,,,,"Car Repair & Service",yellowpages-ca,1,0,0
,"West Toronto Kia","2445 St Clair Ave W, Toronto, ON M6N 1K9, Canada",http://westtorontokia.ca,14167622277,info@westtorontokia.ca,4,484,,,,,,,,1,1,1,0,0,0,0,1,1,1,https://connect.facebook.net/en_US/fbevents.js&#39,https://twitter.com/westtorontokia,,https://www.youtube.com/channel/UCmy59qxbtRWdIOGFnzazulg,https://www.instagram.com/westtorontokia/,"Kia dealer",google,1,0,0
,"Weston Star Auto & Tire Service","2300 Finch Avenue W, North York, ON M9M 2Y3",http://westonstarauto.com,6474287076,,4.6,55,,,,,,,,0,0,0,0,0,0,0,0,0,0,,,,,,"Auto Repair,Tires,Auto Detailing",yelp,1,0,0
,"West Hill Auto Sales","4600 Kingston Rd, Scarborough, ON M1E 2P4",http://westhillauto.ca/,4162842100,,,,,,,,,,,0,0,0,0,0,0,0,0,0,0,,,,,,"Auto Repair Garages,Used Car Dealers",yellowpages-ca,1,0,0
,"Vince's Auto","9 Connie St, North York, ON M6L 2H8",http://vincesauto.ca/,4162350941,,4.3,82,,,,,,,,1,1,0,0,0,0,0,1,1,0,,,,,,"Car Repair & Service,Tire Retailers",yellowpages-ca,1,0,0
,"Viking Tire Ltd","1821 Wilson Ave, North York, ON M9M 1A2",http://vikingtire.ca/,4167478500,vikingtire@bellnet.ca,4.6,80,,,,,21,11,22,1,1,0,0,0,0,0,0,1,0,https://www.facebook.com/VikingTireLtd/,,,,,"Car Repair & Service,Tire Retailers",yellowpages-ca,1,0,0
,"Veerpreet Service Centre","6559 Airport Rd, Mississauga, ON L4V 1E5, Canada",http://veerpreet.com,19056731239,service@veerpreet.com,4.1,1973,,,,,,,,1,1,1,0,0,0,0,1,1,0,,,,,,"Auto repair shop",google,1,0,0
,"Universal Auto Body Repair","65 Racine Rd, Etobicoke, ON M9W 2Z4",http://universalautorepairs.ca/,4167469924,,4.6,46,,,,,,,,0,0,0,0,0,0,0,0,0,0,,,,,,"Auto Body Repair & Painting Shops",yellowpages-ca,1,0,0
,"Collision Center - Unique Automotive 21","4544 Dufferin St Unit 30-31, North York, ON M3H 5X2, Canada",http://uniqueautomotive21.ca,16472245106,uniqueautomotive21@gmail.com,4.9,274,,,,,,,,1,0,0,0,0,0,0,1,1,1,,,,,,"Auto body shop",google,1,0,0
,"T &amp; S Auto Service Ltd","33 Belvia Rd, Etobicoke, ON M8W 3R2",http://tsautoservice.com/,4165042679,meg53rlqun6uw2n@proxy.dreamhost.com,,,,,,,,,,0,0,0,0,0,0,0,0,1,0,,,,,,"Car Repair & Service",yellowpages-ca,1,0,0
,"Trantech Auto","151 Toryork Dr, North York, ON M9L 1X9",http://trantechauto.com/,4167482886,carhauling@trantech.us,,,,,,,267,63,267,1,1,0,0,0,0,0,1,1,0,http://www.facebook.com/TranTech,,,,https://www.instagram.com/trantechautotrans/,"Car Repair & Service",yellowpages-ca,1,0,0
,"Toronto Reliable Auto Body","1345 Queen Street E Toronto, ON M4L 1C6",http://torontoreliableautobody.com,16477642455,robert.fatouros@gmail.com,,,3.5,4,,,,,,1,0,0,0,0,0,0,1,1,1,,,,,,"Body Shops,Auto Repair,Auto Detailing",yelp,1,0,0
,"Polat Auto Services","12 Milford Ave, North York, ON M6M 2V8, Canada",http://torontobestauto.ca,14166301444,info@torontobestauto.ca,4.8,364,,,,,,,,1,1,0,0,0,0,0,1,1,0,,,,,https://www.instagram.com/torontobestauto/,"Auto repair shop",google,1,0,0
,"Car-Pro Tirecraft Toronto","139 Bermondsey Rd, North York, ON M4A 1X9, Canada",http://tirecraft.com,14167501486,ryan.lee@wardtires.com,4.8,188,,,,,24898,964,24000,1,1,1,0,0,0,0,1,1,1,https://www.facebook.com/TIRECRAFTCanada,https://www.twitter.com/tirecraft,http://www.linkedin.com/company/2032926?trk=tyah,https://www.youtube.com/channel/UC6OCIcIXkr5yUoYIXDi1zPA,,"Auto repair shop",google,1,1,0
,"Tire Changes","155 Yorkville Ave, Toronto, ON M5R 0B4, Canada",http://tirechanges.ca/,14168971248,,,,,,,,,,,1,1,0,0,0,0,0,0,0,0,,,,,,"Tire service",google,1,0,0
,"The Rim Guy","1000 Mt Pleasant Rd, Toronto, ON M4P 2M2, Canada",http://therimguy.ca,14168766549,info@therimguy.ca,4.8,308,,,,,612,,612,1,1,0,0,0,0,0,1,1,1,https://www.facebook.com/alloyrimrepair/,,,,https://www.instagram.com/the_rim_guy/?hl=en,"Tire repair shop",google,1,0,0
,"Tax Mechanic","WeWork, 240 Richmond St W, Toronto, ON M5V 1V6, Canada",http://taxmechanic.ca,14373539992,sury@taxmechanic.ca,4.8,222,,,,,2486,15,2400,1,0,0,0,0,0,0,1,1,1,https://www.facebook.com/thetaxmechanic,,https://www.linkedin.com/company/taxmechanic/,https://youtube.com/@taxmechanic4309?si=7_47jPoZcmL2hZsn,https://www.instagram.com/tax_mechanic/,"Tax consultant",google,1,0,0
,"T&F Auto Repair","1200 Queen St E, Toronto, ON M4M 1L7, Canada",http://t-f-auto-repair.edan.io,14165676900,,4.7,99,,,,,,,,0,0,0,0,0,0,0,0,1,0,,,,,,"Auto repair shop",google,1,0,0
,"Switches And Thangs","12 Carson St, Etobicoke, ON M8W 3R9",http://switchesandthangs.com/,4164192366,info@switchesandthangs.com,,,,,,,5984,185,6400,1,1,0,0,0,0,0,1,1,1,https://www.facebook.com/switchesandthangs/,,,https://www.youtube.com/channel/UC6iI9XUSrKGYggW-hTpKq4w,https://www.instagram.com/switchesandthangs,"Auto Repair Garages",yellowpages-ca,1,0,0
,"Stars Auto Service","505 Keele St, Toronto, ON M6N 3E1, Canada",http://stars-auto-service.jany.io,14166048388,,4.8,46,,,,,,,,0,0,0,0,0,0,0,0,1,0,,,,,,"Auto repair shop",google,1,0,0
,"Starling Automotive","15 Carlyle Street Toronto, ON M5T 2R3",,4166032772,,4.7,123,4.9,10,,,,,,1,0,0,0,0,0,0,0,1,0,,,,,,"Auto Repair",yelp,,0,0
,"SSR AUTO SERVICE","921 A Pape Ave, East York, ON M4K 3V3, Canada",http://ssrauto.ca/,14164668782,ssrautopape@gmail.com,4.072,724,,,,,,,,1,0,0,0,0,0,0,1,1,1,,,,,,"Mechanic in Toronto, Ontario",google-places,1,0,0
New,"SSR AUTO SERVICE","921 Pape Ave, East York ON M4K 3V3",http://ssrauto.ca/,4164668782,towingssr@gmail.com,,,,,,,,,3500,1,0,0,0,0,0,0,1,1,1,,,,,,,bing,1,0,0
,"Speedy Glass","777 Dundas St W, Mississauga, ON L5C 4P6",http://speedyglass.ca/,9058977722,Sinfo@belroncanada.com,,,,,,,,,,1,1,0,0,0,0,0,1,1,0,,,,,,"Car Repair & Service,Auto Glass & Windshields",yellowpages-ca,1,0,0
,"Speedy Auto Service","5517 Dundas St W, Toronto, ON M9B 1B8",http://speedy.com/,4162397757,mcasavechi@speedy.com,,,,,,,1085,198,,1,1,1,0,0,0,0,1,1,1,,,https://www.linkedin.com/company/speedy-auto-service-canada/,https://www.youtube.com/channel/UCVR0v7symdA9itWC1Z-VMyQ,https://www.instagram.com/speedyautoservicecanada/,"Car Repair & Service",yellowpages-ca,1,0,0
,"Speedy Auto Service Toronto St. Clair","660 St Clair Ave W, Toronto, ON M6C 1B1, Canada",http://speedy.com,14166571726,customerservice@speedy.com,4.5,154,,,,,1075,187,1061,0,0,0,1,0,0,0,1,1,0,,,https://www.linkedin.com/company/speedy-auto-service-canada,,,Mechanic,google,1,0,0
,"Speedy Auto Service Toronto St. Clair","660 St Clair Ave W, York, ON M6C 1B1, Canada",http://speedy.com,14166571726,mcasavechi@speedy.com.pe,4.5,157,,,,,,,,1,1,1,0,0,0,0,1,1,1,,,https://www.linkedin.com/company/speedy-auto-service-canada/,https://www.youtube.com/channel/UCVR0v7symdA9itWC1Z-VMyQ,https://www.instagram.com/speedyautoservicecanada/,Mechanic,google,1,0,0
,"SORENCA Auto service, Body Shop & Safety Inspection Center","2546 St Clair Ave W, York, ON M6N 4L7, Canada",http://sorenca.ca,14167660001,info@sorenca.ca,4.9,607,,,,,,,,0,0,0,0,0,0,0,1,0,0,,,,,,Mechanic,google,1,0,0
,"Solu Automotive","110 Iron St, Etobicoke, ON M9W 5L9",http://soluautomotive.com/,4164790172,,,,,,,,,,,0,0,0,0,0,0,0,0,0,0,,,,,,"Auto Repair Garages",yellowpages-ca,1,0,0
,"Smart Auto Centre","110 Millwick Dr, North York, ON M9L 1Y3",http://smartautocentre.ca/,4168490030,smartautocentre@hotmail.com,4.8,33,,,,,,,,0,0,0,0,0,0,0,0,0,0,,,,,,"Auto Repair Garages,Car Repair & Service",yellowpages-ca,1,0,0
,"sisca's auto service ltd.","490 Dupont St, Toronto, ON M6G 1Y7, Canada",http://siscasauto.com/,14169642250,,4.8,43,,,,,,,,1,0,0,0,0,0,0,1,1,1,,,,,https://www.instagram.com/siscasoktire/,Mechanic,google,1,0,0
,"Silver Star Car Wash","374 Dupont St, Toronto, ON M5R 1V9, Canada",http://silverstarcarwash.com,14167829274,silverstarcarwash@yahoo.com,4.2,689,,,,,,,,1,1,0,0,0,0,0,1,1,1,,,,,,"Car wash",google,1,0,0
,"Sigma Auto Motor Inc","29 Guardsman Rd, Thornhill, ON L3T 6L2",http://sigmaauto.ca/,9057716556,atlantickia1@pbssystems.com,,,,,,,2719,240,2700,1,0,0,0,0,0,0,0,1,0,https://www.facebook.com/cumberlandkiaamherst/,,,,https://www.instagram.com/cumberlandkiaamherst/,"Car Repair & Service",yellowpages-ca,1,0,0
,"Seven Auto Repairs","750 Oakdale Rd, North York, ON M3N 2Z4",http://sevenautomotive.ca/,4167409645,info@sevenautomotive.ca,,,,,,,1064,222,1000,0,0,0,0,0,0,0,0,1,0,,,,,,"Auto Repair Garages",yellowpages-ca,1,0,0
,"Select Motors And Transmissions","6198 Netherhart Rd, Mississauga, ON L5T 2G7",http://selectmotors.ca/,9056968080,sales@selectmotors.ca,,,,,,,,,107,1,1,0,0,0,0,0,1,1,1,https://www.facebook.com/selectmotorsca/,,,,https://www.instagram.com/selectmotorsca/,"Auto Repair Garages",yellowpages-ca,1,0,0
,"Scarborough Nissan (1989) Ltd","1941 Eglinton Ave E, Scarborough, ON M1L 2M4",http://scarboroughnissan.com/,4167513511,sales@scarboroughnissan.com,4.1,832,,,,,406,593,,0,0,0,0,0,0,0,0,0,0,,,,,,"New Car Dealers",yellowpages-ca,1,0,0
,"B &amp; B Auto Repair &amp; Body Shop","46 Racine Rd, Etobicoke, ON M9W 2Z3",http://sarasotabodyshop.com/,4167457745,robert.bbauto@gmail.com,4.6,77,,,,,769,160,785,1,1,0,0,0,0,0,1,1,1,https://www.facebook.com/pages/BB-AUTO-BODY/483349595026806,,,,,,yellowpages-ca,1,0,0
,"S & D Auto Sales & Services","345 Red Maple Rd, Richmond Hill, ON L4C 6P2",http://sanddautosalesandservice.com/,9058898337,,,,,,,,,,,0,0,0,0,0,0,0,0,0,0,,,,,,"Auto Repair Garages",yellowpages-ca,1,0,0
,"Sam's Auto Tech Inc","773 Warden Ave. #15, Scarborough, ON M1L 4B7, Canada",http://samsautotoronto.ca,14167555777,,4.6,192,,,,,,,,0,0,0,0,0,0,0,0,0,0,,,,,,"Auto repair shop",google,1,0,0
,"Ryding Auto Body & Mechanical","1107 Castlefield Ave, Toronto, ON M6B 1E8, Canada",http://rydingautobody.com,14167876174,info@rydingautobody.com,4.8,492,,,,,1953,36,1900,1,1,0,0,0,0,0,1,1,0,https://www.facebook.com/Ryding-Auto-Body-and-Mechanical-Services-199405636757685/,,,https://www.youtube.com/watch?v=1nIMix5_JlM,https://www.instagram.com/rydingautobody/,"Auto body shop",google,1,0,0
,"Rust Check Center","8635 Keele St, Concord, ON L4K 2N1",http://rustcheckauto.com/,9057385007,,,,,,,,,,,1,0,0,0,0,0,0,1,1,0,,,,,,"Car Repair & Service,Rustproofing",yellowpages-ca,1,0,0
,"RS Auto","18 Taber Rd, Etobicoke, ON M9W 3A5",http://rsautocollision.ca/,4167442246,,5,23,,,,,,,,0,0,0,0,0,0,0,0,0,0,,,,,,"Auto Repair Garages",yellowpages-ca,1,0,0
,"Momo's Garage","2461 Dixie Rd, Mississauga, ON L4Y 2A1",http://robblackauto.com/,9056243034,,4.9,36,,,,,,,,0,0,0,0,0,0,0,0,0,0,,,,,,"Car Repair & Service",yellowpages-ca,1,0,0
,"Freshway Auto Repairs Ltd","101 Freshway Dr, Vaughan, ON L4K 1R9",http://rightwayautomotivetruckservicesltd.com/,9057385882,info@rightwayautomotivetruckservicesltd.com,,,,,,,,,,0,0,0,0,0,0,0,1,1,0,,,,,,"Car Repair & Service",yellowpages-ca,1,0,0
,"Richmond Hand Car Wash and Detailing","263 Richmond St W, Toronto, ON M5V 3M6, Canada",http://richmondcardetail.com/,16479375446,,4.9,157,,,,,,,,1,0,0,0,0,0,0,0,1,0,,,,,https://www.instagram.com/richmond_car_detailing,"Car detailing service",google,1,0,0
,Rates.ca,"225 King St W Suite 1000, Toronto, ON M5V 3M2, Canada",http://rates.ca,8447260907,support@rates.ca,4.6,2781,,,,,,,,0,0,0,0,0,0,0,1,1,0,,,https://www.linkedin.com/company/ratesdotca-group-ltd,,,"Auto insurance agency",google,1,0,0
,"Queensway Service Centre","126 Park Lawn Rd, Etobicoke, ON M8Y 3H8",http://queenswayservice.aaro.ca/,4162512222,,4.7,125,,,,,,,,1,0,0,0,0,0,0,0,0,0,,,,,,"Auto Repair Garages",yellowpages-ca,1,0,0
,"Auto Collision","115 City View Dr, Etobicoke, ON M9W 5A8",http://queenswaycollision.com/,4162558511,,,,,,,,,,,0,0,0,0,0,0,0,0,0,0,,,,,,"Car Repair & Service",yellowpages-ca,1,0,0
,"Pro-Can Automotive & Engine Rebuilders Inc","50 Ritin Ln, Thornhill, ON",http://procanautomotive.com/,9056690882,,,,,,,,,,,1,0,0,0,0,0,0,1,1,0,,,,,,"Car Repair & Service",yellowpages-ca,1,0,0
,"Power Shift Transmissions","18-151 Toryork Dr, North York, ON M9L 1X9",http://powershift-transmission.com/,4167448844,,,,,,,,,,,0,0,0,0,0,0,0,0,0,0,,,,,,"Auto Repair Garages",yellowpages-ca,1,0,0
,"Portugal Auto Garage","650 Dundas St W, Toronto, ON M5T 1H9, Canada",http://portugalautogarage.aaro.ca,14166031554,,4.6,86,,,,,,,,1,0,0,0,0,0,0,0,0,0,,,,,,"Auto repair shop",google,1,0,0
,"Peter's Garage","5 Robert St, Toronto, ON M5S 2K2, Canada",http://petersgarage.ca/,14169248219,petersgarage@rogers.com,4.912,115,,,,,191,48,191,1,0,0,0,0,0,0,1,1,0,https://www.facebook.com/petersgaragetoronto/,,,,https://www.instagram.com/petersgarage_toronto/,"Auto repair shop in Toronto, Ontario",google-places,1,0,0
,"Perfection Auto Service Inc","101A Freshway Dr, Concord, ON L4K 1R9",http://perfectionauto.aaro.ca/,9056690517,,,,,,,,,,,1,0,0,0,0,0,0,0,0,0,,,,,,"Car Repair & Service",yellowpages-ca,1,0,0
,"Paul's Service Centre","350 Weston Rd, York, ON M6N 3P9, Canada",http://paulsservicecentre.ca/,14167669319,,4.5,221,,,,,,,,1,1,0,0,0,0,0,1,1,1,facebook.com/paulsserviceandsales,,,,,"Auto repair shop",google,1,0,0
,"Paul’s Service Centre","350 Weston Rd, Toronto, ON M6N 3P9",http://paulsservicecenter.com,4167669319,,4.5,165,2.9,7,,,,,,0,0,0,0,0,0,0,0,0,0,,,,,,"Auto Repair",yelp,1,0,0
,"Paragon Auto Repair","43 Hollinger Rd, East York, ON M4B 3G4, Canada",http://paragonautotoronto.ca,14167524040,info@paragonautorepair.ca,4.8,244,,,,,,,,1,1,0,0,0,0,0,0,0,0,,,,,,"Auto body shop",google,1,0,0
,"Palden's Friendly Auto Repair","521 Keele St, Toronto, ON M6N 3E4, Canada",http://paldensauto.com,16477482166,friendlyautorepair@gmail.com,4.8,192,,,,,16,19,16,1,0,0,0,0,0,0,1,1,1,https://www.facebook.com/pages/Paldens%20Friendly%20Auto%20Repair/1002744053124210/,,,,http://instagram.com/friendly_autosales,"Auto repair shop",google,1,0,0
,"PAINTSTORE TORONTO","107 Baldwin St, Toronto, ON M5T 1L5, Canada",http://paintstoretoronto.com,14169773502,gary@paintstore.ca,4.6,162,,,,,,,352,1,1,0,0,0,0,0,1,1,0,,,,https://www.youtube.com/@paintstoretoronto7437,https://www.instagram.com/paintstoretoronto/,"Paint store",google,1,0,0
,"Paint-a-Car Collision","3197 Lenworth Dr, Mississauga, ON L4X 2G6",http://paintacarcollision.ca/,9056252660,info@paintacarcollision.ca,4.5,39,,,,,,,,1,1,0,0,0,0,0,1,1,0,,,,,,"Auto Body Repair & Painting Shops,Auto Repair Garages",yellowpages-ca,1,0,0
,"OPENLANE Canada","370 King St W Suite 600, Toronto, ON M5V 1J9, Canada",http://openlane.ca/,8882604604,,3.9,551,,,,,2328,,2300,1,1,1,0,0,0,0,1,1,1,https://www.facebook.com/openlaneinc/,,,,,"Auto auction",google,1,0,0
,"Nu-Way Auto","7089 Torbram Rd, Mississauga, ON L4T 1G7",http://nuwayauto.ca/,9056788888,bobby@nuwayauto.ca,,,,,,,24,,24,1,1,0,0,0,0,0,1,1,1,https://www.facebook.com/Nu-Way-Auto-2324608954272967/,,,,https://www.instagram.com/nuway_auto_mississauga/,"Auto Repair Garages",yellowpages-ca,1,0,0
,"North York Motors","1208 Caledonia Rd, North York, ON M6A 2W5, Canada",http://northyorkmotors.com/,14167809041,service@northyorkmotors.com,4.5,53,,,,,,,,1,1,0,0,0,0,0,0,1,0,,,,,,"Auto repair shop",google,1,0,0
,"Services Kn Auto","4801 Keele St, North York, ON M3J 3A4",http://northyorkautorepair.ca/,4162382421,,,,,,,,,,,0,0,0,0,0,0,0,0,0,0,,,,,,"Car Repair & Service",yellowpages-ca,1,0,0
,"North Seven Autobody Ltd","145 Rivermede Rd, Concord, ON L4K 3M4",http://northsevenautobody.com/,9056691121,general@northsevenautobody.com,4.5,174,,,,,,,,1,1,0,0,0,0,0,0,1,0,,,,,https://www.instagram.com/northsevenautobody/,"Auto Body Repair & Painting Shops",yellowpages-ca,1,0,0
,"New Castle Auto Body","85 Portland St, Etobicoke, ON M8Y 1A9",http://newcastlemotorsinc.com/,4162519304,,4.8,24,,,,,,,,0,0,0,0,0,0,0,0,0,0,,,,,,"Auto Body Repair & Painting Shops,Auto Repair Garages",yellowpages-ca,1,0,0
,"NAPA AUTOPRO - All Brand Auto Service and Sales","2 Castleton Ave,Unit 2, Toronto, ON M6N 3Z5",,4167610008,allbrandautopro@outlook.com,,,,,,,63,6,63,0,0,0,0,0,0,0,0,0,0,http://www.facebook.com/698426483685588,,https://www.linkedin.com/company/gyi,,,"Auto Repair Garages,Car Repair & Service",yellowpages-ca,,0,0
,"M-Tech Auto Inc","34 Guardsman Rd, Thornhill, ON L3T 6L3",http://mtechauto.ca/,9057719991,info@mtechauto.ca,,,,,,,,,,1,0,0,0,0,0,0,1,1,0,,,,,,"Car Repair & Service",yellowpages-ca,1,0,0
,"MRP Auto Repair Ltd","21 Elrose Ave, North York, ON M9M 2H5",http://mrpauto.com/,4167692115,,4.9,43,,,,,,,,0,0,0,0,0,0,0,0,0,0,,,,,,"Auto Repair Garages,Car Repair & Service",yellowpages-ca,1,0,0
,"Montero Auto Centre","1101 Finch Ave W, North York, ON M3J 2C9",http://monteroauto.com/,4166651940,sales@monteroautocentre.ca,,,,,,,,,,1,1,0,0,0,0,0,1,1,1,,,,,https://www.instagram.com/montero.autocentre/,"Car Repair & Service,Used Car Dealers",yellowpages-ca,1,0,0
,"Montana Auto Center","39 Eddystone Ave, North York, ON M3N 1H5",http://montanaauto.aaro.ca/,4167438189,,4.2,34,,,,,,,,1,0,0,0,0,0,0,0,0,0,,,,,,"Auto Repair Garages",yellowpages-ca,1,0,0
,"Modern Auto","750 Oakdale Rd, North York, ON M3N 2Z4",http://modernautocenter.ca/,4167471501,,,,,,,,,,,0,0,0,0,0,0,0,0,0,0,,,,,,"Auto Repair Garages,Car Repair & Service",yellowpages-ca,1,0,0
,"Fisher Automotive","1723 Mattawa Ave, Mississauga, ON L4X 1K5",http://mississaugaautorepair.ca/,2898053894,,,,,,,,,,,0,0,0,0,0,0,0,0,0,0,,,,,,"Car Repair & Service",yellowpages-ca,1,0,0
,"Seneca Auto Body","1109 Seneca Avenue, Mississauga, ON L5G 3X8",http://mississaugaautobodytowing.ca/Default.aspx,9052717000,,4.4,333,3.3,26,,,,,,0,0,0,0,0,0,0,0,0,0,,,,,,"Auto Repair,Car Rental,Body Shops",yelp,1,0,0
,"Millennium Auto Body Centre","1776 Albion Rd, Etobicoke, ON M9V 1C1",http://millenniumautobodycentre.com/,4162363001,,,,,,,,,,,0,0,0,0,0,0,0,0,0,0,,,,,,"Auto Body Repair & Painting Shops",yellowpages-ca,1,0,0
,"Mikes Auto Service","247 Carrier Dr, Etobicoke, ON M9W 5Y9",http://mikesautocentre.com/,4166751457,,4.1,13,,,,,,,,0,0,0,0,0,0,0,0,0,0,,,,,,"Auto Repair Garages",yellowpages-ca,1,0,0
,"Midas Auto Service Experts","5541 Dundas St W, Toronto, ON M9B 1B8",http://midas.ca/,4162394851,info@midas.ca,,,,,,,131060,,131000,1,1,1,1,0,0,0,0,1,0,https://www.facebook.com/midas,https://twitter.com/midas,,https://www.youtube.com/mymidasguy,https://www.instagram.com/midasofficial,"Auto Repair Garages",yellowpages-ca,1,0,0
,"Meineke Car Care Centre","57 N Queen St, Etobicoke, ON M8Z 2C7",http://meineke.ca/,4169000800,info@meineke.ca,,,,,,,32538,9312,32000,1,1,0,1,0,0,0,1,1,0,https://www.facebook.com/meinekecarcareusa,,,,,"Auto Repair Garages",yellowpages-ca,1,0,0
,"David Auto Service","81 Milvan Dr, North York, ON M9L 1Y8",http://meeroautoparts.com/,4166463113,,5,3,,,,,,,,0,0,0,0,0,0,0,0,0,0,,,,,,"Used Car Dealers,Car Repair & Service",yellowpages-ca,1,0,0
New,"MASTERTECH AUTO REPAIR","76 Kingston Rd, Toronto, ON M4L 1S6, Canada",http://mastertechcar.com,19424449611,info@mastertechcar.com,5,43,,,,,,,,1,0,0,0,0,0,0,1,1,0,,,,,,"Auto repair shop",google,1,0,0
,"Master Autos - Auto Repair & Service Toronto","2300 Finch Ave W Unit #19, North York, ON M9M 2Y3, Canada",http://masterautos.ca,14163175467,info@masterautos.ca,4.7,84,,,,,19,,19,1,1,0,0,0,0,0,1,1,0,https://www.facebook.com/Master-Autos-160370394905039/,https://twitter.com/autos_master,,,,"Car repair and maintenance service",google,1,0,0
,"Lightning Auto & Body Repair","7 Racine Rd, Etobicoke, ON M9W 2Z2",http://lightningauto.ca/,4166557571,,,,,,,,,,,0,0,0,0,0,0,0,0,0,0,,,,,,"Auto Repair Garages",yellowpages-ca,1,0,0
,"LGT Auto","170 Ellesmere Rd, Scarborough, ON M1R 4C8",http://lgtauto.ca/,4167554137,,,,,,,,,,,1,1,0,0,0,0,0,0,0,0,,,,,,"Auto Repair Garages,Car Repair & Service",yellowpages-ca,1,0,0
,"KWL Automotive Centre","3-1405 Bloor St W Unit 3 Toronto, ON M6P 3L4 Canada",http://kwlautomotivecentre.ca,4165886586,kwlautomotive@gmail.com,,,4,4,,,,,35,1,1,0,0,0,0,0,1,1,1,https://www.facebook.com/KWL-Automotive-Centre-1561395227504460/?fref=nf,,,,,"Auto Repair,Tires,Oil Change Stations",yelp,1,0,0
,"Krown Rust Control","125A Laird Dr, East York, ON M4G 3T7, Canada",http://krown.com,14164676600,info@krown.com,4.3,201,,,,,,,,1,1,1,0,0,0,0,1,1,0,"https://www.facebook.com/krown\",,https://www.linkedin.com/company/krown-usa,,,Car repair and maintenance service""",google,1,0,0
,"Kipling Tire","837 Kipling Ave, Etobicoke, ON M8Z 5G8, Canada",http://kiplingtire.ca,14162335551,justin@kiplingtire.ca,4.7,1052,,,,,,,,1,1,0,0,0,0,0,1,1,0,,https://twitter.com/KiplingTire,,//www.youtube.com/t/terms,,"Tire shop",google,1,0,0
,"Kingsway Auto","56 Six Point Road Toronto, ON M8Z 2X2",http://kingswayauto.ca,4162338823,singraldi@gmail.com,,,4.2,5,,,,,,1,1,0,0,0,0,0,1,1,1,,,,,https://www.instagram.com/kingswayautoto/,Autowerkstatt,yelp,1,0,0
,"Kc Auto","220 Dundas St W, Mississauga, ON L5B 1J2",http://kcautoproducts.com/,9052759000,,,,,,,,,,,1,0,0,0,0,0,0,1,0,0,,,,,,"Auto Repair Garages,Car Repair & Service",yellowpages-ca,1,0,0
,"Kambio | Richmond-Adelaide Centre","120 Adelaide St W P2, Toronto, ON M5H 1T1, Canada",http://kambio.ca/,14167793600,help@kambio.ca,5,2,,,,,,,,1,1,1,0,0,0,0,1,1,1,,,https://www.linkedin.com/company/kambioinc,,https://www.instagram.com/kambio.ca/,"Car repair and maintenance service",google,1,0,0
,"Just In Time Auto Service","155 Toryork Dr, North York ON M9L 1X9",http://justintimeautoservice.ca/,4166138857,jit.auto.service@gmail.com,,,,,,,500,3,500,1,1,0,0,0,0,0,1,1,1,https://www.facebook.com/jitauto,,,,https://www.instagram.com/justintimeautoservice/,,bing,1,0,0
,"F&icirc; &amp; &icirc;z Auto Service I &amp; &icirc; Sales Corp","66 Milvan Dr, North York, ON M9L 1Z5",http://ishtarauto.ca/,4168499299,,,,,,,,,,,0,0,0,0,0,0,0,0,0,0,,,,,,"Auto Repair Garages,New Car Dealers",yellowpages-ca,1,0,0
,"Isho Auto Glass Toronto","Gerrard St E, Toronto, ON M5B 1S1, Canada",http://ishoautoglass.ca,14375574746,ishoautoglass@gmail.com,5,39,,,,,,,,1,1,0,0,0,0,0,0,1,0,,,,,,"Auto glass repair service",google,1,0,0
,"Infiniti Downtown Service Centre","77 E Don Roadway, Toronto, ON M4M 2A5, Canada",http://infinitidowntown.ca,14169642582,digital@dag.cars,4.1,8,,,,,,,,1,1,1,0,0,0,0,1,1,1,,https://twitter.com/InfinitiDTTO,,https://www.youtube.com/@infinitidowntowntoronto7823,https://www.instagram.com/infinitidowntown.to/?hl=en,"Auto repair shop",google,1,0,0
,"Imprint Automotive","80 Carlauren Rd, Woodbridge, ON L4L 7Z5",http://imprintautomotive.com/,9058565505,,,,,,,,,,,0,0,0,0,0,0,0,1,1,0,,,,,,"Auto Repair Garages",yellowpages-ca,1,0,0
,"Ideal Auto Tech","1815 Lawrence Ave E #2, Scarborough, ON M1R 2Y3, Canada",http://idealautotech.com,14167525823,info@idealautotech.com,4.7,448,,,,,,,,1,1,0,0,0,0,0,1,1,0,,,,,,Mechanic,google,1,0,0
,"Hyundai Auto Canada Corp","75 Frontenac Dr, Markham, ON L3R 6H2",http://hyundaicanada.com/,9054770202,sponsorship@hyundaicanada.com,,,,,,,294001,,294000,1,1,0,1,0,0,0,1,1,0,,,,,,"Car Repair & Service",yellowpages-ca,1,0,0
,"High Quality Auto Service","45 Iron St, Etobicoke, ON M9W 1H1, Canada",http://hqautoservice.com,14166140594,,4.8,246,,,,,,,,1,0,0,0,0,0,0,1,1,0,,,,,,"Tire repair shop",google,1,0,0
,"Hm Auto Repair","8540 Keele St, Concord, ON L4K 2N2",http://hmauto.ca/,9056607558,,,,,,,,,,,0,0,0,0,0,0,0,1,1,0,,,,,,"Auto Repair Garages",yellowpages-ca,1,0,0
,"Hirji Auto Repairs Inc","60 Green Lane, Thornhill, ON L3T 7P5",http://hirjiautorepairs.ca/,9058864404,,,,,,,,,,,1,1,0,0,0,0,0,1,1,0,,,,,,"Auto Repair Garages,Car Repair & Service",yellowpages-ca,1,0,0
,"Hercules Automotive","78 Vaughan Rd, York, ON M6C 2L7, Canada",http://herculesautomotive.com,14169600400,,4.7,190,,,,,,,41,1,1,0,0,0,0,0,1,0,0,,,,,,"Auto repair shop",google,1,0,0
,"Hb Auto Repairs Ltd","1312 Britannia Rd E, Mississauga, ON L4W 1C8",http://hbautorepairs.com/,9056968042,,,,,,,,,,,1,1,0,0,0,0,0,0,0,0,,,,,https://www.instagram.com/repairlnhb,"Car Repair & Service",yellowpages-ca,1,0,0
,"GT Auto Specialist Inc","5900 Dixie Rd, Mississauga, ON L4W 1E9",http://gtemissions.com/,9056707888,gtinfo@knorr-bremse.com,,,,,,,,,,0,0,0,0,0,0,0,0,0,0,,,,,,"Car Repair & Service",yellowpages-ca,1,0,0
,"Car Service Toronto",,http://gtacarservices.com/,14168340545,info@speedylimousine.com,4.3,43,,,,,,,,1,0,0,0,0,0,0,1,1,0,,,,,,"Limousine service",google,1,0,0
,"Grand Prix Garage","888 St Clair Ave W, York, ON M6C 1C5, Canada",http://grand-prix-garage-york.edan.io,14166514362,,4.6,55,,,,,,,,0,0,0,0,0,0,0,0,1,0,,,,,,"Auto repair shop",google,1,0,0
,"Gas Tank Renu Ltd","1414 Martin Grove Rd, Etobicoke, ON M9W 4X8",http://gastankexchange.com/,4167442744,,4.5,92,,,,,,,,1,1,0,0,0,0,0,1,1,1,,,,,,"Auto Repair Garages,Car Radiators & Gas Tanks",yellowpages-ca,1,0,0
,"Gala Motors","379 Munster Ave, Etobicoke, ON M8Z 3C8",http://galamotors.ca/,4162336700,,,,,,,,,,,0,0,0,0,0,0,0,0,0,0,,,,,,"Auto Body Repair & Painting Shops,Car Repair & Service",yellowpages-ca,1,0,0
,"Future Auto Service","1530 Keele St, Toronto, ON M6N 3E9",http://futureautoservice.ca/,4166540049,,,,,,,,,,,0,0,0,0,0,0,0,0,0,0,,,,,,"Auto Repair Garages",yellowpages-ca,1,0,0
,"647 Auto Repair","12 Lepage Crt, North York, ON M3J 1Z9",http://fredauto.ca/,4168490929,,,,,,,,,,,0,0,0,0,0,0,0,0,0,0,,,,,,"Car Repair & Service",yellowpages-ca,1,0,0
,"Fix-n-Go - Toronto Auto Repair Service","1100 Finch Ave W Unit 6B, North York, ON M3J 2E2, Canada",http://fixngo.ca,16475146285,mfixngo@gmail.com,5,283,,,,,,,,1,1,0,0,0,0,0,1,1,0,,,,,,"Auto repair shop",google,1,0,0
,"FIX AUTO TORONTO JUNCTION","100 Union St, Toronto, ON M6N 3M9, Canada",http://fixauto.com,14166542868,info@speedy.com,4.8,115,,,,,4091,725,10000,1,1,1,1,0,0,0,1,1,1,https://www.facebook.com/FixAutoUSA/,https://twitter.com/fixautoksa,https://www.linkedin.com/company/fix-auto-usa,https://www.youtube.com/@fixautoksa,https://www.instagram.com/fixautousa/,"Auto body shop",google,1,0,0
,"Express Auto Collision","310 Greenwood Ave, Toronto, ON M4L 2R8, Canada",http://expressautocollision.ca/,14164652316,info@expressautocollision.ca,4.9,142,,,,,,,,1,1,0,0,0,0,0,1,1,0,,,,,,"Auto body shop",google,1,0,0
,"European Autobody","14 Goodmark Pl, Etobicoke, ON M9W 6R1",http://europeanautobody.com/,4166798722,info@euroab.com,,,,,,,442,45,442,1,0,0,0,0,0,0,1,1,1,https://www.facebook.com/euroautobody/,,,,https://www.instagram.com/europeanautobody/?hl=en,"Auto Body Repair & Painting Shops",yellowpages-ca,1,0,0
,"Euro Dynamics","117 Planchet Rd, Concord, ON L4K 2C6",http://eurodynamics.aaro.ca/,9057383347,,,,,,,,,,,1,0,0,0,0,0,0,0,0,0,,,,,,"Auto Repair Garages,Car Repair & Service",yellowpages-ca,1,0,0
,"Euro Choice Windows and Doors","84 Kenhar Dr, North York, ON M9L 1N2",http://eurochoicewindows.com/,18552339463,info@eurochoicewindows.com,,,,,,,2478,3,2400,1,1,0,1,0,0,0,1,1,1,https://www.facebook.com/EuroChoiceWindows,,,,,"Auto Repair Garages",yellowpages-ca,1,0,0
,"Eighth Day Solutions","6033 Shawson Dr, Mississauga, ON L5T 1H8",http://eighthdaysolutions.com/,9053620529,info@nbavmount.com,,,,,,,,,,1,1,0,0,0,0,0,0,0,0,,,,,,"Auto Repair Garages",yellowpages-ca,1,0,0
,"Dufferin Rogers Auto Service & Sales","2069 Dufferin St, York, ON M6E 3R6, Canada",http://dufferin-sales.edan.io,14169136868,,3.8,84,,,,,,,,0,0,0,0,0,0,0,0,1,0,,,,,,"Auto repair shop",google,1,0,0
,"Dixie-Bloor Service","3405 Dixie Road, Mississauga, ON L4Y 2A9",http://dixiebloorservice.ca/,9056254320,dixiebloorservice@bellnet.ca,4.7,97,,,,,,,,1,1,0,0,0,0,0,1,1,0,,,,,,"Auto Repair Garages,Car Repair & Service",yellowpages-ca,1,0,0
,"Diamant Motors","1870 Kipling Ave, Etobicoke, ON M9W 4J1",http://diamantmotors.com/,4162411773,,,,,,,,,,,0,0,0,0,0,0,0,0,0,0,,,,,,"Auto Repair Garages",yellowpages-ca,1,0,0
,"Dcam Auto Service Inc","126 Oakdale Rd, North York, ON M3N 1V9",http://dcamauto.ca/,4167437255,,4.7,29,,,,,,,,0,0,0,0,0,0,0,0,0,0,,,,,,"Auto Repair Garages",yellowpages-ca,1,0,0
,"Dashboard Instrument Cluster","750 Oakdale Rd, North York, ON M3N 2Z4",http://dashboardinstrumentcluster.com/,4169393533,miami@dashboardinstrumentcluster.com,,,,,,,117,,129,1,1,1,0,0,0,0,1,1,1,https://www.facebook.com/people/Dashboard-Instrument-Cluster/100069856758865/,,https://www.linkedin.com/pulse/dashboard-instrument-cluster-dashboard-instrument-cluster-/,,https://www.instagram.com/dashboardinstrumentcluster/,"Auto Repair Garages",yellowpages-ca,1,0,0
,"Danforth Auto Tech","1110 Danforth Ave, Toronto, ON M4J 4Y9, Canada",http://danforthautotech.com,14164653105,,4.8,63,,,,,,,,0,0,0,0,0,0,0,0,0,0,,,,,,"Auto repair shop",google,1,0,0
,"Dad's Auto Centre Plus","94 Kenhar Dr, North York, ON M9L 1N2",http://dadsauto.ca/,4167418861,richard@dadsauto.ca,4.8,20,,,,,,,,0,0,0,0,0,0,0,0,0,0,,,,,,"Auto Repair Garages",yellowpages-ca,1,0,0
,"Curtis Transmission","200 Burnhamthorpe Rd E, Mississauga, ON L5A 4L4",http://curtistransmission.ca/,9052069439,,,,,,,,,,,0,0,0,0,0,0,0,0,0,0,,,,,,"Car Repair & Service,Transmission",yellowpages-ca,1,0,0
,"Salim's Auto Repair","1487 Queen St E, Toronto, ON M4L 1E4, Canada",http://crawfordservicestation.shop,14164634439,,4.3,83,,,,,,,,1,0,0,0,0,0,0,1,1,1,,,,,,"Auto repair shop",google,1,0,0
,"Colorworks Auto Services","6160 Ordan Dr, Mississauga, ON L5T 2B3",http://colorworks.ca/,9056709522,care@colorworks.ca,,,,,,,1309,,1300,1,1,1,1,0,0,0,1,1,1,https://www.facebook.com/colorworkscanada/,https://twitter.com/colorworksauto,https://www.linkedin.com/company/colorworks-autobody-centers/?viewAsMember=true,,https://www.instagram.com/colorworks.autobody/?hl=en,"Car Repair & Service",yellowpages-ca,1,0,0
,"Pro Choice Auto Center","1100 Finch Ave W, North York, ON M3J 2E2",http://choiceautocenter.com/,4166631235,,,,,,,,,,,0,0,0,0,0,0,0,0,1,0,,,,,,"Auto Repair Garages,Auto Glass & Windshields",yellowpages-ca,1,0,0
,"Changes on the Fly Inc.","1867 Yonge St Suite 905, Toronto, ON M4S 1Y5, Canada",http://changesonthefly.com/,16474996657,info@changesonthefly.com,4.5,24,,,,,,,,1,0,0,0,0,0,0,1,1,0,,,https://www.linkedin.com/company/changes-on-the-fly,,,"Car repair and maintenance service",google,1,0,0
,"Certified Transmissions Limited","6B-1125 Crestlawn Dr, Mississauga, ON L4W 1A7",http://certifiedtransmissions.ca/,9056247228,,,,,,,,,,,0,0,0,0,0,0,0,0,0,0,,,,,,"Car Repair & Service,Transmission",yellowpages-ca,1,0,0
,"Teddy Car Care MOBILE AUTO DETAILING","295 Shuter St, Toronto, ON M5A 1W6, Canada",http://cardetailingpros.shop,14166486615,,4.8,12,,,,,,,,1,0,0,0,0,0,0,1,1,0,,,,,,"Car detailing service",google,1,0,0
,"Greatminds Car Care @ Toronto","691 Old Weston Rd, north york, ON M6N 3B7, Canada",http://carcaretoronto.ca,15488827888,carcare.toronto001@gmail.com,4.9,115,,,,,,,,1,1,0,0,0,0,0,1,1,0,,,,,,"Tire shop",google,1,0,0
,"Canadian Tire Auto Service Centre","839 Yonge St, Toronto, ON M4W 2H2, Canada",http://canadiantire.ca,14169255927,dn.administration@cantire.com,3.3,87,,,,,,,,0,0,0,0,0,0,0,0,1,0,,,,,,"Auto repair shop",google,1,0,0
,"Canada Computers & Electronics","312 Yonge St, Toronto, ON M5B 1R4, Canada",http://canadacomputers.com,14169260107,corporate@canadacomputers.com,4,1841,,,,,,,,0,0,0,0,0,0,0,0,1,0,,,,,,"Computer store",google,1,0,0
,"Canada Auto Parks Anp Ltd","507 College St, Toronto, ON M6G 1A8, Canada",http://canadaautoparks.com/,14163629900,info@canadaautoparks.com,3.3,24,,,,,,,,1,0,0,0,0,0,0,1,1,0,,,,,,"Parking garage",google,1,0,0
,"California Auto Collision","421 Bowes Rd, Concord, ON L4K 1J5",http://californiaauto.ca/,9057610559,info@californiaauto.ca,4.8,49,,,,,,,,1,0,0,0,0,0,0,0,1,0,,,,,,"Auto Body Repair & Painting Shops",yellowpages-ca,1,0,0
,"Brothers Auto Detailing","5025 Steeles Ave W, North York, ON M9L 2X1",http://brothersdetailcenter.com/,4167423530,info@brothersdetailcenter.com,,,,,,,,,,1,0,0,0,0,0,0,1,1,0,,,,,,"Car Repair & Service",yellowpages-ca,1,0,0
,"B M C Auto Collision Inc","140 Bradwick Dr, Concord, ON L4K 1K8",http://bmccollision.ca/,9056600848,info@bmccollision.ca,,,,,,,213,,213,1,1,0,1,0,0,0,1,1,0,https://www.facebook.com/BMC-Auto-Collision-Inc-438403559565572,,,,https://www.instagram.com/bmc_auto_collision,"Auto Body Repair & Painting Shops",yellowpages-ca,1,1,0
,"Bloor West Auto EuroMechanic","1075 Queensway E #12A, Mississauga, ON L4Y 4C8",http://bloorwestautotirecraft.ca/,4162392911,,,,,,,,,,,1,1,1,0,0,0,0,1,0,1,,,,,,"Tire Retailers,Tire Manufacturers & Distributors",yellowpages-ca,1,0,0
,"Dynamic Transmissions","1695 Wilson Ave, North York, ON M3L 1A5",http://beverlyhillsautocentre.com/,6478493436,beverlyhillsauto@rogers.com,2.7,3,,,,,,,,1,1,0,0,0,0,0,1,1,0,,,,,,"Car Repair & Service,Transmission",yellowpages-ca,1,0,0
,"Bestway For Imports","1660 Weston Rd, York, ON M9N 1V1",http://bestwayvwaudiservice.com/,4163663929,bestway.for.imports@gmail.com,4,27,,,,,,,,1,1,0,0,0,0,0,1,1,0,,,,,,"Auto Repair Garages",yellowpages-ca,1,0,0
,"Belen Automotive","2350 Haines Road Unit 2B Mississauga, ON L4Y 1Y6",http://belenautomotive.com,9056998999,belenautomotive@gmail.com,4.7,174,4,4,,,307,32,379,1,0,0,0,0,0,0,1,0,1,https://www.facebook.com/belenautomotive,,,,https://www.instagram.com/belenautomotive,"Auto Repair,Tires",yelp,1,0,0
,Autotrend,"1203 Broadview Ave, East York, ON M4K 2T1, Canada",http://autotrend.net,14166962277,info@autotrend.net,4.9,182,,,,,,,,1,0,0,0,0,0,0,0,1,0,,,,,,"Auto repair shop",google,1,0,0
,"Auto Tech Express","Unit 5, 614 Danforth Rd, Scarborough, ON M1K 1E9, Canada",http://autotechexpress.com,14166889676,info@autotechexpress.com,4.9,555,,,,,28,,28,1,1,0,0,0,0,0,1,1,1,https://www.facebook.com/autoexpressmechanic/,,,,https://instagram.com/autotechexpress?igshid=c1zmj8xll6wq,"Auto repair shop",google,1,0,0
,"​​Auto Stop","1815 Lawrence Ave E Unit1, Scarborough, ON M1R 2Y3, Canada",http://autostopmechanic.ca,14168499055,autostopmechanic@outlook.com,4.8,1138,,,,,30,,127,1,0,0,0,0,0,0,0,1,0,,,,,,"Auto repair shop",google,1,0,0
,"Cash For Junk Cars Toronto - Auto Scrappers","1200 Bay St. Suite # 202, Toronto, ON M4W 1J2, Canada",http://autoscrappers.ca,16477662292,info@autoscrappers.ca,3.7,22,,,,,,,57,1,1,0,0,0,0,0,1,1,1,https://www.facebook.com/AutoScrappers/,,,,https://instagram.com/autoscrappers/,"Auto wrecker",google,1,0,0
New,"Auto Royale Mobile Car Detailing Toronto","University Ave, Toronto, ON M5G 1X3, Canada",http://autoroyale.ca/toronto,16476960723,,5,100,,,,,,,,1,0,0,0,0,0,0,1,1,0,,,,,,"Car detailing service",google,1,0,0
,"McDonalds Service Centre","1334 Dundas St E, Mississauga, ON L4Y 2C1",http://autorepairmississaugaon.ca/,2897240955,,,,,,,,,,,0,0,0,0,0,0,0,0,0,0,,,,,,"Car Repair & Service",yellowpages-ca,1,0,0
,"Auto Profix","130 Lepage Crt, North York, ON M3J 3J1",http://autoprofix.ca/,4166351846,paweldebski007@gmail.com,,,,,,,,,,0,0,0,0,0,0,0,0,1,0,,,,,,"Auto Repair Garages",yellowpages-ca,1,0,0
,"Auto One Service Toronto","150 Oakdale Rd, North York, ON M3N 1W1, Canada",http://autooneservice.ca,14164794400,letsschedule@autoone.ca,5,4,,,,,,,,1,1,0,0,0,0,0,1,1,1,,,,,,"Auto repair shop",google,1,0,0
,"Automotive Envy","8540 Keele St, Vaughan, ON L4K 2N2",http://automotive-envy.com/,9056609921,,,,,,,,,,,0,0,0,0,0,0,0,0,0,0,,,,,,"Auto Repair Garages",yellowpages-ca,1,0,0
,"Sunny Auto Tech Inc","29 Algie Ave, Etobicoke, ON M8Z 5J9",http://automobileservices.info/,4162519559,,4.5,38,,,,,,,,1,1,0,0,0,0,0,1,1,0,,,,,,"Car Repair & Service",yellowpages-ca,1,1,0
,"Autoglass Toronto","85 Laird Dr, East York, ON M4G 3T7, Canada",http://autoglassrepairs.ca,14168569049,info@autoglassrepairs.ca,4.3,24,,,,,,,,1,1,1,0,0,0,0,1,1,1,,,,,,"Auto glass shop",google,1,0,0
,Autofix,"280 Raleigh Ave Unit 4, Scarborough, ON M1K 1A9, Canada",http://autofixeast.ca/,14378604910,gangarajah2024@gmail.com,5,3,,,,,,,,1,0,0,0,0,0,0,0,1,0,,,,,,"Auto repair shop",google,1,0,0
,"Auto Edge Rustproofing","5950 Atlantic Dr, Mississauga, ON L4W 1N6",http://autoedgemississauga.com/,9055646788,autoedgemississauga@gmail.com,5,163,,,,,,,,1,1,0,0,0,0,0,0,1,0,,,,,http://instagram.com/autoedgemississauga,"Auto Repair Garages",yellowpages-ca,1,0,0
,"Cosmo Autobody","353 Olivewood Rd, Etobicoke, ON M8Z 2Z6",http://autobodyrepairetobicoke.com/,4162321313,,4.9,141,,,,,,,,0,0,0,0,0,0,0,0,0,0,,,,,,"Auto Repair Garages,Auto Body Repair & Painting Shops",yellowpages-ca,1,0,0
,"Audi Downtown Toronto","328 Bayview Ave, Toronto, ON M5A 3R7, Canada",http://audidowntowntoronto.ca,14169612834,sserbanescu@awin.ca,4.6,2917,,,,,,,,0,0,0,0,0,0,0,0,1,0,,,,,,"Audi dealer",google,1,0,0
,"Atlantic Auto","6121 Atlantic Dr, Mississauga, ON L5T 1N7",http://atlantic-group.ca/,9055647072,ace@atlantic-group.ca,,,,,,,89,7,89,1,0,0,0,0,0,0,1,1,1,https://web.facebook.com/Atlantic-Collision-Group-ACG-396148783732717,,,,,"Auto Body Repair & Painting Shops,Auto Repair Garages",yellowpages-ca,1,0,0
,"Asia Auto Service Centre","2492 St Clair Ave W, York, ON M6N 1L3",http://asiaautoservice.ca/,4167660505,,4.6,145,,,,,,,,0,0,0,0,0,0,0,0,0,0,,,,,,"Auto Repair Garages,Car Repair & Service",yellowpages-ca,1,0,0
,"Asia Auto Service Centre Inc.","2492 St Clair Ave W, York, ON M6N 1L3, Canada",http://asiaautosales.ca,14167660505,,4.6,218,,,,,,,,1,1,0,0,0,0,0,1,1,1,//www.facebook.com/,,,,//www.instagram.com/,"Auto repair shop",google,1,0,0
,"Art's Garage","2-260 Midwest Rd, Scarborough, ON M1P 3B4",http://artsgarage.org/,4167556878,info@artsgarage.org,,,,,,,,,,1,1,0,0,0,0,0,1,1,1,,https://twitter.com/artsgaragefl,https://www.linkedin.com/company/arts-garage-delray/,https://www.youtube.com/user/DelrayArtsGarage,https://www.instagram.com/artsgaragedelraybeach/,"Auto Repair Garages",yellowpages-ca,1,0,0
,"Appliance Repair Toronto","55 University Ave Unit 628, Toronto, ON M5J 2H7, Canada",http://appliancerepairexperts.ca/,16476421414,repairappliancetech.ca@gmail.com,4.7,314,,,,,,,6,1,1,0,0,0,0,0,1,1,1,https://www.facebook.com/people/Appliance-Repair-Toronto/61558664995003/,,,https://www.youtube.com/channel/UC9MBiKvvGbZ75e58YABl96A,,"Appliance repair service",google,1,1,0
,"Applewood Hills Auto Service Limited","2320 Dixie Rd, Mississauga, ON L4Y 1Z4",http://applewoodhillsauto.com/,9052736999,applewoodhillsauto@gmail.com,,,,,,,177,20,177,1,0,0,0,0,0,0,0,1,0,"https://www.facebook.com/ApplewoodHillsAutoService?mibextid=LQQJ4d\",,,,,Auto Repair Garages""",yellowpages-ca,1,0,0
,"Apex Motor Works","50 Ritin Lane, Concord, ON L4K 4C9",http://apexmotorworks.ca/,9056609290,apexmotorworks@yahoo.com,,,,,,,,,,1,1,0,0,0,0,0,1,0,0,,,,,,"Car Repair & Service",yellowpages-ca,1,0,0
,"A.P. Car Care","220 Yonge St, Toronto, ON M5B 2H1, Canada",http://apcarcare.setmore.com,14169799191,help@setmore.com,5,258,,,,,,,,1,1,1,0,0,0,0,1,1,0,,,,,https://www.instagram.com/a.p.carcare/profilecard/?igsh=MXh5MndyaThiZXR6Yg==,"Car wash",google,1,0,0
,"ANS Transmission","49-175 Toryork Dr, North York, ON M9L 2Y7",http://anstransmission.com/,6478468773,,,,,,,,,,,0,0,0,0,0,0,0,0,0,0,,,,,,"Auto Repair Garages,Transmission",yellowpages-ca,1,0,0
,"ALPHASHINE | Car Detailing","55 Avenue Rd, Toronto, ON M5R 3L2, Canada",http://alphashine.io,16472492960,info@alphashine.io,4.9,772,,,,,362,92,362,1,1,1,1,0,0,0,1,1,0,https://www.facebook.com/alphashine.io,https://twitter.com/ALPHASHINE_IO,https://www.linkedin.com/company/alphashine/mycompany/,https://www.youtube.com/@alphashine-to,https://www.instagram.com/alphashine.io/,"Car detailing service",google,1,0,0
,"Alpha Auto Tech","655 Queensway East, Mississauga, ON L5A 3X6",http://alphaautotech.com/,9058969989,alphaautotech6@gmail.com,4.5,83,,,,,,,,0,0,0,0,0,0,0,0,0,0,,,,,,"Auto Repair Garages,Car Repair & Service",yellowpages-ca,1,0,0
,"Toryork Auto Service & Sales","50-175 Toryork Dr, North York, ON M9L 2Y7",http://allianceauto.ca/,4167496597,socialmedia@plesk.com,,,,,,,66175,,66000,1,0,0,0,0,0,0,0,0,0,https://www.facebook.com/Plesk,,,https://www.youtube.com/channel/UCeU-_6YHGQFcVSHLbEXLNlA/playlists,,"Auto Repair Garages",yellowpages-ca,1,0,0
,"All-Type Transmission","144 Sixteenth St, Etobicoke, ON M8V 3K1",http://all-typetransmission.ca/,4162558118,,4.5,52,,,,,,,,0,0,0,0,0,0,0,0,0,0,,,,,,"Auto Repair Garages,Oil Changes & Lubrication Service",yellowpages-ca,1,1,0
,"Alfa Romeo of Toronto","550 Adelaide St E, Toronto, ON M5A 3Y7, Canada",http://alfaromeooftoronto.ca,14169151400,sbiris@alfamaseratitoronto.ca,4.9,195,,,,,305,45,305,1,1,1,1,0,0,0,1,1,1,https://www.facebook.com/AlfaToronto,,,,https://www.instagram.com/alfamaseratitoronto/,"Alfa Romeo dealer",google,1,0,0
,"Nordiq Traders","1-153 Norfinch Dr, North York, ON M3N 1Y2",http://ajtireandautorepaircentre.webs.com/,4166505554,inquiries@webs.com,,,,,,,,,,0,0,0,0,0,0,0,0,0,0,,,,,,"Auto Repair Garages,Car Repair & Service",yellowpages-ca,1,0,0
,"Cabi's Auto Repair","346 Eastern Ave, Toronto, ON M4M 3G5, Canada",http://ahwaiauto.com,14164620404,contact@ahwaiauto.com,4.2,48,,,,,,,113,1,1,1,0,0,0,0,1,1,1,,,,,,"Auto repair shop",google,1,0,0
,"Ah Wai Auto car Inspection Centre","346 Eastern Ave, Toronto, ON M4M 3G5, Canada",http://ahwaiauto.com,14167780185,akrem@ahwaiauto.com,4.3,214,,,,,,,,1,1,1,0,0,0,0,1,1,1,,,,,,"Auto repair shop",google,1,0,0
,"Add Cel Ltd","1075 Fewster Dr, Mississauga, ON L4W 1A2",http://addcelmotors.com/,9056026999,,,,,,,,,,,0,0,0,0,0,0,0,0,0,0,,,,,,"Car Repair & Service",yellowpages-ca,1,0,0
,"Tier 1 Auto & Exhaust","4200 Weston Rd, North York, ON M9L 1W7",http://adams.mechanicnet.com/,4167499344,sales@mechanicnet.com,,,,,,,,,,0,0,0,0,0,0,0,0,0,0,,,,,,"Auto Repair Garages",yellowpages-ca,1,0,0
,"Adams Service Centre","4200 Weston Rd, North York, ON M9L 1W7",http://adams.mechanicnet.com/,4167499344,mullaneys@mechanicnet.com,,,,,,,,,,0,0,0,0,0,0,0,0,0,0,,,,,,"Auto Repair Garages",yellowpages-ca,1,0,0
,"Adam Auto Centre","4 Elrose Ave, North York, ON M9M 2H6",http://adam-auto-centre.on.ontariox.com/,4167476568,,4.9,40,,,,,,,,0,0,0,0,0,0,0,1,0,0,,,,,,"Auto Repair Garages,Car Repair & Service",yellowpages-ca,1,0,0
,"Action Auto Glass","1300 Shawson Dr, Mississauga ON L4W 1C3",http://actionautoglass.ca/Home.aspx,19055640976,service@actionautoglass.ca,4.9,35,,,,,,,,0,0,0,0,0,0,0,0,0,0,https://www.facebook.com/serviceactionautoglss/,,,,,"Auto glass service",bing,1,0,0
,"Accurate Auto Repair","5900 Dixie Rd, Mississauga, ON L4W 1E9",http://accurateauto.ca/,9057959394,info@accurateauto.ca,,,,,,,,,,1,1,0,0,0,0,0,1,1,1,https://www.facebook.com/share/iKweJ4SfYWnHz8Z3/?mibextid=WC7FNe,,,Https://www.youtube.com/watch?v=c2pz2mlSfXA,https://www.instagram.com/accurateautorepair/,"Auto Repair Garages,Car Repair & Service",yellowpages-ca,1,1,0
,"A & A Garage","111 Strachan Ave #2, Toronto, ON M6J 2S7, Canada",http://aatorontomechanic.ca,14167037038,asa.cars1@gmail.com,3.6,261,,,,,,,,1,0,0,0,0,0,0,0,0,0,,,,,,Mechanic,google,1,0,0
,"A&I Automotive Inc","741A Runnymede Rd, Toronto, ON M6N 3V7, Canada",http://aandiauto.ca/,14167609994,aandiautomotive@gmail.com,5,148,,,,,,,,1,1,1,0,0,0,0,1,1,1,,,,,https://www.instagram.com/reel/C6_7XE9usz3/,"Car repair and maintenance service",google,1,0,0
,"A & A Auto Clinic","1202 Woodbine Ave, East York, ON M4C 4E3, Canada",http://aaautoclinic.wixsite.com/home,14164239225,aaautoclinic@hotmail.com,4.8,51,,,,,,,,1,0,0,0,0,0,0,1,1,0,,,,,,"Auto repair shop",google,1,0,0
,51.ca,"50 Acadia Ave, Markham, ON L3R 0B3",http://51.ca/,9059401751,support@51.ca,,,,,,,,,,1,1,0,0,0,0,0,1,1,0,,,,https://engine.wuyou.ca/cl.php?bid=3945&zid=1503&sig=c42bab622781a68d092bbabe3e0dc647cdf788e7278f93efc6b99c0cd55df01d&dest=https%3A%2F%2Fwww.youtube.com%2Fshorts%2Fe-FyFMit5PY,,"Auto Repair Garages",yellowpages-ca,1,0,0
,"2K Wheels Mobile","49 Spadina Ave., Toronto, ON M5V 0K3, Canada",http://2kwheels.ca/,16475517682,,,,,,,,399,,399,1,0,0,1,0,0,0,1,1,0,https://www.facebook.com/1459367310844855,,,https://www.youtube.com/krishanthkarthigaipalan,https://www.instagram.com/2kwheels,"Car detailing service",google,1,0,0
,"24/7 Auto Group - High Park Auto Centre","1709 Dundas St W, Toronto, ON M6K 1V4, Canada",http://247autogroup.com,8666669888,info@247autogroup.com,4.8,18,,,,,,,46,1,0,0,1,0,0,0,1,1,0,https://www.facebook.com/wix,https://www.twitter.com/wix,https://www.linkedin.com/company/wix-com,,https://www.instagram.com/wix,"Car repair and maintenance service",google,1,0,0
,"1 stop auto repair shop","106 Crockford Blvd, Scarborough, ON M1R 3C3, Canada",http://1stopautorepairshop.com,16478342313,,4.8,99,,,,,,,,0,0,0,0,0,0,0,0,1,0,,,,,,"Auto repair shop",google,1,0,0
,"First Choice Auto Repair & Body Shop","1765 Shawson Drive Mississauga, ON L4W 1N8",http://1stchoiceauto.ca,9056701400,info@1stchoiceauto.ca,4.3,114,5,1,,,,,2,1,0,0,0,0,0,0,1,1,1,https://www.facebook.com/people/1st-Choice-Auto-Repair-Towing/100086578056718/,https://twitter.com/1stchoiceauto,,,https://www.instagram.com/1stchoiceautoshawson/,"Auto Repair,Body Shops,Towing",yelp,1,1,0
,"GL Auto Repair","2050 Steeles Ave W unit#8, Vaughan, ON L4K 2V1, Canada",http://19099auto.wixsite.com,19056602242,,4.9,76,,,,,,,,1,0,0,0,0,0,0,1,1,0,,,,,,"Auto repair shop",google,1,0,0
,"MANO'S AUTO REPAIRS","28 Melanie Dr, Brampton ON L6T 4H7",,19057992700,,4.6,10,,,,,,,,0,0,0,0,0,0,0,0,0,0,,,,,,"Auto repair",bing,,0,0
,"Cars Magazine","451 Attwell Dr, Etobicoke, ON M9W 5C4",,4166145814,peter@turnkey.media,,,,,5,21,974,,969,0,0,0,0,0,0,0,0,0,0,https://www.facebook.com/myCARSmagazine/,,https://www.linkedin.com/company/gyi,,,"Auto Repair Garages",yellowpages-ca,,0,0
,"Om-Kar Auto Sales & Service","1270 Matheson Blvd E, Mississauga, ON L4W 1R2",,9052061286,,4.3,146,,,,,,,,0,0,0,0,0,0,0,0,0,0,http://www.facebook.com/991783467657522,,https://www.linkedin.com/company/_____-endeavors-arts-and-events-by-rachel-wright,,,"Car Repair & Service",yellowpages-ca,,0,0
,"Top Line Auto Repair","1-2320 Dixie Rd, Mississauga, ON L4Y 1Z4",,9053060763,,,,,,,,,,,0,0,0,0,0,0,0,0,0,0,http://www.facebook.com/213887702319326,,https://www.linkedin.com/company/gyi,,,"Auto Repair Garages,Car Repair & Service",yellowpages-ca,,0,0
,"Happy Car Care Centre Inc","4200 Weston Road, North York, ON M9L 1W7",,6473512283,,,,,,,,3,,3,0,0,0,0,0,0,0,0,0,0,https://www.facebook.com/Happy-Car-Care-Centre-Inc-263178974020419/,,https://www.linkedin.com/company/_____-endeavors-arts-and-events-by-rachel-wright,,,"Auto Repair Garages,Car Repair & Service",yellowpages-ca,,0,0
,"Aj Motors Inc.","106 Select Ave, Scarborough, ON M1V 4A7",,4167250052,,,,,,,,56,3,56,0,0,0,0,0,0,0,0,0,0,https://www.facebook.com/SivaSella27/,,https://www.linkedin.com/company/_____-endeavors-arts-and-events-by-rachel-wright,,,"Auto Repair Garages",yellowpages-ca,,0,0
,"Ai Automotive Inc","741 Runnymede Rd, Toronto, ON M6N 3V7",,4167609994,,,,,,,,955,21,955,0,0,0,0,0,0,0,0,0,0,https://www.facebook.com/AI-Automotive-Inc-364048763611100/,,https://www.linkedin.com/company/gyi,,,"Auto Repair Garages,Car Repair & Service",yellowpages-ca,,0,0
,"G & R Automotive & Machine Shop Service","151 Toryork Dr, North York, ON M9L 1X9",,4167093535,,,,,,,,,,,0,0,0,0,0,0,0,0,0,0,http://www.facebook.com/425505197867512,,https://www.linkedin.com/company/_____-endeavors-arts-and-events-by-rachel-wright,,,"Auto Repair Garages",yellowpages-ca,,0,0
,"Mulhall's Service Centre","278 Old Kingston Rd, Scarborough, ON M1C 1B5",,4162825731,,,,,,,,,,,0,0,0,0,0,0,0,0,0,0,http://www.facebook.com/126168044838203,,https://www.linkedin.com/company/_____-endeavors-arts-and-events-by-rachel-wright,,,"Auto Repair Garages,Car Brake Service",yellowpages-ca,,0,0
,"Mike's Auto Repair","153 Thirtieth St, Etobicoke, ON M8W 3C3, Canada",,16472348232,,4.7,140,,,,,,,,0,0,0,0,0,0,0,0,0,0,,,,,,"Auto repair shop",google,,0,0
,"Shalmar Auto Service","5 Boyd Ave, York, ON M9N 2C6",,4166044192,,,,,,,,,,,0,0,0,0,0,0,0,0,0,0,http://www.facebook.com/1048330575224005,,,,,"Car Repair & Service",yellowpages-ca,,0,0
,"Mig Automotive Diagnostic And Repair Inc","7-1769 Britannia Rd E, Mississauga, ON L4W 4E2",,9055655560,,,,,,,,,,,0,0,0,0,0,0,0,0,0,0,http://www.facebook.com/213906795652821,,https://www.linkedin.com/company/gyi,,,"Auto Repair Garages",yellowpages-ca,,0,0
,"Tevo Creations Canada Inc","25-2899 Steeles Ave W, North York, ON M3J 3A1",,6479146246,,,,,,,,,,,0,0,0,0,0,0,0,0,0,0,,,,,,"Car Repair & Service",yellowpages-ca,,0,0
,"Omega Auto","2349 St Clair Ave W, Toronto, ON M6N 1K9",,4167634441,,,,,,,,,,,0,0,0,0,0,0,0,0,0,0,http://www.facebook.com/213135639064370,,https://www.linkedin.com/company/gyi,,,"Car Repair & Service",yellowpages-ca,,0,0
,"Auto Service","86 Melford Dr, Scarborough, ON M1B 2X7",,6472979809,,,,,,,,,,,0,0,0,0,0,0,0,0,0,0,http://www.facebook.com/164411654254859,,https://www.linkedin.com/company/_____-endeavors-arts-and-events-by-rachel-wright,,,"Car Repair & Service",yellowpages-ca,,0,0
,"La Autobody","2305 Markham Rd, Scarborough, ON M1B 2W3",,4167542886,,,,,,,,,,,0,0,0,0,0,0,0,0,0,0,http://www.facebook.com/316046488880960,,https://www.linkedin.com/company/_____-endeavors-arts-and-events-by-rachel-wright,,,"Auto Body Repair & Painting Shops",yellowpages-ca,,0,0
,"Sherway Auto Care Ltd","155 Norfinch Dr, North York, ON M3N 1Y2",,4168494357,,,,,,,,,,,0,0,0,0,0,0,0,0,0,0,http://www.facebook.com/586950534803765,,https://www.linkedin.com/company/gyi,,,"Car Repair & Service",yellowpages-ca,,0,0
,"Yung's Auto Service","221 Bethridge Rd, Etobicoke, ON M9W 1N4",,4167438265,,,,,,,,,,,0,0,0,0,0,0,0,0,0,0,,,,,,"Auto Repair Garages",yellowpages-ca,,0,0
,"A Alromany Automotive","1400 Aimco, Mississauga, ON L4W 1B2",,9052190020,,,,,,,,,,,0,0,0,0,0,0,0,0,0,0,,,,,,"Car Repair & Service",yellowpages-ca,,0,0
,"Power Cup Auto","3891 Keele St, North York, ON M3J 1N6",,4168403337,,,,,,,,,,,0,0,0,0,0,0,0,0,0,0,http://www.facebook.com/1114034358620064,,https://www.linkedin.com/company/gyi,,,"Car Repair & Service",yellowpages-ca,,0,0
,"Suhail Auto","51 Biscayne Blvd, Scarborough, ON M1R 1A1",,4167010010,,,,,,,,,,,0,0,0,0,0,0,0,0,0,0,http://www.facebook.com/101037907358995,,,,,"Auto Repair Garages,Car Repair & Service",yellowpages-ca,,0,0
,"Canadian Auto Repair Center","2 Racine Rd, Etobicoke, ON M9W 2Z1",,4167467107,,,,,,,,,,,0,0,0,0,0,0,0,0,0,0,,,,,,"Auto Repair Garages",yellowpages-ca,,0,0
,"Ortis Automotive Centre","400 Weston Rd, York, ON M6N 3R2",,4167695101,,4.4,51,,,,3,3,1,3,0,0,0,0,0,0,0,0,0,0,http://www.facebook.com/176637639178230,,https://www.linkedin.com/company/gyi,,,"Auto Repair Garages",yellowpages-ca,,0,0
,"Morlinpump & Motor Repairs","80 Barbados Blvd, Scarborough, ON M1J 1K9",,4167514111,,3.7,3,,,,,,,,0,0,0,0,0,0,0,0,1,0,http://www.facebook.com/849294795176940,,,,,"Auto Repair Garages,Pump Repair & Installation",yellowpages-ca,,0,0
,"Orshalim Auto Services","37-4000 Steeles Ave W, Woodbridge, ON L4L 4V9",,9052662050,,,,,,,,,,,0,0,0,0,0,0,0,0,0,0,http://www.facebook.com/621503778007981,,https://www.linkedin.com/company/gyi,,,"Car Repair & Service",yellowpages-ca,,0,0
,"Burraq Auto Inc","2877 14th Ave #20, Markham, ON L3R 5H8",,9059478077,,,,,,,,,,,0,0,0,0,0,0,0,0,0,0,,,,,,"Auto Repair Garages",yellowpages-ca,,0,0
,"Interscope Automotive","1205 Fewster Dr, Mississauga, ON L4W 1A2",,9056251062,,,,,,,,,,,0,0,0,0,0,0,0,0,0,0,http://www.facebook.com/122496818540514,,https://www.linkedin.com/company/gyi,,,"Auto Repair Garages",yellowpages-ca,,0,0
,Mekanico,"1744 Meyerside Dr, Mississauga, ON L5T 1A3",,9056709045,trinaa1991@hotmail.com,,,,,,,,,13,0,0,0,0,0,0,0,0,0,0,https://www.facebook.com/n.mautomotive/,,https://www.linkedin.com/company/gyi,,,"Car Repair & Service",yellowpages-ca,,0,0
,"United Star Auto Inc","94 Kenhar Dr, North York, ON M9L 1N2",,4167412521,,,,,,,,,,,0,0,0,0,0,0,0,0,0,0,http://www.facebook.com/619962938153519,,https://www.linkedin.com/company/gyi,,,"Car Repair & Service",yellowpages-ca,,0,0
,"Ground Zero Auto Centre","5310 Finch Ave E, Scarborough, ON M1S 5E8",,4162975559,groundzeropac@gmail.com,,,,,,,79,12,79,0,0,0,0,0,0,0,0,0,0,http://www.facebook.com/285309094977731,,https://www.linkedin.com/company/_____-endeavors-arts-and-events-by-rachel-wright,,,"Car Repair & Service",yellowpages-ca,,0,0
,"Greenlane Auto Services","2877 14th, Markham, ON L3R 5H8",,9054751575,,,,,,,,,,,0,0,0,0,0,0,0,0,0,0,,,,,,"Car Repair & Service",yellowpages-ca,,0,0
,"Crankshaft Service &amp; Supply","39 Advance Rd, Etobicoke, ON M8Z 2S6",,4165372529,,,,,,,,,,,0,0,0,0,0,0,0,0,0,0,http://www.facebook.com/1150943714956187,,,,,"Auto Repair Garages",yellowpages-ca,,0,0
,"Kartex Auto","1085 Dundas St E, Mississauga, ON L4Y 2B9",,9052771421,,,,,,,,,,,0,0,0,0,0,0,0,0,0,0,http://www.facebook.com/733824636754639,,https://www.linkedin.com/company/gyi,,,"Auto Repair Garages,Car Repair & Service",yellowpages-ca,,0,0
,"A EM Auto Service","175 Toryork Dr, North York, ON M9L 2Y7",,4167456678,,4.6,18,,,,,,,,0,0,0,0,0,0,0,0,0,0,http://www.facebook.com/1020047321422601,,https://www.linkedin.com/company/gyi,,,"Auto Repair Garages,Car Repair & Service",yellowpages-ca,,0,0
,"Gta Truck & Trailer Repair","1850 Britannia Rd E, Mississauga, ON L4W 1J3",,9056960947,,,,,,,,,,,0,0,0,0,0,0,0,0,0,0,http://www.facebook.com/220556184978670,,https://www.linkedin.com/company/_____-endeavors-arts-and-events-by-rachel-wright,,,"Auto Repair Garages",yellowpages-ca,,0,0
,"B & M Collision Zone","5916 Shawson Dr, Mississauga, ON L4W 3W5",,9056708740,,,,,,,,,,,0,0,0,0,0,0,0,0,0,0,http://www.facebook.com/216321515167146,,https://www.linkedin.com/company/_____-endeavors-arts-and-events-by-rachel-wright,,,"Auto Body Repair & Painting Shops",yellowpages-ca,,0,0
,"369 Auto Service","750 Oakdale Rd, North York, ON M3N 2Z4",,4167423200,,4.8,69,,,,,,,,0,0,0,0,0,0,0,0,0,0,http://www.facebook.com/460807047290502,,https://www.linkedin.com/company/gyi,,,"Car Repair & Service",yellowpages-ca,,0,0
,"Globe Auto Electric","101A Freshway Dr, Concord, ON L4K 1R9",,9057615854,,,,,,,,,,,0,0,0,0,0,0,0,0,0,0,http://www.facebook.com/646419295690875,,https://www.linkedin.com/company/gyi,,,"Auto Repair Garages",yellowpages-ca,,0,0
,"Ramco Motors & Sons Auto Repairs","17-260 Midwest Rd, Scarborough, ON M1P 3B4",,4167553755,,,,,,,,,,,0,0,0,0,0,0,0,0,0,0,http://www.facebook.com/216714028870347,,https://www.linkedin.com/company/_____-endeavors-arts-and-events-by-rachel-wright,,,"Auto Repair Garages",yellowpages-ca,,0,0
,"J N S Auto Sales Ltd","175 Toryork Dr, North York, ON M9L 2Y7",,4167487117,,5,4,,,,,,,,0,0,0,0,0,0,0,0,0,0,http://www.facebook.com/149880075407418,,,,,"Auto Repair Garages",yellowpages-ca,,0,0
,"Auto Repair","North York, ON",,6479653690,,,,,,,,,,,0,0,0,0,0,0,0,0,0,0,,,,,,"Auto Repair Garages",yellowpages-ca,,0,0
,"Leprecon Automotive Reconditioning","3-219 Connie Cres, Vaughan, ON L4K 1L4",,4167204816,,,,,,,,,,,0,0,0,0,0,0,0,0,0,0,http://www.facebook.com/94617,,https://www.linkedin.com/company/_____-endeavors-arts-and-events-by-rachel-wright,,,"Auto Repair Garages",yellowpages-ca,,0,0
,"Diluccio Enterprises","1460 Castlefield Ave, Rear, York, ON M6M 1Y7",,4166515596,,,,,,,,,,,0,0,0,0,0,0,0,0,0,0,http://www.facebook.com/138497580196391,,https://www.linkedin.com/company/_____-endeavors-arts-and-events-by-rachel-wright,,,"Auto Repair Garages,New Car Dealers",yellowpages-ca,,0,0
,"Technos Automotive Inc","1253 Kennedy Rd, Scarborough, ON M1P 2L4",,4162858066,,,,,,,,,,,0,0,0,0,0,0,0,0,0,0,http://www.facebook.com/134342410773551,,,,,"Car Repair & Service",yellowpages-ca,,0,0
,"Jk Choice Auto Inc","16-120 Manville Rd, Scarborough, ON M1L 4J5",,6475888398,,,,,,,,,,,0,0,0,0,0,0,0,0,0,0,http://www.facebook.com/566496470366537,,https://www.linkedin.com/company/_____-endeavors-arts-and-events-by-rachel-wright,,,"New Car Dealers",yellowpages-ca,,0,0
,"Express Car Rentals","5869 Airport Rd, Mississauga, ON L4V 1C9",,4166740777,,,,,,,,,,,0,0,0,0,0,0,0,0,0,0,http://www.facebook.com/630872543726653,,https://www.linkedin.com/company/gyi,,,"Auto Repair Garages",yellowpages-ca,,0,0
,"Philcan Motors","1790 Meyerside Dr, Mississauga, ON L5T 1B4",,9057950318,philcanmotors@yahoo.ca,4.8,37,,,,,117,8,117,0,1,0,0,0,0,0,0,1,0,http://www.facebook.com/1449239285160540,https://twitter.com/,https://www.linkedin.com/company/gyi,,,"Car Repair & Service",yellowpages-ca,,0,0
,"S P Auto Repairs Ltd","2901 Steeles Ave W, North York, ON M3J 3A5",,4166618088,,,,,,,,,1,,0,0,0,0,0,0,0,0,0,0,https://www.facebook.com/pages/S-P-Auto-Repairs-Ltd/655528284633639,,https://www.linkedin.com/company/gyi,,,"Auto Repair Garages,Car Repair & Service",yellowpages-ca,,0,0
,"Alpina Auto Service","5-155 Milvan Dr, North York, ON M9L 1Z8",,6472892682,,,,,,,,59,4,59,0,0,0,0,0,0,0,0,0,0,https://www.facebook.com/Alpina-auto-service-840491646023782/,,https://www.linkedin.com/company/gyi,,,"Auto Repair Garages",yellowpages-ca,,0,0
,"Auto Affair Auto Spa","190 Millway Ave, Vaughan, ON L4K 3W4",,9057260230,autoaffair.auto.spa@gmail.com,,8,,,,,99,,99,0,0,0,0,0,0,0,0,0,0,https://www.facebook.com/AutoAffair.Auto.Spa/?ref=bookmarks,,https://www.linkedin.com/company/_____-endeavors-arts-and-events-by-rachel-wright,,,"Car Repair & Service,Car Detailing",yellowpages-ca,,0,0
,"JJ's Auto Service","1160 Crestlawn Dr, Mississauga, ON L4W 2Z8",,9056251037,,,,,,,,,,,0,0,0,0,0,0,0,0,0,0,http://www.facebook.com/1861391910839742,,https://www.linkedin.com/company/gyi,,,"Car Repair & Service",yellowpages-ca,,0,0
,"CZS Auto Repair","175 Toryork Dr, North York, ON M9L 2Y7",,4167443944,,5,3,,,,,,,,0,0,0,0,0,0,0,0,0,0,http://www.facebook.com/1153807561413220,,https://www.linkedin.com/company/gyi,,,"Auto Repair Garages",yellowpages-ca,,0,0
,"Dublin Auto Repairs","717 Runnymede Rd, Toronto, ON M6N 3V6",,4167626127,ndublinauto@rogers.com,4.9,99,,,5,11,233,6,233,0,0,0,0,0,0,0,0,0,0,https://www.facebook.com/dublinautorepairstoronto/,,https://www.linkedin.com/company/gyi,,,"Auto Repair Garages",yellowpages-ca,,0,0
,"Avi's Car Svc","1-30 Capstan Gate, Concord, ON L4K 3E8",,9057389961,,,,,,,,,,,0,0,0,0,0,0,0,0,0,0,http://www.facebook.com/129295561190503,,https://www.linkedin.com/company/_____-endeavors-arts-and-events-by-rachel-wright,,,"Auto Repair Garages",yellowpages-ca,,0,0
,"Tvc Matrix.Bern","210 Woolner Ave, York, ON M6N 1Y5",,3657775284,bernherm001@gmail.com,,,,,,,17,12,17,0,0,0,0,0,0,0,0,0,0,https://www.facebook.com/TVCbernie/,,https://www.linkedin.com/company/gyi,,,"Car Repair & Service",yellowpages-ca,,0,0
,"Kamgar Auto Mechanic",,,14168280666,,4.7,38,,,,,,,,0,0,0,0,0,0,0,0,0,0,,,https://www.linkedin.com/company/itbmc,,https://www.instagram.com/kamgarautomechanic%3Figsh%3Dbm40MDJrNG9sN3c0,Mechanic,google,,0,0
,"Profix Auto Collision","1180 Crestlawn Dr, Mississauga, ON L4W 1A6",,9056240770,,3.7,164,,,,,,,,0,0,0,0,0,0,0,0,0,0,http://www.facebook.com/1640907162651532,,https://www.linkedin.com/company/_____-endeavors-arts-and-events-by-rachel-wright,,,"Auto Body Repair & Painting Shops",yellowpages-ca,,0,0
,"Finch Car Clinic","20-2420 Finch Ave W, North York, ON M9M 2E2",,4167443600,,,,,,,1,7,6,7,0,0,0,0,0,0,0,0,0,0,https://www.facebook.com/pages/Finch-Car-Clinic/158128331007020,,https://www.linkedin.com/company/gyi,,,"Auto Repair Garages",yellowpages-ca,,0,0
,"Motorama Auto Parts - Parts City Auto Parts","2020 Ellesmere Rd, Unit 13, Scarborough, ON M1H 2Z8",,6473508989,,,,,,,,,,,0,0,0,0,0,0,0,0,0,0,,,,,,"Auto Repair Garages",yellowpages-ca,,0,0
,"Ron Auto Services","172 Toryork Dr, North York, ON M9L 1X8",,4167482828,,,,,,,,,,,0,0,0,0,0,0,0,0,0,0,http://www.facebook.com/599447073551088,,https://www.linkedin.com/company/gyi,,,"Auto Repair Garages",yellowpages-ca,,0,0
,"F F Repair Shop","21-230 Hanlan Rd, Woodbridge, ON L4L 3P6",,9052660204,,,,,,,,,,,0,0,0,0,0,0,0,0,0,0,http://www.facebook.com/1681157922149070,,https://www.linkedin.com/company/gyi,,,"Car Repair & Service",yellowpages-ca,,0,0
,"Just Alignment And Tire Center","155 Milvan Dr, North York, ON M9L 1Z8",,4167449120,,,,,,,,,,,0,0,0,0,0,0,0,0,0,0,http://www.facebook.com/790894604403674,,,,,"Auto Repair Garages,Wheel Alignment, Frame & Axle Services",yellowpages-ca,,0,0
,"Expert Auto Repairs And Tire Craft Inc","12 LePageCrt, North York, ON M3J 1Z9",,4166335050,,,,,,,,,,,0,0,0,0,0,0,0,0,0,0,,,,,,"Car Repair & Service",yellowpages-ca,,0,0
,"Chrisdel Auto Repair","4659 Kingston Rd, Scarborough, ON M1E 2P8",,6473895820,,,,,,,,,,,0,0,0,0,0,0,0,0,0,0,http://www.facebook.com/158802154527766,,https://www.linkedin.com/company/_____-endeavors-arts-and-events-by-rachel-wright,,,"Auto Repair Garages",yellowpages-ca,,0,0
,"Edwin's Auto","789 Arrow Rd, North York, ON M9M 2L4",,4167499909,,4.9,77,,,,,,,,0,0,0,0,0,0,0,0,0,0,http://www.facebook.com/164386706931551,,https://www.linkedin.com/company/gyi,,,"Car Repair & Service",yellowpages-ca,,0,0
,"Tld Auto Repair","1783 Mattawa Ave, Mississauga, ON L4X 1K5",,9056151790,,,,,,,,,,,0,0,0,0,0,0,0,0,0,0,http://www.facebook.com/510892052617257,,https://www.linkedin.com/company/gyi,,,"Auto Repair Garages",yellowpages-ca,,0,0
,"4 Star Automotive Technical Support Inc.","7738 Yonge St, Thornhill, ON L4J 1W2",,9058898200,,,,,,,,,,,0,0,0,0,0,0,0,0,0,0,,,,,,"Car Repair & Service",yellowpages-ca,,0,0
,"Javed Auto Ninty Six Arrow Road","96 Arrow Rd, North York, ON M9M 2L8",,4164018887,,4.4,31,,,,,,,,0,0,0,0,0,0,0,0,0,0,http://www.facebook.com/724026597769148,,https://www.linkedin.com/company/gyi,,,"Car Repair & Service",yellowpages-ca,,0,0
,"Legacy Auto Repair","5890 Dixie Rd, Mississauga, ON L4W 1E9",,9055640031,,,,,,,,,,,0,0,0,0,0,0,0,0,0,0,http://www.facebook.com/214306545779042,,https://www.linkedin.com/company/gyi,,,"Car Repair & Service",yellowpages-ca,,0,0
,"Riteway Technology Inc","501 Alliance Ave, York, ON M6N 2J1",,4166375005,,,,,,,,,,,0,0,0,0,0,0,0,0,0,0,http://www.facebook.com/160395104719744,,https://www.linkedin.com/company/gyi,,,"Auto Repair Garages",yellowpages-ca,,0,0
,"Master Techs","East York, ON M4C 2L8, East York, ON M4C 2L8, Canada",,6474740150,,,,,,,,,,,0,0,0,0,0,0,0,0,0,0,,,,,,"Autowerkstatt,Ölwechselstationen,Autoaufbereitung",yelp,,0,0
,"Jebsun Auto","53 Redlea, Toronto, ON M1V 4S3",,4162934526,,,,,,,,,,,0,0,0,0,0,0,0,0,0,0,http://www.facebook.com/149369775489219,,https://www.linkedin.com/company/_____-endeavors-arts-and-events-by-rachel-wright,,,"Auto Repair Garages,Car Repair & Service",yellowpages-ca,,0,0
,"JMP Auto Centre","1222 Fewster Dr, Mississauga, ON L4W 1A1",,9052060303,,,,,,,,,,,0,0,0,0,0,0,0,0,0,0,http://www.facebook.com/161541784701964,,https://www.linkedin.com/company/gyi,,,"Car Repair & Service",yellowpages-ca,,0,0
,"1987889 Ontario Inc","163 Buttermill, Concord, ON L4K 3X8",,9056607200,,,,,,,,,,,0,0,0,0,0,0,0,0,0,0,,,,,,"Car Repair & Service",yellowpages-ca,,0,0
,"Express Auto Body Repair","1308 Wilson Ave, North York, ON M3M 1H5",,6475718095,nexpressautobodyrepair@hotmail.com,,,,,,,,,2,0,0,0,0,0,0,0,0,0,0,https://www.facebook.com/Express-Auto-Body-Repair-185382035465925/,,https://www.linkedin.com/company/gyi,,,"Auto Repair Garages",yellowpages-ca,,0,0
,"Legion Auto Expert","1654 Weston Rd, York, ON M9N 1V1",,4168013676,,,,,,,,,,,0,0,0,0,0,0,0,0,0,0,http://www.facebook.com/556980391129904,,https://www.linkedin.com/company/gyi,,,"Car Repair & Service",yellowpages-ca,,0,0
,"Afgan Gemstone Silver Jewellery","1921 Eglinton Ave E, Scarborough, ON M1L 2L6",,4169130433,,,,,,,,,,,0,0,0,0,0,0,0,0,0,0,,,,,,"Car Repair & Service",yellowpages-ca,,0,0
,Wrap88,"9-80 Dynamic Dr, Scarborough, ON M1V 5A4",,6479870543,,,,,,,,,,,0,0,0,0,0,0,0,0,0,0,,,,,,"Car Repair & Service",yellowpages-ca,,0,0
,"Tstar Tstar","8600 Dufferin St, Concord, ON L4K 5P5",,9057616960,,,,,,,,,,,0,0,0,0,0,0,0,0,0,0,,,,,,"Auto Repair Garages",yellowpages-ca,,0,0
,"Rts Auto Service","1710 Midland Ave, Scarborough, ON M1P 3C7, Canada",,,,4.1,38,,,,,,,,0,0,0,0,0,0,0,0,0,0,,,,,,"Auto repair shop",google,,0,0
,"Tata Auto Electric","33 Eddystone Ave, North York, ON M3N 1H5",,4167405555,,,,,,,,,,,0,0,0,0,0,0,0,0,0,0,http://www.facebook.com/1703123683286986,,https://www.linkedin.com/company/gyi,,,"Auto Repair Garages,Car Repair & Service",yellowpages-ca,,0,0
,"Jaro's Auto","12 Milford Ave, North York, ON M6M 2V8",,4162200246,,3.4,8,,,,,,,,0,0,0,0,0,0,0,0,0,0,http://www.facebook.com/786561714777329,,https://www.linkedin.com/company/gyi,,,"Auto Repair Garages,Car Repair & Service",yellowpages-ca,,0,0
,"Vladimir's Auto Repair","325 Weston Rd, Toronto, ON M6N 4Z9",,4167623800,,,,,,,,,,,0,0,0,0,0,0,0,0,0,0,http://www.facebook.com/1075600835832747,,https://www.linkedin.com/company/gyi,,,"Auto Repair Garages",yellowpages-ca,,0,0
,"Phil's Honda Shop","750 Oakdale Rd, North York, ON M3N 2Z4",,4167464269,,,,,,,,,,,0,0,0,0,0,0,0,0,0,0,http://www.facebook.com/994768173891888,,https://www.linkedin.com/company/gyi,,,"Auto Repair Garages",yellowpages-ca,,0,0
,"Technidiesel Truck & Auto Centre","1848 Bonhill Rd, Mississauga, ON L5T 1C4",,9055645276,,,,,,,,,,,0,0,0,0,0,0,0,0,0,0,http://www.facebook.com/1770307206535414,,https://www.linkedin.com/company/_____-endeavors-arts-and-events-by-rachel-wright,,,"Car Repair & Service",yellowpages-ca,,0,0
,Bimmex,"25-120 Whitmore Rd, Woodbridge, ON L4L 6A5",,2898074325,,,,,,,,,,,0,0,0,0,0,0,0,0,0,0,,,,,,"Auto Repair Garages",yellowpages-ca,,0,0
,"Sheppard Automotive","285 Old Kingston Rd, Scarborough, ON M1C 1B4",,4167241718,,,,,,,,,1,,0,0,0,0,0,0,0,0,0,0,https://www.facebook.com/pages/Sheppard-Automotive-Centre/175834156494537,,https://www.linkedin.com/company/_____-endeavors-arts-and-events-by-rachel-wright,,,"Auto Repair Garages",yellowpages-ca,,0,0
,"RT Auto","101 Toro Rd, North York, ON M3J 2Z1",,4167485777,,,,,,,,,,,0,0,0,0,0,0,0,0,0,0,http://www.facebook.com/198235617226356,,https://www.linkedin.com/company/gyi,,,"Auto Repair Garages,Car Repair & Service",yellowpages-ca,,0,0
,"General Auto Repairs Bob Klair","1855 Mattawa Ave, Mississauga, ON L4X 1K5",,9052704811,,,,,,,,5,30,5,0,0,0,0,0,0,0,0,0,0,https://www.facebook.com/pages/General-Auto-Repairs/416983548635101,,https://www.linkedin.com/company/gyi,,,"Auto Repair Garages",yellowpages-ca,,0,0
,"U-Save Auto Rental","1677 Wilson Ave, North York, ON M3L 1A5",,4162466350,,,,,,,,,,,0,0,0,0,0,0,0,0,0,0,http://www.facebook.com/520595861478446,,https://www.linkedin.com/company/gyi,,,"Car Repair & Service",yellowpages-ca,,0,0
,"Bermudes Auto Repair & Sales","22-750 Oakdale Rd, Toronto, ON M3N 2Z4",,4168799056,,,,,,,,,,,0,0,0,0,0,0,0,0,0,0,http://www.facebook.com/229842207386266,,https://www.linkedin.com/company/gyi,,,"Car Repair & Service",yellowpages-ca,,0,0
,"Ratha Autos","2305 Markham Rd, Scarborough, ON M1B 2W3",,4162974747,,,,,,,,,,,0,0,0,0,0,0,0,0,0,0,http://www.facebook.com/404078890002162,,https://www.linkedin.com/company/_____-endeavors-arts-and-events-by-rachel-wright,,,"Car Repair & Service",yellowpages-ca,,0,0
,"BDS Fleet Service","390 Midwest Rd, Scarborough, ON M1P 3B5",,4167575671,,,,,,,,,,,0,0,0,0,0,0,0,0,0,0,http://www.facebook.com/1122053791273894,,https://www.linkedin.com/company/gyi,,,"Auto Repair Garages",yellowpages-ca,,0,0
,"HAT Lubricants","225 Nugget Ave, Scarborough, ON M1S 3L2",,4163356777,,,,,,,,,,,0,0,0,0,0,0,0,0,0,0,http://www.facebook.com/193344644574765,,,,,"Auto Repair Garages,Oil Changes & Lubrication Service",yellowpages-ca,,0,0
,"Deer Park Collision Center","8-151 Toryork Dr, North York, ON M9L 1X9",,4169301844,,,,,,,,1,4,1,0,0,0,0,0,0,0,0,0,0,https://www.facebook.com/pages/Persaud-Jotio/153607308595125,,https://www.linkedin.com/company/gyi,,,"Auto Repair Garages,Financial Planning Consultants",yellowpages-ca,,0,0
,"Delsol Auto Collision","115 Toryork Dr, North York, ON M9L 1X9",,4167461555,,4.9,57,,,,1,4,47,4,0,0,0,0,0,0,0,0,0,0,https://www.facebook.com/pages/Delsol-Auto-Collision/213407429025087,,https://www.linkedin.com/company/gyi,,https://www.instagram.com/delsolauto/,"Auto Repair Garages,Auto Body Repair & Painting Shops",yellowpages-ca,,0,0
,"ASP Services","7483 Darcel Ave, Mississauga, ON L4T 2X6",,9056789998,,,,,,,,,,,0,0,0,0,0,0,0,0,0,0,http://www.facebook.com/1522216224521722,,https://www.linkedin.com/company/gyi,,,"Car Repair & Service",yellowpages-ca,,0,0
New,"Toronto Auto Service","433 Comstock Rd Unit 5, Scarborough, ON M1L 2H4, Canada",,14168325416,,4.3,27,,,,,,,,0,0,0,0,0,0,0,0,0,0,,,,,,"Car repair and maintenance service",google,,0,0
,"Autotov Auto Repair","750 Oakdale Rd, North York, ON M3N 2Z4",,4166500201,,,,,,,,,,,0,0,0,0,0,0,0,0,0,0,http://www.facebook.com/1726763607570636,,https://www.linkedin.com/company/gyi,,,"Auto Repair Garages",yellowpages-ca,,0,0
,"138 Auto Centre","4458 Steeles Ave E, Markham, ON L3R 0L4",,9059449138,,,,,,,,,,,0,0,0,0,0,0,0,0,0,0,http://www.facebook.com/201979660412899,,https://www.linkedin.com/company/_____-endeavors-arts-and-events-by-rachel-wright,,,"Car Repair & Service",yellowpages-ca,,0,0
,"Boost Theory Automotive","777 Dundas St W, Mississauga, ON L5C 4P6",,9052323444,,,,,,,,,,,0,0,0,0,0,0,0,0,0,0,https://www.facebook.com/BoostTheoryAutomotivePerformanceInc,,https://www.linkedin.com/company/gyi,,,"Car Repair & Service",yellowpages-ca,,0,0
,Automedic,"1147 Lawrence Ave W, North York, ON M6A 1E1",,6474969854,,4.6,125,,,,,,,,0,0,0,0,0,0,0,1,1,0,http://www.facebook.com/320592671774502,,https://www.linkedin.com/company/gyi,,,"Auto Repair Garages",yellowpages-ca,,0,0
,"Motortronik Auto Repair","101 Freshway Dr, Concord, ON L4K 1R9",,6477729073,,,,,,,,,,,0,0,0,0,0,0,0,0,0,0,,,,,,"Car Repair & Service",yellowpages-ca,,0,0
,"Zk Auto Colision Ltd","125 Select Ave, Toronto, ON M1V 4A5",,4162982896,,,,,,,,,,,0,0,0,0,0,0,0,0,0,0,http://www.facebook.com/208523369753133,,https://www.linkedin.com/company/_____-endeavors-arts-and-events-by-rachel-wright,,,"Auto Repair Garages",yellowpages-ca,,0,0
,"Toronto Mobile Mechanic","Toronto, ON M4G 0A1, Toronto, ON M4G 0A1, Canada",,6476716807,,,,,,,,,,,0,0,0,0,0,0,0,0,0,0,,,,,,"Autoreifen,Ölwechselstationen,Autowerkstatt",yelp,,0,0
,"Jay's Auto Repair","100 Melford Dr, Scarborough, ON M1B 2G4",,4164127460,,,,,,,,,,,0,0,0,0,0,0,0,0,0,0,http://www.facebook.com/192612908221193,,https://www.linkedin.com/company/_____-endeavors-arts-and-events-by-rachel-wright,,,"Auto Repair Garages",yellowpages-ca,,0,0
,"Good Guys Auto Sales &amp; Svc","13-2300 Finch Ave W, North York, ON M9M 2Y3",,4167479189,,,,,,,,,,,0,0,0,0,0,0,0,0,0,0,http://www.facebook.com/946109082171022,,,,,"Auto Repair Garages",yellowpages-ca,,0,0
,"Adgod Auto Centre","130 Milvan Dr, North York, ON M9L 1Z9",,4164300269,,,,,,,,,,,0,0,0,0,0,0,0,0,0,0,http://www.facebook.com/255698261835840,,https://www.linkedin.com/company/gyi,,,"Auto Repair Garages",yellowpages-ca,,0,0
,"Streamline Euro Auto Garage","258 Eddystone Ave, North York, ON M3N 1H7",,4168215487,,,,,,,,,,,0,0,0,0,0,0,0,0,0,0,,,,,,"Auto Repair Garages",yellowpages-ca,,0,0
,"Gloria Auto Service","130 Lepage Crt, North York, ON M3J 3J1",,4166317776,,,,,,,,,,,0,0,0,0,0,0,0,0,0,0,http://www.facebook.com/1485416771702837,,https://www.linkedin.com/company/gyi,,,"Auto Repair Garages,Car Repair & Service",yellowpages-ca,,0,0
,"Advance Automotive","10-320 Hanlan Rd, Woodbridge, ON L4L 3T4",,9052659119,,,,,,,,,,,0,0,0,0,0,0,0,0,0,0,http://www.facebook.com/1729586590620727,,https://www.linkedin.com/company/_____-endeavors-arts-and-events-by-rachel-wright,,,"Auto Repair Garages",yellowpages-ca,,0,0
,"City Auto Body","1095 Fewster Dr, Mississauga, ON L4W 1A2",,9056292227,,,,,,,,,,,0,0,0,0,0,0,0,0,0,0,http://www.facebook.com/183067212353631,,https://www.linkedin.com/company/gyi,,,"Auto Repair Garages",yellowpages-ca,,0,0
,"Dynamic Auto Collision Inc","175 Toryork Dr, North York, ON M9L 2Y7",,4167467038,,5,3,,,,,,,,0,0,0,0,0,0,0,1,0,0,http://www.facebook.com/185873428466510,,https://www.linkedin.com/company/gyi,,,"Used Car Dealers",yellowpages-ca,,0,0
,"Turfs Auto Spot","4690 Kingston Rd, Scarborough, ON M1E 2P9",,4167246767,turfs.auto@gmail.com,,,,,,,,,10,0,0,0,0,0,0,0,0,0,0,http://www.facebook.com/653316884736599,,https://www.linkedin.com/company/_____-endeavors-arts-and-events-by-rachel-wright,,,"Auto Repair Garages,Car Repair & Service",yellowpages-ca,,0,0
,"Chrisdel Auto Services","24 Melham Crt, Scarborough, ON M1B 2T8",,4162867126,,,,,,,,,,,0,0,0,0,0,0,0,0,0,0,http://www.facebook.com/348210558700071,,https://www.linkedin.com/company/_____-endeavors-arts-and-events-by-rachel-wright,,,"Auto Repair Garages",yellowpages-ca,,0,0
,"MeelzJaw Auto Service","777 Warden Avenue, Scarborough, ON M1L 4C3",,4167524195,mj@meelzjawauto.com,,,,,,,,,140,0,0,0,0,0,0,0,0,0,0,https://www.facebook.com/meelzjaw/,,https://www.linkedin.com/company/gyi,,,"Auto Repair Garages,Car Repair & Service",yellowpages-ca,,0,0
,"Basketcase Restorations Inc","1160 Crestlawn Dr, Mississauga, ON L4W 2Z8",,9052380150,,5,4,,,,,,,,0,0,0,0,0,0,0,0,0,0,http://www.facebook.com/230059757758754,,https://www.linkedin.com/company/gyi,,,"Car Repair & Service",yellowpages-ca,,0,0
,"Punjabi Brothers","27 Morrish Rd, Scarborough, ON M1C 1E6",,4162833537,,,,,,,,,,,0,0,0,0,0,0,0,0,0,0,http://www.facebook.com/224891991429924,,https://www.linkedin.com/company/_____-endeavors-arts-and-events-by-rachel-wright,,,"Auto Repair Garages",yellowpages-ca,,0,0
,"Apex Motoring Inc","5391 Ambler Dr, Mississauga, ON L4W 1H1",,9056020101,sales@apexmotoring.com,,,,,5,33,1021,94,1000,0,0,0,0,0,0,0,0,0,0,http://www.facebook.com/1536358473350812,,https://www.linkedin.com/company/gyi,,,"Auto Repair Garages,New Car Dealers",yellowpages-ca,,0,0
,"Afghan Auto Service","361 Ryding Ave, Toronto, ON M6N 1H6",,4167662855,,4.7,131,,,,,5,,5,0,0,0,0,0,0,0,0,0,0,https://www.facebook.com/pages/Afghan-Auto-Service/1595171630803213,,,,,"Auto Repair Garages,Auto Glass & Windshields",yellowpages-ca,,0,0
,"Toro Automotive Center","404 Ormont Dr, North York, ON M9L 1N9",,4167492467,,,,,,,,,,,0,0,0,0,0,0,0,0,0,0,http://www.facebook.com/2083804455176814,,https://www.linkedin.com/company/gyi,,,"Auto Repair Garages",yellowpages-ca,,0,0
,"Mr. Discount","Mississauga, ON",,6476548844,,,,,,,,,,,0,0,0,0,0,0,0,0,0,0,,,,,,"Auto Repair Garages",yellowpages-ca,,0,0
,"Men Car Auto Shop","8 Milvan Dr, North York, ON M9L 1Z2",,4167440548,,3.5,11,,,,,,,,0,0,0,0,0,0,0,0,0,0,http://www.facebook.com/419762401378502,,https://www.linkedin.com/company/gyi,,,"Auto Repair Garages,Car Repair & Service",yellowpages-ca,,0,0
,"B & W Electric","415 Hood Rd, Markham, ON L3R 3W2",,9054750905,,3,24,,,,,,,,0,0,0,0,0,0,0,0,0,0,http://www.facebook.com/1729665243941141,,https://www.linkedin.com/company/_____-endeavors-arts-and-events-by-rachel-wright,,,"Auto Repair Garages",yellowpages-ca,,0,0
,"Dennis Auto Repair","1744 Meyerside Dr, Mississauga, ON L5T 1A3",,9056702747,,5,11,,,,,,3,,0,0,0,0,0,0,0,0,0,0,https://www.facebook.com/pages/Dennis-Auto-Repair/218103905227541,,https://www.linkedin.com/company/gyi,,,"Car Repair & Service",yellowpages-ca,,0,0
,"Andita Service Station Ltd","642 Rogers Rd, York, ON M6M 1C2",,4167625262,,,3,,,,,,,,0,0,0,0,0,0,0,0,0,0,http://www.facebook.com/150830128891486,,https://www.linkedin.com/company/gyi,,,"Auto Repair Garages",yellowpages-ca,,0,0
,"Tom Precision Auto Service Centre","843 Gerrard St E, Toronto, ON M4M 1Y8, Canada",,4167788330,,,,5,1,,,,,,0,0,0,0,0,0,0,0,0,0,,,,,,Autowerkstatt,yelp,,0,0
,"United Japanese Auto Parts &amp; Repairs","404 Ormont Dr, North York, ON M9L 1N9",,4167426666,,,,,,,,,,,0,0,0,0,0,0,0,0,0,0,https://www.facebook.com/pages/United-Japanese-Auto-Parts-Repairs-Inc/110158815795531,,,,,"Car Repair & Service,Used Auto Parts & Supplies",yellowpages-ca,,0,0
,"VTec Automotive","4128 Weston Rd, North York, ON M9L 1W7",,4169137189,vtecautomotive@hotmail.com,,,,,,,147,37,147,0,0,0,0,0,0,0,0,0,0,http://www.facebook.com/619945281429572,,https://www.linkedin.com/company/gyi,,,"Car Repair & Service",yellowpages-ca,,0,0
,"High Tech Auto Services","776 Dundas St E, Mississauga ON L4Y 2B6",,19058977600,,,,,,,,,,,0,0,0,0,0,0,0,0,0,0,,,,,,"Auto repair",bing,,0,0
,"Meridian Uniforms Canada","9-5925 Tomken Rd, Mississauga, ON L4W 4L8",,9057952700,,,,,,,,,,,0,0,0,0,0,0,0,0,0,0,,,,,,"Auto Repair Garages",yellowpages-ca,,0,0
,"Ar Auto Centre","6-130 Lepage Crt, North York, ON M3J 3J1",,6475631722,,,,,,,,,,,0,0,0,0,0,0,0,0,0,0,,,,,,"Car Repair & Service",yellowpages-ca,,0,0
,"Roman's Mechanic Shop","Toronto, ON M1L 4J5, Toronto, ON M1L 4J5, Canada",,4372671541,,,,,,,,,,,0,0,0,0,0,0,0,0,0,0,,,,,,"Autowerkstatt,Autoreifen,Ölwechselstationen",yelp,,0,0
,"VIP Service-Fax","130 Lepage Crt, North York, ON M3J 3J1",,14167558236,,,,,,,,,,,0,0,0,0,0,0,0,0,0,0,http://www.facebook.com/551429505025595,,,,,"Car Repair & Service",yellowpages-ca,,0,0
,"Reliable Car Guys","8-40 Barbados Blvd, Scarborough, ON M1J 1L1",,4165083022,,,,,,,,,,2,0,0,0,0,0,0,0,0,0,0,https://www.facebook.com/reliablecarguys/,,https://www.linkedin.com/company/gyi,,,"Auto Repair Garages,New Car Dealers",yellowpages-ca,,0,0
,"Tio Ryan Auto Inc","6435 Dixie Rd, Mississauga, ON L5T 1X4",,9056969667,,4.9,89,,,,,,,,0,0,0,0,0,0,0,0,0,0,http://www.facebook.com/156219225138779,,https://www.linkedin.com/company/gyi,,,"Car Repair & Service",yellowpages-ca,,0,0
,"Fortune Ccp","235 Verobeach Blvd, North York, ON M9M 1R4",,4167428585,,,,,,,,,,,0,0,0,0,0,0,0,0,0,0,http://www.facebook.com/1018405098224749,,https://www.linkedin.com/company/gyi,,,"Car Repair & Service",yellowpages-ca,,0,0
,"Trinity Auto Centre","2451 Dixie Rd, Mississauga, ON L4Y 2A1",,9052725077,,4.6,145,,,,,,,,0,0,0,0,0,0,0,0,0,0,http://www.facebook.com/254668858409827,,https://www.linkedin.com/company/gyi,,,"Auto Repair Garages",yellowpages-ca,,0,0
,"Alffa Car Care","80 Nashdene Rd, Scarborough, ON M1V 5E4",,4166401255,,,,,,,,4,3,4,0,0,0,0,0,0,0,0,0,0,https://www.facebook.com/ALFFA-CAR-CARE-205925073500990/,,https://www.linkedin.com/company/_____-endeavors-arts-and-events-by-rachel-wright,,,"Auto Repair Garages",yellowpages-ca,,0,0
,"Stella Automotive Service And Sales","8-1146 Westport Crescent, Mississauga, ON L5T 1G1",,4165628985,,4.9,191,,,,,,,,0,0,0,0,0,0,0,0,0,0,http://www.facebook.com/238212826757063,,https://www.linkedin.com/company/_____-endeavors-arts-and-events-by-rachel-wright,,,"Auto Repair Garages",yellowpages-ca,,0,0
,"Robert Towing Auto Service","15 Elrose Ave, North York, ON M9M 2H5",,4167448688,,,,,,,,,,,0,0,0,0,0,0,0,0,0,0,http://www.facebook.com/268399820159334,,https://www.linkedin.com/company/gyi,,,"Car Repair & Service",yellowpages-ca,,0,0
,"Seneca Autobody","1109 Seneca Ave, Mississauga, ON L5G 3X8",,9052716031,,4.4,337,,,,,44,3,44,0,0,0,0,0,0,0,0,0,0,http://www.facebook.com/1573642806183202,,https://www.linkedin.com/company/gyi,,,"Auto Repair Garages",yellowpages-ca,,0,0
,"Sky Fix Auto Canada Inc.","55-1770 Albion Rd, Etobicoke, ON M9V 1C2",,4169921539,,,,,,,,,,,0,0,0,0,0,0,0,0,0,0,,,,,,"Car Repair & Service",yellowpages-ca,,0,0
,"Luxury Auto Body & Collision","26 Chauncey Ave, Etobicoke, ON M8Z 2Z4",,6474997207,rich@luxuryautobody.ca,,,,,,,914,159,914,0,0,0,0,0,0,0,0,0,0,http://www.facebook.com/pages/Luxury-Auto-Body/193272074039132,,https://www.linkedin.com/company/_____-endeavors-arts-and-events-by-rachel-wright,,,"Auto Body Repair & Painting Shops",yellowpages-ca,,0,0
,"B K & J Auto Repairs Limited","19 Taber Road, Etobicoke, ON M9W 3A7",,4167471764,,,,,,,,,,,0,0,0,0,0,0,0,0,0,0,,,,,,"Auto Repair Garages",yellowpages-ca,,0,0
,"Ruban Auto R Mworks","2-100 SELECT AVE, Scarborough, ON M1V 4A7",,4163359031,,,,,,,,,,,0,0,0,0,0,0,0,0,0,0,http://www.facebook.com/562851337386388,,https://www.linkedin.com/company/_____-endeavors-arts-and-events-by-rachel-wright,,,"Car Repair & Service",yellowpages-ca,,0,0
,"DT Auto Services Ltd","10-175 Toryork Dr, North York, ON M9L 2Y7",,6477200281,trannloc@hotmail.com,,,,,,,42,2,42,0,0,0,0,0,0,0,0,0,0,https://www.facebook.com/DT-Auto-Services-Ltd-294793837209711/,,https://www.linkedin.com/company/gyi,,,"Auto Repair Garages",yellowpages-ca,,0,0
,"Richard's Auto Service","125 Navenby Cres, North York, ON M9L 1B3",,4162558790,,,,,,,,,,,0,0,0,0,0,0,0,0,0,0,http://www.facebook.com/1123378554379291,,https://www.linkedin.com/company/gyi,,,"Car Repair & Service",yellowpages-ca,,0,0
,"First Canadian Place / Exchange Tower","First Canadian Place, 100 King St W, Toronto, ON M5K 2A1, Canada",,14168626129,,3.7,58,,,,,,,,0,0,0,0,0,0,0,0,0,0,,,,,,"Parking garage",google,,0,0
,"United Transmission Service","2350 Haines Rd, Mississauga, ON L4Y 1Y6",,9058489988,,4.9,20,,,,,,3,,0,0,0,0,0,0,0,0,0,0,https://www.facebook.com/pages/United-Transmission-Service-Ltd/169412043664774,,https://www.linkedin.com/company/gyi,,,"Auto Repair Garages,Transmission",yellowpages-ca,,0,0
,"Ahad Motors Inc","6-1160 Crestlawn Dr, Mississauga, ON L4W 2Z8",,9056028761,ahadrepair@gmail.com,,,,,,,1569,9,1500,0,0,0,0,0,0,0,0,0,0,https://www.facebook.com/ahadrepair,,https://www.linkedin.com/company/gyi,,,"Car Repair & Service",yellowpages-ca,,0,0
New,"Riverdale meeting house","444 Parliament St, Toronto, ON M5A 3A2, Canada",,,,,,,,,,,,,0,0,0,0,0,0,0,0,0,0,,,,,,"Auto repair shop",google,,0,0
,"North Sky Auto Collision","47 Toro Rd, North York, ON M3J 2A4",,4166331147,northsky_autocollision@yahoo.com,5,99,,,,,23,2,23,0,0,0,0,0,0,0,0,0,0,http://www.facebook.com/pages/North-Sky-Auto-Collision/522821184492268,,https://www.linkedin.com/company/_____-endeavors-arts-and-events-by-rachel-wright,,,"Auto Body Repair & Painting Shops",yellowpages-ca,,0,0
,"Kf Auto Services","115-70 Silver Star Blvd, Scarborough, ON M1V 4V9",,4163320292,,,,,,,,,,2,0,0,0,0,0,0,0,0,0,0,https://www.facebook.com/CrosswayAuto/,,,,,"Auto Repair Garages",yellowpages-ca,,0,0
,"Westport Automotive & Performance","1094 Westport Cres, Mississauga, ON L5T 1G1",,9057951951,,,,,,,,,,,0,0,0,0,0,0,0,0,0,0,http://www.facebook.com/1911620775561430,,https://www.linkedin.com/company/_____-endeavors-arts-and-events-by-rachel-wright,,,"Auto Repair Garages",yellowpages-ca,,0,0
,"Papa Auto Centre Inc.","23-4000 Steeles Ave W, Woodbridge, ON L4L 4V9",,9056050018,,,,,,,,,,,0,0,0,0,0,0,0,0,0,0,,,https://www.linkedin.com/company/_____-endeavors-arts-and-events-by-rachel-wright,,,"Car Repair & Service",yellowpages-ca,,0,0
,"Kristal Auto","95 Rivalda Rd, North York, ON M9M 2M6",,4162481750,,5,24,,,,,,,,0,0,0,0,0,0,0,0,0,0,http://www.facebook.com/113934802341733,,https://www.linkedin.com/company/gyi,,,"Auto Repair Garages",yellowpages-ca,,0,0
,"Alexis Auto Mechanical Repair","750 Oakdale Rd, North York, ON M3N 2Z4",,4167463197,,,,,,,,,,,0,0,0,0,0,0,0,0,0,0,http://www.facebook.com/260096837661155,,https://www.linkedin.com/company/gyi,,,"Car Repair & Service",yellowpages-ca,,0,0
,"New City Auto &amp; Tires","62 Penn Dr, North York, ON M9L 2A9",,4167410303,,4.1,81,,,,,,,,0,0,0,0,0,0,0,0,0,0,http://www.facebook.com/240346002689895,,,,,"Car Repair & Service,Tire Retailers",yellowpages-ca,,0,0
,"Sathy Car Care","6-1950 Ellesmere, Scarborough, ON M1H 2V8",,4164382390,,,,,,,,,,,0,0,0,0,0,0,0,0,0,0,http://www.facebook.com/172597990118385,,https://www.linkedin.com/company/gyi,,,"Auto Repair Garages,New Car Dealers",yellowpages-ca,,0,0
,"Carwin Service Centre","644 Lakeshore Rd E, Mississauga, ON L5G 1J6",,9052744180,,,,,,,,,,,0,0,0,0,0,0,0,0,0,0,http://www.facebook.com/850628641807968,,https://www.linkedin.com/company/gyi,,,"Auto Repair Garages",yellowpages-ca,,0,0
,"Supreme Auto Service","Saint Regis Cres S, Toronto, ON M3J 1Y5",,4166359735,,,,,,,,,,,0,0,0,0,0,0,0,0,0,0,http://www.facebook.com/217278251973096,,https://www.linkedin.com/company/gyi,,,"Auto Repair Garages",yellowpages-ca,,0,0
,"Sunny Auto Glass","4-1380 Matheson Blvd E, Mississauga, ON L4W 4P8",,9056029192,,,,,,,,,,,0,0,0,0,0,0,0,0,0,0,http://www.facebook.com/611133732368919,,https://www.linkedin.com/company/gyi,,,"Auto Repair Garages",yellowpages-ca,,0,0
,"A1 Delta Magic Auto Centre","1778 Jane St, York, ON M9N 2T2",,4166401126,,,,,,,,,,,0,0,0,0,0,0,0,0,0,0,http://www.facebook.com/310641512676053,,https://www.linkedin.com/company/gyi,,,"Auto Repair Garages",yellowpages-ca,,0,0
,"All Speed Transmission","47-175 Toryork Dr, North York, ON M9L 2Y7",,4379886381,allspeed.tran@gmail.com,,,,,,,,,3,0,0,0,0,0,0,0,0,0,0,https://www.facebook.com/All-Speed-Transmission-316673388861214/,,https://www.linkedin.com/company/gyi,,,"Auto Repair Garages,Transmission",yellowpages-ca,,0,0
,"Mobile Mechanic","Toronto, ON M8Y 1Z4, Toronto, ON M8Y 1Z4, Canada",,4168061278,,,,,,,,,,,0,0,0,0,0,0,0,0,0,0,,,,,,"Autowerkstatt,Autoreifen",yelp,,0,0
,"Shine Auto Enterprise","1-172 Toryork Dr, North York, ON M9L 1X8",,4167453544,,,,,,,,,,,0,0,0,0,0,0,0,0,0,0,http://www.facebook.com/1184843234874139,,,,,"Auto Body Repair & Painting Shops,Auto Repair Garages",yellowpages-ca,,0,0
,"Backo Auto Repair Centre Inc.","94 Kenhar Dr, North York, ON M9L 1N2",,4167488275,backoauto@gmail.com,,,,,,,,,143,0,0,0,0,0,0,0,0,0,0,https://www.facebook.com/BackoAuto/,,https://www.linkedin.com/company/_____-endeavors-arts-and-events-by-rachel-wright,,,"Auto Repair Garages",yellowpages-ca,,0,0
,"Eu Autowerks Inc","681 Chrislea Rd, Woodbridge, ON L4L 8A3",,9058507600,rebeccawayne150@gmail.com,,,,,,,457,35,457,0,0,0,0,0,0,0,0,0,0,https://www.facebook.com/euautowerks,,https://www.linkedin.com/company/gyi,,,"Auto Repair Garages",yellowpages-ca,,0,0
,"Solutions Automotive Servicing","202 Dundas St W, Mississauga, ON L5B 1J1",,9052773613,,,,,,,,,,,0,0,0,0,0,0,0,0,0,0,http://www.facebook.com/196854604209673,,https://www.linkedin.com/company/gyi,,,"Car Repair & Service",yellowpages-ca,,0,0
,"Harmony Auto Services Ltd","5980 Shawson Dr, Mississauga, ON L4W 3Z6",,9055641111,,,,,,,,1,1,1,0,0,0,0,0,0,0,0,0,0,https://www.facebook.com/pages/Harmony-Auto-Services-Ltd/527093937662978,,https://www.linkedin.com/company/gyi,,,"Auto Repair Garages",yellowpages-ca,,0,0
,"Lambton Park Auto","73 Chauncey Ave, Etobicoke, ON M8Z 2Z2",,4162337552,service@cochraneauto.ca,,,,,,,165,3,,0,0,0,0,0,0,0,0,0,0,https://www.facebook.com/pages/Cochrane-Automotive/547664611936271,,,,,"Car Repair & Service,Tire Dealer Equipment & Supplies",yellowpages-ca,,0,0
,"Global Auto Sales","4190 Cawthra Rd, Mississauga, ON L4Z 1A1",,9052796913,,,,,,,,,,,0,0,0,0,0,0,0,0,0,0,,,,,,"Auto Repair Garages",yellowpages-ca,,0,0
,"Spectrum Advance Automotive Limited","471 Garyray Dr, North York, ON M9L 1P9",,4167407001,,,,,,,,,,,0,0,0,0,0,0,0,0,0,0,http://www.facebook.com/453470674845548,,https://www.linkedin.com/company/gyi,,,"Car Repair & Service",yellowpages-ca,,0,0
,"Tune Up Master","2410 Lawrence Ave E, Scarborough, ON M1P 2R6",,4167524434,,,,,,,,,,,0,0,0,0,0,0,0,0,0,0,http://www.facebook.com/587072534644049,,,,,"Auto Repair Garages",yellowpages-ca,,0,0
,"Villar Automotive","6067 Kingston Rd, Scarborough, ON M1C 1K5",,4166421342,,,,,,,,,,,0,0,0,0,0,0,0,0,0,0,,,,,,"Auto Repair Garages",yellowpages-ca,,0,0
,"Aurora Auto Centre","70 Lepage Crt, North York, ON M3J 1Z9",,6474307736,,,,,,,,,,,0,0,0,0,0,0,0,0,0,0,http://www.facebook.com/261578067516364,,https://www.linkedin.com/company/gyi,,,"Auto Repair Garages",yellowpages-ca,,0,0
,"Forty Forty Motorsports","10 Milner Business Crt, Toronto, ON M1B 3C6",,2898931873,,,,,,,,,,,0,0,0,0,0,0,0,0,0,0,https://www.facebook.com/FortyFortyMotorsportINC/,,https://www.linkedin.com/company/_____-endeavors-arts-and-events-by-rachel-wright,,,"Auto Repair Garages",yellowpages-ca,,0,0
,"Master Collision Depot","2-1225 Matheson Blvd E, Mississauga, ON L4W 1B6",,9056251516,,,,,,,,,,17,0,0,0,0,0,0,0,0,0,0,https://www.facebook.com/pages/Master-Collision-Depot-MCD/209206692552381,,https://www.linkedin.com/company/_____-endeavors-arts-and-events-by-rachel-wright,,,"Auto Body Repair & Painting Shops",yellowpages-ca,,0,0
,"Queensway Auto Service Experts","52 Chauncey Ave, Etobicoke, ON M8Z 2Z4",,4162512770,,4.3,27,,,,,,,,0,0,0,0,0,0,0,1,1,0,http://www.facebook.com/pages/Queensway-Auto-Service-Experts/274095279318114,,https://www.linkedin.com/company/gyi,,,"Auto Repair Garages,Car Repair & Service",yellowpages-ca,,0,0
,"Ammar Automotive","166 Toryork Dr, North York, ON M9L 1X6",,4166884852,,,,,,,,,,,0,0,0,0,0,0,0,0,0,0,http://www.facebook.com/848991211978032,,https://www.linkedin.com/company/gyi,,,"Auto Repair Garages",yellowpages-ca,,0,0
,"J Adams Overhead Garage","1080 Tapscott Rd, Scarborough, ON M1X 1E7",,4162939187,,,,,,,,,,,0,0,0,0,0,0,0,0,0,0,http://www.facebook.com/1007114256043342,,https://www.linkedin.com/company/_____-endeavors-arts-and-events-by-rachel-wright,,,"Auto Repair Garages",yellowpages-ca,,0,0
,"Inkas Design","3605 Weston Rd, North York, ON M9L 1V7",,4166458725,info@inkas.ca,,,,,,,30071,,37000,0,0,0,1,0,0,0,0,0,0,https://www.facebook.com/inkas.armored.vehicles/,,https://www.linkedin.com/company/_____-endeavors-arts-and-events-by-rachel-wright,,,"Car Detailing,Armoured Cars",yellowpages-ca,,0,0
New,"Zoom Complete Car Repair","995 Pape Ave, East York, ON M4B 1N9, Canada",,16477205815,,4.7,128,,,,,,,,0,0,0,0,0,0,0,0,0,0,,,,,,"Car repair and maintenance service",google,,0,0
,"Powerite Automotive Inc","6141 Atlantic Dr, Mississauga, ON L5T 1L9",,9056969146,,,,,,,,,,,0,0,0,0,0,0,0,0,0,0,http://www.facebook.com/484863288385966,,https://www.linkedin.com/company/gyi,,,"Car Repair & Service",yellowpages-ca,,0,0
,"Nick's Garage","1596 Weston Rd, York, ON M9N 1T6",,4162446564,,4.9,156,,,,,,,,0,0,0,0,0,0,0,0,0,0,http://www.facebook.com/417761061642941,,https://www.linkedin.com/company/gyi,,,"Auto Repair Garages",yellowpages-ca,,0,0
,"Smile Auto","61 Milvan Dr, North York, ON M9L 1Y8",,4167489990,,4.9,25,,,5,6,56,4,56,0,0,0,0,0,0,0,0,0,0,https://www.facebook.com/Smileauto08,,https://www.linkedin.com/company/gyi,,,"Auto Repair Garages,Used Car Dealers",yellowpages-ca,,0,0
,"Hi-Power Mechanics","155 McCormack St Unit 4, York, ON M6N 1X8, Canada",,14166043311,,4.7,22,,,,,,,,0,0,0,0,0,0,0,0,0,0,,,,,,"Auto repair shop",google,,0,0
,"Olympia Auto Center","1013 Dundas St E, Mississauga, ON L4Y 2B9",,9056686908,,,,,,,,,,,0,0,0,0,0,0,0,0,0,0,http://www.facebook.com/164054100941071,,https://www.linkedin.com/company/gyi,,,"Auto Repair Garages",yellowpages-ca,,0,0
,"Production Automotive Ltd","717 Fenmar Dr, North York, ON M9L 1C8",,4168500011,,,,,,,,,,,0,0,0,0,0,0,0,0,0,0,http://www.facebook.com/870505186409273,,https://www.linkedin.com/company/gyi,,,"Car Repair & Service",yellowpages-ca,,0,0
,"Intense Auto","4120 Weston Rd, North York, ON M9L 1W7",,4167442886,,,,,,,,,,,0,0,0,0,0,0,0,0,0,0,http://www.facebook.com/1050863641597519,,https://www.linkedin.com/company/gyi,,,"Auto Repair Garages",yellowpages-ca,,0,0
,"Carboy Auto Leasing Co","4150 Midland Ave, Toronto, ON M1V 4S6",,4167543657,,,,,,,,,,,0,0,0,0,0,0,0,0,0,0,http://www.facebook.com/245102592504657,,https://www.linkedin.com/company/_____-endeavors-arts-and-events-by-rachel-wright,,,"Auto Repair Garages",yellowpages-ca,,0,0
,"Gallant & Sons Auto Care","81 Portland St, Etobicoke, ON M8Y 1A9",,4165031837,,,,,,,,,,,0,0,0,0,0,0,0,0,0,0,,,,,,"Auto Repair Garages",yellowpages-ca,,0,0
,"Applewood Service Centre","985 Bloor St, Mississauga, ON L4Y 2N3",,9052751919,,4.2,46,,,,,,,,1,1,0,0,0,0,0,1,1,0,http://www.facebook.com/210645412997098,,https://www.linkedin.com/company/gyi,,,"Auto Repair Garages",yellowpages-ca,,0,0
,"Formula Detailing","5-6078 Netherhart Rd, Mississauga, ON L5T 1M6",,4164529082,,,,,,,,,,,0,0,0,0,0,0,0,0,0,0,https://www.facebook.com/FormulaDetailing/,,https://www.linkedin.com/company/gyi,,,"Auto Repair Garages",yellowpages-ca,,0,0
,"Trans Canada Auto Clinic","141 Toryork Dr, North York, ON M9L 1X9",,6474308266,,,,,,,,,,,0,0,0,0,0,0,0,0,0,0,http://www.facebook.com/859566234148773,,https://www.linkedin.com/company/gyi,,,"Car Repair & Service",yellowpages-ca,,0,0
,"Cardeals Service Centre","455 Bowes Rd, Concord, ON L4K 1J5",,9052647737,,,,,,,,,,,0,0,0,0,0,0,0,0,0,0,,,,,,"Auto Repair Garages",yellowpages-ca,,0,0
,"Puldin Cars","1849 Mattawa Ave, Mississauga, ON L4X 1K5",,9052909308,,,,,,,,,,,0,0,0,0,0,0,0,0,0,0,http://www.facebook.com/186243348434390,,https://www.linkedin.com/company/gyi,,,"Car Repair & Service",yellowpages-ca,,0,0
,"Schnell Engineering","13-129 Rowntree Dairy Rd, Woodbridge, ON L4L 6C9",,6474788121,,,,,,,,,,,0,0,0,0,0,0,0,0,0,0,,,,,,"Car Repair & Service",yellowpages-ca,,0,0
,"Comp Ricky D.auto","101 Oakdale Rd, North York, ON M3N 1W3",,4167485353,,,,,,,,,,,0,0,0,0,0,0,0,0,0,0,http://www.facebook.com/212704545768585,,https://www.linkedin.com/company/gyi,,,"Car Repair & Service",yellowpages-ca,,0,0
,"R & R Auto Center","1094 Westport Cres, Mississauga, ON L5T 1G1",,9055646609,,,,,,,,,,,0,0,0,0,0,0,0,0,0,0,http://www.facebook.com/459847711100521,,https://www.linkedin.com/company/_____-endeavors-arts-and-events-by-rachel-wright,,,"Car Repair & Service",yellowpages-ca,,0,0
New,"Canada Bangla Auto","23 Musgrave St, Toronto, ON M4E 2H3, Canada",,14166903000,,5,6,,,,,,,,0,0,0,0,0,0,0,0,0,0,,,,,,"Auto bodywork mechanic",google,,0,0
,"Muffler Mafia","5-69 Millwick Dr, North York, ON M9L 1Y5",,6478647143,muffler.mafia@yahoo.ca,,,,,,,,,,0,0,0,0,0,0,0,0,0,0,https://www.facebook.com/Muffler-Mafia-773988379411455/,,https://www.linkedin.com/company/gyi,,,"Auto Repair Garages",yellowpages-ca,,0,0
,"R&A Wolf Auto","1000 Weston Road, Toronto, ON M6N 3S1, Canada",,4168071747,,,,,,,,,,,0,0,0,0,0,0,0,0,0,0,,,,,,"Autowerkstatt,Autolackiererei & Karosseriewerkstatt,Getriebereparatur",yelp,,0,0
,"Euro Auto Centre","401 Weston Rd, York, ON M6N 3P7",,4167635908,,4.5,164,,,,,,,,0,0,0,0,0,0,0,0,0,0,https://www.facebook.com/pages/Euro-Auto-Centre/140703769312818,,https://www.linkedin.com/company/gyi,,,"Auto Repair Garages",yellowpages-ca,,0,0
,"Super Wheel Auto","70 Silver Star Blvd, Scarborough, ON M1V 3L4",,4163350116,,,,,,,,,,,0,0,0,0,0,0,0,0,0,0,http://www.facebook.com/568727243335705,,,,,"Auto Repair Garages",yellowpages-ca,,0,0
,"Sam's Auto Services","66 Milvan Dr, North York, ON M9L 1Z5",,4167436969,,4.7,32,,,,,,,,0,0,0,0,0,0,0,0,0,0,http://www.facebook.com/1055901191149964,,https://www.linkedin.com/company/gyi,,,"Auto Repair Garages",yellowpages-ca,,0,0
,"Car Buffs Collision Centre","5930 Atlantic Dr, Mississauga, ON L4W 1N6",,9055645562,,,,,,,,7,,7,0,0,0,0,0,0,0,0,0,0,https://www.facebook.com/Car-Buffs-Auto-Collision-853409101434754/,,https://www.linkedin.com/company/gyi,,,"Car Repair & Service",yellowpages-ca,,0,0
,"Fastlane Auto Clinic","90 Melford Dr, Scarborough, ON M1B 2A1",,4163215445,fastlaneautoclinic1@gmail.com,,,,,,,83,45,83,0,0,0,0,0,0,0,0,0,0,https://www.facebook.com/fastlaneautoclinic/,,https://www.linkedin.com/company/_____-endeavors-arts-and-events-by-rachel-wright,,,"Auto Repair Garages",yellowpages-ca,,0,0
,"TRS Auto Ltd","6-2305 Markham Rd, Scarborough, ON M1B 2W3",,4166092365,,,,,,,,,1,,0,0,0,0,0,0,0,0,0,0,https://www.facebook.com/pages/TRS-Auto-Ltd/591897037639807,,https://www.linkedin.com/company/_____-endeavors-arts-and-events-by-rachel-wright,,,"Car Repair & Service",yellowpages-ca,,0,0
,"Shunkaih Auto Center","1765 Shawson Dr, Mississauga, ON L4W 1N8",,2895620286,,4.5,15,,,,,,,,0,0,0,0,0,0,0,0,0,0,http://www.facebook.com/159954014761167,,https://www.linkedin.com/company/_____-endeavors-arts-and-events-by-rachel-wright,,,"Auto Body Repair & Painting Shops",yellowpages-ca,,0,0
,"H T A Hi Tech Auto Inc","5890 Dixie Rd, Mississauga, ON L4W 1E9",,9056707337,,,,,,,,,,,0,0,0,0,0,0,0,0,0,0,http://www.facebook.com/309175426247156,,https://www.linkedin.com/company/gyi,,,"Auto Repair Garages",yellowpages-ca,,0,0
,"Gold Key Auto Repair","5950 Atlantic Dr, Mississauga, ON L4W 1N6",,9057950648,,,,,,,,,,7,0,0,0,0,0,0,0,0,0,0,https://www.facebook.com/Gold-Key-Auto-Repair-236614130022452/,,,,,"Car Repair & Service",yellowpages-ca,,0,0
,"Rashids Auto Service Inc","40 Eddystone Ave, North York, ON M3N 1H4",,4168509664,,4.8,50,,,,,,,,0,0,0,0,0,0,0,0,0,0,http://www.facebook.com/266900977152444,,https://www.linkedin.com/company/gyi,,,"Auto Repair Garages,Car Repair & Service",yellowpages-ca,,0,0
,"Hizzy Auto Works","2241 Royal Windsor Drive, Oakville, ON L6J 7X8, Canada",,4379812857,,,,,,,,,,,0,0,0,0,0,0,0,0,0,0,,,,,,"Autowerkstatt,Autoreifen,Ölwechselstationen",yelp,,0,0
,"Rapid Auto","278 Old Kingston Rd, Scarborough, ON M1C 1B5",,4162848194,,,,,,,,,,,0,0,0,0,0,0,0,0,0,0,http://www.facebook.com/200868930304212,,,,,"Car Repair & Service",yellowpages-ca,,0,0
,"Subramaniam Rasartnam","nd 2-83 Hildenboro Sq, Scarborough, ON M1W 1Y2",,4164945048,,,,,,,,,,,0,0,0,0,0,0,0,0,0,0,http://www.facebook.com/237549779950471,,,,,"Car Repair & Service",yellowpages-ca,,0,0
,"Bps Auto Repair Inc.","437 Signet Dr, North York, ON M9L 1V5",,4167412877,,,,,,,,,,,0,0,0,0,0,0,0,0,0,0,,,,,,"Car Repair & Service",yellowpages-ca,,0,0
,"Sant Auto Repair & Sale","2420 Finch Ave W, North York, ON M9M 2E2",,4167450747,,,,,,,,,,,0,0,0,0,0,0,0,0,0,0,http://www.facebook.com/491273164394678,,https://www.linkedin.com/company/_____-endeavors-arts-and-events-by-rachel-wright,,,"Auto Repair Garages",yellowpages-ca,,0,0
,"Rosenthal Automotive","3531 Dundas St W, York, ON M6S 2S7",,6479923531,,,,,,,,,,,0,0,0,0,0,0,0,0,0,0,http://www.facebook.com/904284456349470,,https://www.linkedin.com/company/gyi,,,"Car Repair & Service",yellowpages-ca,,0,0
,"A K","110 Adesso Dr, Concord, ON L4K 3C5",,9056601191,,,,,,,,,,,0,0,0,0,0,0,0,0,0,0,,,,,,"Auto Repair Garages",yellowpages-ca,,0,0
,"Select Auto","112 Select Ave, Toronto, ON M1V 4A7",,4162936493,,,,,,,,,1,,0,0,0,0,0,0,0,0,0,0,http://www.facebook.com/193086531504190,,https://www.linkedin.com/company/_____-endeavors-arts-and-events-by-rachel-wright,,,"Auto Repair Garages,Car Repair & Service",yellowpages-ca,,0,0
,"DMR Automotive Centre","1250 Matheson Blvd E, Mississauga, ON L4W 1R2",,9056253780,,,,,,,,,,,0,0,0,0,0,0,0,0,0,0,http://www.facebook.com/156019618500155,,https://www.linkedin.com/company/gyi,,,"Car Repair & Service",yellowpages-ca,,0,0
,"Interconn Development Ltd.","2600 John St, Markham, ON L3R 3W3",,4168397181,,,,,,,,,,,0,0,0,0,0,0,0,0,0,0,,,,,,"Auto Repair Garages",yellowpages-ca,,0,0
,"J & J Auto Repair","85D Selby Rd, Brampton ON L6W1K5",,19054541118,,,,,,,,,,,0,0,0,0,0,0,0,0,0,0,https://www.facebook.com/JAndJAutoRepairsInc/,,,,,"Auto repair",bing,,0,0
,"Jay's Collision","6147 Kingston Rd, Scarborough, ON M1C 1K7",,4162845215,,,,,,,,,,,0,0,0,0,0,0,0,0,0,0,http://www.facebook.com/142190239774016,,https://www.linkedin.com/company/gyi,,,"Auto Repair Garages",yellowpages-ca,,0,0
,"Clydesdale Truck Repair Inc","5404 Maingate Dr, Mississauga, ON L4W 1R8",,9056290657,,,,,,,,,,,0,0,0,0,0,0,0,0,0,0,http://www.facebook.com/231233480749220,,https://www.linkedin.com/company/gyi,,,"Auto Repair Garages",yellowpages-ca,,0,0
,"Jcm 1Stop Shop Car Maintenance","1075 Fewster Dr, Mississauga, ON L4W 1A2",,6478229942,,,,,,,,4,2,4,0,0,0,0,0,0,0,0,0,0,https://www.facebook.com/Jcm-1stop-Shop-Car-Maintenance-475566912825518/,,https://www.linkedin.com/company/gyi,,,"Auto Repair Garages",yellowpages-ca,,0,0
,"Tersigni Motors Inc","176 Toryork Dr, North York, ON M9L 1X6",,4167402701,,5,4,,,,,,,,0,0,0,0,0,0,0,0,0,0,http://www.facebook.com/578129965689823,,https://www.linkedin.com/company/gyi,,,"Car Repair & Service",yellowpages-ca,,0,0
,"Paisa Car Auto Service","151 Toryork Dr, North York, ON M9L 1X9",,4167446555,,,,,,,,,,27,0,0,0,0,0,0,0,0,0,0,https://www.facebook.com/Paisa-Car-Auto-Service-199366983758694/,,https://www.linkedin.com/company/gyi,,,"Auto Repair Garages",yellowpages-ca,,0,0
,"Mr Reliable Auto","13-1400 Aimco Blvd, Mississauga, ON L4W 1B2",,9052821774,mr.reliableauto@gmail.com,,,,,,,72,5,72,0,0,0,0,0,0,0,0,0,0,http://www.facebook.com/mr.reliableauto,,https://www.linkedin.com/company/gyi,,,"Auto Repair Garages",yellowpages-ca,,0,0
,"Taurus Auto Collision Inc","1232 Crestlawn Dr, Mississauga, ON L4W 1A6",,9056027797,,2.3,304,,,,2,1,1,1,0,0,0,0,0,0,0,0,0,0,https://www.facebook.com/pages/Taurus-Auto-Collision-Inc/231777716922306,,https://www.linkedin.com/company/_____-endeavors-arts-and-events-by-rachel-wright,,,"Auto Body Repair & Painting Shops",yellowpages-ca,,0,0
,"Carl's Auto Repair","Thornhill, ON L4J 2W9",,6475292189,,,,,,,,,,,0,0,0,0,0,0,0,0,0,0,http://www.facebook.com/292254781269121,,,,,"Car Repair & Service",yellowpages-ca,,0,0
,"Project Garage","2305 Markham Rd, Scarborough, ON M1B 2W3",,4163218488,,,,,,,,,,,0,0,0,0,0,0,0,0,0,0,http://www.facebook.com/1546540435558101,,https://www.linkedin.com/company/_____-endeavors-arts-and-events-by-rachel-wright,,,"Car Repair & Service",yellowpages-ca,,0,0
,"Woodgreen Community Serv","1491 Danforth Ave, Toronto, ON M4J 1N5",,4164652044,,,,,,,,,,,0,0,0,0,0,0,0,0,0,0,http://www.facebook.com/186605748516195,,https://www.linkedin.com/company/gyi,,,"Office Furniture & Equipment Manufacturers & Wholesalers,Community Service & Charitable Organizations",yellowpages-ca,,0,0
,"Peel Transmission","1085 Fewster Dr, Mississauga, ON L4W 1A2",,9056256363,,,,,,,,,,,0,0,0,0,0,0,0,0,0,0,http://www.facebook.com/442865799245350,,https://www.linkedin.com/company/gyi,,,"Auto Repair Garages",yellowpages-ca,,0,0
,"Sava Motor Works Inc.","6315 Shawson Dr, Mississauga, ON L5T 1J2",,9056969979,,,,,,,,,,,0,0,0,0,0,0,0,0,0,0,http://www.facebook.com/573476736329743,,https://www.linkedin.com/company/gyi,,,"Car Repair & Service",yellowpages-ca,,0,0
,"Mb Powerhaus","320 City Centre Dr, Mississauga, ON L5B 4P8",,6475677789,,,,,,,,,,,0,0,0,0,0,0,0,0,0,0,http://www.facebook.com/444147426008530,,https://www.linkedin.com/company/gyi,,,"Auto Repair Garages",yellowpages-ca,,0,0
,"Latsi Enterprise","139 Milvan Dr, North York, ON M9L 1Z8",,9052641298,,5,3,,,,,,,,1,0,0,0,0,0,0,1,1,0,http://www.facebook.com/229429467740441,,https://www.linkedin.com/company/gyi,,,"Auto Repair Garages",yellowpages-ca,,0,0
,"Titanic Auto Sales Repair","46-175 Toryork Dr, North York, ON M9L 2Y7",,4167465431,,,,,,,,,,,0,0,0,0,0,0,0,0,0,0,http://www.facebook.com/266135493718890,,https://www.linkedin.com/company/gyi,,,"Auto Repair Garages",yellowpages-ca,,0,0
,"Excel Auto Repair &amp; Drive Clean","153 Norfinch Dr, North York, ON M3N 1Y2",,4167399838,,,,,,,,,,,0,0,0,0,0,0,0,0,0,0,http://www.facebook.com/408319142883896,,,,,"Car Repair & Service",yellowpages-ca,,0,0
,"168 Auto Collision Inc","6-40 Melford Dr, Scarborough, ON M1B 2G2",,4163213388,,,,,,,,,,2,0,0,0,0,0,0,0,0,0,0,https://www.facebook.com/168-Auto-Collision-Inc-1876519292611341/,,https://www.linkedin.com/company/_____-endeavors-arts-and-events-by-rachel-wright,,,"Auto Body Repair & Painting Shops,Auto Repair Garages",yellowpages-ca,,0,0
,"Auto Trust Centre","5040 Maingate Dr, Mississauga, ON L4W 1X5",,9052061276,,,,,,,,,,,0,0,0,0,0,0,0,0,0,0,http://www.facebook.com/pages/Autotrust-Centre/214920031925774,,https://www.linkedin.com/company/gyi,,,"Auto Repair Garages",yellowpages-ca,,0,0
,"Japan Direct Japanese Auto","1591 Matheson Blvd, Mississauga, ON L4W 1H9",,9052383331,info@japandirectjapanese.com,,,,,,,6093,10,6000,0,0,0,0,0,0,0,0,0,0,http://www.facebook.com/580325101994085,,https://www.linkedin.com/company/_____-endeavors-arts-and-events-by-rachel-wright,,,"Auto Repair Garages,New Auto Parts & Supplies",yellowpages-ca,,0,0
,"Fenson Auto Service","96 State Crown Blvd, Toronto, ON M1V 0A2",,4162939090,,4.2,29,,,,,,,,0,0,0,0,0,0,0,0,0,0,http://www.facebook.com/160943617632725,,https://www.linkedin.com/company/_____-endeavors-arts-and-events-by-rachel-wright,,,"Auto Body Repair & Painting Shops",yellowpages-ca,,0,0
,"J's Auto Service","4440 Steeles Ave E, Unionville, ON L3R 0L4",,9054707187,,,,,,,,,,,0,0,0,0,0,0,0,0,0,0,http://www.facebook.com/171437763489397,,https://www.linkedin.com/company/_____-endeavors-arts-and-events-by-rachel-wright,,,"Auto Repair Garages",yellowpages-ca,,0,0
,"Mf Auto Service","1-9 Milvan Dr, North York, ON M9L 1Y9",,4169018551,,,,,,,1,4,2,4,0,0,0,0,0,0,0,0,0,0,https://www.facebook.com/pages/Mf-Auto-Service/126362447772433,,https://www.linkedin.com/company/gyi,,,"Car Repair & Service",yellowpages-ca,,0,0
,"AMC Auto Mechanic Centre","5910 Dixie Rd, Mississauga, ON L4W 1E9",,9056708115,,,,,,,,3,12,3,0,0,0,0,0,0,0,0,0,0,https://www.facebook.com/pages/AMC-Auto-Mechanic-Centre/162540434502742,,https://www.linkedin.com/company/gyi,,,"Auto Repair Garages,Car Repair & Service",yellowpages-ca,,0,0
,"Gold Seal Engine Rebuilders","96 Rivalda Rd, North York, ON M9M 2M8",,18663869127,,,,,,,,,,,0,0,0,0,0,0,0,0,0,0,http://www.facebook.com/130952521024049,,https://www.linkedin.com/company/gyi,,,"Auto Repair Garages",yellowpages-ca,,0,0
,"Aone Auto Mystery","2400 Finch Ave W, North York, ON M9M 2C8",,6473524473,,,,,,,,,,,0,0,0,0,0,0,0,0,0,0,http://www.facebook.com/788825187918926,,https://www.linkedin.com/company/gyi,,,"Auto Repair Garages",yellowpages-ca,,0,0
,"Sgro's Service Center Ltd","3514 Weston Rd, Toronto, ON M9L 1V6",,4167439507,,,,,,,,,,,0,0,0,0,0,0,0,0,0,0,http://www.facebook.com/1361799730502907,,https://www.linkedin.com/company/gyi,,,"Auto Repair Garages",yellowpages-ca,,0,0
,"DI Auto Inc","5940 Atlantic Dr, Mississauga, ON L4W 1N6",,9055649958,,,,,,,,3,3,3,0,0,0,0,0,0,0,0,0,0,https://www.facebook.com/pages/DI-Auto/163282347859913,,https://www.linkedin.com/company/gyi,,,"Auto Repair Garages",yellowpages-ca,,0,0
,"J Spec Auto Services","100 Select Ave, Scarborough, ON M1V 4A7",,4162921845,,,,,,,,79,20,79,0,0,0,0,0,0,0,0,0,0,https://www.facebook.com/J-SPEC-AUTO-127404610633654/,,https://www.linkedin.com/company/_____-endeavors-arts-and-events-by-rachel-wright,,,"Auto Repair Garages",yellowpages-ca,,0,0
,"SLT Custom Exhaust","40 Bethridge Rd, Etobicoke, ON M9W 1N1",,4167475728,,,,,,,,,,,0,0,0,0,0,0,0,0,0,0,http://www.facebook.com/1734571980088047,,https://www.linkedin.com/company/gyi,,,"Auto Repair Garages",yellowpages-ca,,0,0
,"Paulina Chan Autocad & Drafting Services","755 Morningside Ave, Scarborough, ON M1C 5J9",,9054097348,,,,,,,,,,8,0,0,0,0,0,0,0,0,0,0,https://www.facebook.com/Paulina-Chan-Autocad-Drafting-Services-1089477591127181/,,,,,"Car Repair & Service",yellowpages-ca,,0,0
,"Premier Auto Service","175 Toryork Dr, North York, ON M9L 2Y7",,4167452134,,5,20,,,,,1,2,1,0,0,0,0,0,0,0,0,0,0,https://www.facebook.com/pages/Premier-Auto-Service/146276588809506,,https://www.linkedin.com/company/gyi,,,"Auto Repair Garages",yellowpages-ca,,0,0
,"Aam Auto Maintenance","125 Select Ave, Scarborough, ON M1V 4A5",,4167542029,,,,,,,,,,,0,0,0,0,0,0,0,0,0,0,http://www.facebook.com/210904629280189,,https://www.linkedin.com/company/_____-endeavors-arts-and-events-by-rachel-wright,,,"Car Repair & Service",yellowpages-ca,,0,0
,"OTO Mechanic","260 Dundas St W, ON L5B 1J2",,4165001079,,,,,,,,,,,0,0,0,0,0,0,0,0,0,0,,,,,,"Car Repair & Service",yellowpages-ca,,0,0
New,"Rishu Kumar","81 Bay St., Toronto, ON M5J 0E7, Canada",,,,,,,,,,,,,0,0,0,0,0,0,0,0,0,0,,,,,,"Auto repair shop",google,,0,0
,"G and G Auto Service","153 Norfinch Dr, North York, ON M3N 1Y2",,4166617439,,,,,,,,,,,0,0,0,0,0,0,0,0,0,0,http://www.facebook.com/262292890772514,,https://www.linkedin.com/company/gyi,,,"Auto Repair Garages,Car Repair & Service",yellowpages-ca,,0,0
,"Alsoma Auto Service","96 Rivalda Rd, North York, ON M9M 2M8",,4169137363,,,,,,,,,,,0,0,0,0,0,0,0,0,0,0,http://www.facebook.com/1696663340574590,,https://www.linkedin.com/company/gyi,,,"Car Repair & Service",yellowpages-ca,,0,0
,Eurocars,"45 Algie Avenue, Etobicoke, ON M8Z 5J9",,6478493938,,3.8,62,,,,,4,81,4,0,0,0,0,0,0,0,0,0,0,https://www.facebook.com/pages/Eurocars/220469808310259,,https://www.linkedin.com/company/gyi,,,"Auto Repair Garages,Car Repair & Service",yellowpages-ca,,0,0
,"1804696 Ontario Inc","1574 Cawthra Crt, Mississauga, ON L5G 4L3",,4166605508,,,,,,,,,,,0,0,0,0,0,0,0,0,0,0,http://www.facebook.com/858108594394746,,https://www.linkedin.com/company/gyi,,,"Auto Repair Garages",yellowpages-ca,,0,0
,"Jes Auto Service","50 Silver Star Blvd, Toronto, ON M1V 3L3",,4162913386,,,,,,,,,,,0,0,0,0,0,0,0,0,0,0,http://www.facebook.com/133192300684378,,,,,"Auto Repair Garages",yellowpages-ca,,0,0
,"A C A N O Transmission","600 Lakeshore Rd E, Mississauga, ON L5G 1J4",,9052741293,,,,,,,,,,,0,0,0,0,0,0,0,0,0,0,http://www.facebook.com/243795412632642,,https://www.linkedin.com/company/gyi,,,"Auto Repair Garages",yellowpages-ca,,0,0
,"Serpa Auto Service Inc","145 Milvan Dr, North York, ON M9L 1Z8",,4167432445,,4.6,18,,,,,,,,0,0,0,0,0,0,0,0,0,0,http://www.facebook.com/176917028985405,,https://www.linkedin.com/company/gyi,,,"Auto Repair Garages",yellowpages-ca,,0,0
,Gears,"176 Lakeshore Rd W, Mississauga, ON L5H 1G4",,9052712207,info@gearsbikeshop.com,,,,,,,5911,,5900,0,0,0,0,0,0,0,0,0,0,https://www.facebook.com/GearsBikeShop,,https://www.linkedin.com/company/gyi,,,"Car Repair & Service",yellowpages-ca,,0,0
,"Bramtruck & Auto Body Repairs","17 Strathearn Ave, Brampton ON L6T 4P1",,19057916830,,,13,,,,,,,,0,0,0,0,0,0,0,0,0,0,https://www.facebook.com/pages/category/automotive-body-shop/greenway-collision-center-187621918314145/,,,,,"Auto repair",bing,,0,0
,"Select Suri Auto Services","6-127 Select Ave, Scarborough, ON M1V 4A5",,4168937658,,,,,,,,,,64,0,0,0,0,0,0,0,0,0,0,https://www.facebook.com/muhunthan12/,,,,,"Car Repair & Service",yellowpages-ca,,0,0
,"Tech J Auto","8-2050 Steeles Ave W, Concord, ON L4K 2V1",,6476061403,,,,,,,,,,,0,0,0,0,0,0,0,0,0,0,,,,,,"Auto Repair Garages",yellowpages-ca,,0,0
,"10-51 Roadside Inc","1882 Wilson Ave, North York, ON M9M 1A7",,4166631213,,3.3,45,,,,,,,,0,0,0,0,0,0,0,0,1,0,http://www.facebook.com/1034649716712082,,https://www.linkedin.com/company/gyi,,,"Auto Repair Garages",yellowpages-ca,,0,0
,"Speedyway Automotive","1-280 Raleigh Ave, Scarborough, ON M1K 1A9",,6477876244,,,,,,,,,,,0,0,0,0,0,0,0,0,0,0,,,,,,"Car Repair & Service",yellowpages-ca,,0,0
,"T & T Mechanics Inc","2531 Wharton Glen Ave, Mississauga, ON L4X 2A8",,9052733090,,4.8,133,,,,,,,,0,0,0,0,0,0,0,0,0,0,http://www.facebook.com/1774704729429345,,https://www.linkedin.com/company/_____-endeavors-arts-and-events-by-rachel-wright,,,"Auto Repair Garages,Car Repair & Service",yellowpages-ca,,0,0
,"Willie Autobody","718 Garyray Dr, North York, ON M9L 1R3",,4167403163,,,,,,,,,,,0,0,0,0,0,0,0,0,0,0,http://www.facebook.com/538812166300743,,https://www.linkedin.com/company/gyi,,,"Auto Repair Garages",yellowpages-ca,,0,0
,"Farooquey Auto Sales &amp; Service","3141 Danforth Ave, Scarborough, ON M1L 1B3",,4166981898,farooquey3141@hotmail.com,4.1,56,,,,,,,,1,1,0,0,0,0,0,1,1,0,http://www.facebook.com/113547388722605,http://www.twitter.com/wix,,,,"New Car Dealers,Auto Repair Garages",yellowpages-ca,,0,0
,"Mzone Auto","6-365 John St, Thornhill, ON L3T 5W5",,4168575688,,,,,,,,,,,0,0,0,0,0,0,0,0,0,0,,,,,,"Auto Repair Garages",yellowpages-ca,,0,0
,"Master Mechanic Matheson","Mississauga, ON",,9055026550,,,,,,,,,,,0,0,0,0,0,0,0,0,0,0,,,,,,"Car Repair & Service",yellowpages-ca,,0,0
,"Tehran Auto Inc","47 Guardsman, Thornhill, ON L3T 6L2",,9058815975,,,,,,,,,,,0,0,0,0,0,0,0,0,0,0,,,,,,"Auto Repair Garages",yellowpages-ca,,0,0
,"Emi Auto Service","33-418B Hanlan Rd, Woodbridge, ON L4L 4Z1",,9058563604,,,,,,,,,,,0,0,0,0,0,0,0,0,0,0,http://www.facebook.com/1581952492120968,,https://www.linkedin.com/company/gyi,,,"Car Repair & Service",yellowpages-ca,,0,0
,"Pizzuti &amp; Sons Auto Repair","5-789 Arrow Rd, Toronto, ON M9M 2L4",,4167404273,,,,,,,,,,,0,0,0,0,0,0,0,0,0,0,http://www.facebook.com/559959647498306,,,,,"Auto Repair Garages",yellowpages-ca,,0,0
,"Advanced Auto Detailling","6045 Netherhart Rd, Mississauga, ON L5T 1G5",,9056960171,,,,,,,,,,,0,0,0,0,0,0,0,0,0,0,http://www.facebook.com/574735739535789,,https://www.linkedin.com/company/gyi,,,"Auto Repair Garages",yellowpages-ca,,0,0
,"Max Auto & Tire Centre Inc","68 Millwick Dr, North York, ON M9L 1Y3",,4167453725,,,,,,,,,,,0,0,0,0,0,0,0,0,0,0,http://www.facebook.com/219231661796579,,https://www.linkedin.com/company/_____-endeavors-arts-and-events-by-rachel-wright,,,"Auto Repair Garages,Car Repair & Service",yellowpages-ca,,0,0
,"Chu Auto Repairs","90 Melford Dr, Scarborough, ON M1B 2A1",,4166098616,,,,,,,,,,,0,0,0,0,0,0,0,0,0,0,http://www.facebook.com/433450027125512,,https://www.linkedin.com/company/_____-endeavors-arts-and-events-by-rachel-wright,,,"Auto Repair Garages",yellowpages-ca,,0,0
,"Cj's Autobody","1790 Meyerside Dr, Mississauga, ON L5T 1B4",,9056709377,,,,,,,,,,,0,0,0,0,0,0,0,0,0,0,http://www.facebook.com/445795852510781,,https://www.linkedin.com/company/_____-endeavors-arts-and-events-by-rachel-wright,,,"Auto Body Repair & Painting Shops",yellowpages-ca,,0,0
,"Alpine Auto Centre","2592 Weston Rd, North York, ON M9N 2A9",,4162422929,,,,,,,,,,,0,0,0,0,0,0,0,0,0,0,http://www.facebook.com/942373995877907,,https://www.linkedin.com/company/gyi,,,"Car Repair & Service",yellowpages-ca,,0,0
,"Kelly Serivce Auto Garage","320 Burnhamthorpe Rd, Etobicoke, ON M9B 2A3",,4166224391,,4.7,47,,,,,2,12,2,0,0,0,0,0,0,0,0,0,0,https://www.facebook.com/pages/Kelly-Serivce-Auto-Garage/361643324658245,,https://www.linkedin.com/company/gyi,,,"Auto Repair Garages",yellowpages-ca,,0,0
,"Careem Autocare - Car Repair","1115 Crestlawn Dr Suite C4, Mississauga, ON L4W 1A7",,2894979996,,,,,,,,,,,0,0,0,0,0,0,0,0,0,0,,,,,,"Auto Repair Garages",yellowpages-ca,,0,0
,"Castle Auto Service","750 Oakdale Rd, North York, ON M3N 2Z4",,4167480660,,,,,,,,,,,0,0,0,0,0,0,0,0,0,0,http://www.facebook.com/1378633505700591,,,,,"Car Repair & Service",yellowpages-ca,,0,0
,"Guytec Auto Service Inc","642 Rogers Rd, York, ON M6M 1C2",,4167627030,andrewdeonandan@rogers.com,4.3,36,,,,,21,3,21,0,0,0,0,0,0,0,0,0,0,https://www.facebook.com/GuytecAutoService/,,,,,"Auto Repair Garages,Car Repair & Service",yellowpages-ca,,0,0
,"Mobile 1 Auto","8-83 Dynamic Dr, Scarborough, ON M1V 4C8",,6472880239,,,,,,,,,,,0,0,0,0,0,0,0,0,0,0,http://www.facebook.com/246669939056349,,https://www.linkedin.com/company/_____-endeavors-arts-and-events-by-rachel-wright,,,"Car Repair & Service",yellowpages-ca,,0,0
,"Good Guys Auto","1101 Seneca Ave, Mississauga, ON L5G 3X8",,9052748260,info@goodguysauto.ca,,,,,,,253,10,253,0,0,0,0,0,0,0,0,0,0,https://www.facebook.com/GoodGuysAutomotive,,https://www.linkedin.com/company/gyi,,,"Auto Repair Garages",yellowpages-ca,,1,0
,"Davies Auto Electric Ltd","2579 Wharton Glen Ave, Mississauga, ON L4X 2A8",,9052794787,,,,,,,,,,,0,0,0,0,0,0,0,0,0,0,http://www.facebook.com/241807963235778,,https://www.linkedin.com/company/gyi,,,"Car Repair & Service",yellowpages-ca,,0,0
,"Sam Auto","155 Norfinch Dr, North York, ON M3N 1Y2",,4166614814,,,,,,,,,,,0,0,0,0,0,0,0,0,0,0,http://www.facebook.com/797826793683842,,https://www.linkedin.com/company/gyi,,,"Car Repair & Service",yellowpages-ca,,0,0
,"Subra Auto Service","173 McCormack St, York, ON M6N 1X8",,4166047777,,,,,,,,,,,0,0,0,0,0,0,0,0,0,0,http://www.facebook.com/2023827854564066,,https://www.linkedin.com/company/gyi,,,"Car Repair & Service",yellowpages-ca,,0,0
,"Omar Auto Ltd A","153 Norfinch Dr, North York, ON M3N 1Y2",,4165140097,,,,,,,,,,,0,0,0,0,0,0,0,0,0,0,http://www.facebook.com/831076297037810,,https://www.linkedin.com/company/gyi,,,"Auto Repair Garages",yellowpages-ca,,0,0
,"Paldens Friendly Auto Repair","521 Keele St, Rear, Toronto, ON M6N 3E4",,6477482166,,4.9,142,,,4.6,5,16,19,16,0,0,0,0,0,0,0,0,1,0,http://www.facebook.com/1002744053124210,,https://www.linkedin.com/company/gyi,,,"Auto Repair Garages,Car Brake Service",yellowpages-ca,,0,0
,"Top Performance Autobody Ltd","1310 Britannia Rd E, Mississauga, ON L4W 1C8",,9056701139,topperformanceautobody@gmail.com,4.8,50,,,,,42,3,42,1,1,0,0,0,0,0,1,1,0,https://www.facebook.com/Top-Performance-Autobody-Ltd-578262912333482/,,,,,"Auto Repair Garages",yellowpages-ca,,1,0
,"Cars Remarketing","37 Mill Cove, Etobicoke, ON M8X 2S7",,4166420096,,,,,,,,,,,0,0,0,0,0,0,0,0,0,0,http://www.facebook.com/1976653025918918,,https://www.linkedin.com/company/gyi,,,"Car Repair & Service",yellowpages-ca,,0,0
,"Wei's Auto Service Inc","53 Redlea Ave, Toronto, ON M1V 4S4",,6472986787,,,,,,,,,,,0,0,0,0,0,0,0,0,0,0,http://www.facebook.com/145897519139740,,https://www.linkedin.com/company/_____-endeavors-arts-and-events-by-rachel-wright,,,"Car Repair & Service",yellowpages-ca,,0,0
,"Sam & Surjit Auto Centre","Mississauga, ON",,9056773015,,,,,,,,,,,0,0,0,0,0,0,0,0,0,0,,,,,,"Car Repair & Service",yellowpages-ca,,0,0
,"Rudy Car Care Inc.","2-777 Warden Ave, Scarborough, ON M1L 4C3",,4168307839,rudycarcare@gmail.com,,,,,,,,,39,0,0,0,0,0,0,0,0,0,0,https://www.facebook.com/rudycarcareca-599642750427112/,,https://www.linkedin.com/company/gyi,,,"Car Repair & Service",yellowpages-ca,,0,0
,"DCB Auto Repairs-Volkswagen-Audi","141 Oakdale Rd, North York, ON M3N 1W2",,4167470400,,,,,,,,,,,0,0,0,0,0,0,0,0,0,0,http://www.facebook.com/994503133969623,,https://www.linkedin.com/company/gyi,,,"Car Repair & Service",yellowpages-ca,,0,0
,"Competitive Auto Service","1170 Eglinton Ave E, Mississauga, ON L4W 2M7",,9052148028,cauto2005@hotmail.com,,,,,,,,,44,0,0,0,0,0,0,0,0,0,0,https://www.facebook.com/competitiveautoservice/,,https://www.linkedin.com/company/gyi,,,"Car Repair & Service",yellowpages-ca,,0,0
,"Raj Auto Inc","Scarborough, ON M1V 3N4",,4168255533,,,,,,,,,,,0,0,0,0,0,0,0,0,0,0,http://www.facebook.com/109990149794438,,https://www.linkedin.com/company/gyi,,,"Auto Repair Garages",yellowpages-ca,,0,0
,"Layfield Canada Ltd","117 Basaltic Rd, Concord, ON L4K 1G4",,9057619123,,,,,,,,,,,0,0,0,0,0,0,0,0,0,0,,,,,,"Auto Repair Garages",yellowpages-ca,,0,0
,"Ucan Tire Co., Ltd","200-3300 McNicoll Ave, Scarborough, ON M1V 5J6",,4166620000,,,,,,,,,,,0,0,0,0,0,0,0,0,0,0,http://www.facebook.com/1937395626575599,,https://www.linkedin.com/company/_____-endeavors-arts-and-events-by-rachel-wright,,,"Car Repair & Service",yellowpages-ca,,0,0
,"Pioneer Auto Service","4544 Dufferin St, North York ON M3H 5X2",,4167391600,,,,,,,,,,,0,0,0,0,0,0,0,0,0,0,,,,,,,bing,,0,0
,"Tmr Auto Svc Inc","709 Fenmar Dr, North York, ON M9L 1C8",,4167461600,,,,,,,,,,,0,0,0,0,0,0,0,0,0,0,,,,,,"Auto Repair Garages",yellowpages-ca,,0,0
,"Shabaris Auto Repairs","59 Milvan Dr, North York, ON M9L 1Y8",,6473131545,,,,,,,,,,,0,0,0,0,0,0,0,0,0,0,http://www.facebook.com/264644780584358,,https://www.linkedin.com/company/gyi,,,"Car Repair & Service",yellowpages-ca,,0,0
,"403 Auto Collision","1190 Crestlawn Dr, Mississauga, ON L4W 1A6",,9056257611,,,,,,,,92,13,92,0,0,0,0,0,0,0,0,0,0,http://www.facebook.com/145482142300725,,https://www.linkedin.com/company/gyi,,,"Auto Repair Garages",yellowpages-ca,,0,0
,"BF Truck & Car Repairs","2671 Markham Rd, Scarborough, ON M1X 1M4",,4162970822,,,,,,,,,,,0,0,0,0,0,0,0,0,0,0,http://www.facebook.com/203382403376028,,https://www.linkedin.com/company/_____-endeavors-arts-and-events-by-rachel-wright,,,"Auto Repair Garages",yellowpages-ca,,0,0
,"Performance Worx","8C-325 Weston Rd, York, ON M6N 4Z9",,4165372279,performanceworx@hotmail.com,,,,,5,34,621,68,621,0,0,0,0,0,0,0,0,0,0,https://www.facebook.com/Performance-Worx-Inc-196355897061928/,,https://www.linkedin.com/company/gyi,,,"Car Repair & Service",yellowpages-ca,,0,0
,"AVP Auto Service Inc","1085 Fewster Dr, Mississauga, ON L4W 1A2",,9052820069,,,,,,,,,,,0,0,0,0,0,0,0,0,0,0,http://www.facebook.com/233620734062793,,https://www.linkedin.com/company/gyi,,,"Auto Repair Garages,Car Repair & Service",yellowpages-ca,,0,0
,"Auto Master Centre Limited","25-4635 Burgoyne St, Mississauga, ON L4W 1V9",,9056241440,,,,,,,,,,,0,0,0,0,0,0,0,0,0,0,http://www.facebook.com/504416453271118,,https://www.linkedin.com/company/gyi,,,"Auto Repair Garages,Car Leasing",yellowpages-ca,,0,0
,"Continental Auto Repairs","4801 Keele St, Toronto, ON M3J 3A4",,6477252580,,,,,,,,,,,0,0,0,0,0,0,0,0,0,0,http://www.facebook.com/357321594291475,,https://www.linkedin.com/company/gyi,,,"Auto Repair Garages",yellowpages-ca,,0,0
,"Great Wall Auto Centre","125 Select Ave, Toronto, ON M1V 4A5",,4167526608,,,,,,,,2,1,2,0,0,0,0,0,0,0,0,0,0,https://www.facebook.com/pages/Great-Wall-Auto-Centre/460392070820756,,https://www.linkedin.com/company/_____-endeavors-arts-and-events-by-rachel-wright,,,"Car Repair & Service",yellowpages-ca,,0,0
,"Direct Auto Center Inc","155 Norfinch Dr, North York, ON M3N 1Y2",,4166659323,,,,,,,,1,5,1,0,0,0,0,0,0,0,0,0,0,http://www.facebook.com/386890144831270,,https://www.linkedin.com/company/gyi,,,"Car Repair & Service",yellowpages-ca,,0,0
,"Lewin's On The Go Mobile Auto Repairs","195 Exbury Rd, North York, ON M3M 1R9",,6478551195,,,,,,,,,,6,0,0,0,0,0,0,0,0,0,0,https://www.facebook.com/Lewins-On-The-Go-Mobile-Auto-Repairs-526953847706515/,,https://www.linkedin.com/company/gyi,,,"Auto Repair Garages",yellowpages-ca,,0,0
,"Six Star Motor","56 Penn Dr, North York, ON M9L 2A9",,4167463275,,,,,,,,,,,0,0,0,0,0,0,0,0,0,0,http://www.facebook.com/1089039011156107,,https://www.linkedin.com/company/gyi,,,"Auto Repair Garages,Car Repair & Service",yellowpages-ca,,0,0
,"G Max Auto","101 Toro Rd, North York, ON M3J 2Z1",,4166333330,,,,,,,,,,,0,0,0,0,0,0,0,0,0,0,https://www.facebook.com/G-Max-Auto-1777064749180240/,,https://www.linkedin.com/company/gyi,,,"Auto Repair Garages,Car Repair & Service",yellowpages-ca,,0,0
,"Car Quest Body","190 Hymus Rd, Scarborough, ON M1L 2E1",,4167577777,,,,,,,,,,,0,0,0,0,0,0,0,0,0,0,,,,,,"Auto Body Repair & Painting Shops",yellowpages-ca,,0,0
,"Auto Hangar Inc","1733 Shawson Dr, Mississauga, ON L4W 1N8",,9057919225,,,,,,,,,,,0,0,0,0,0,0,0,0,0,0,http://www.facebook.com/114814695222045,,https://www.linkedin.com/company/gyi,,,"Car Repair & Service",yellowpages-ca,,0,0
,"Heritage Auto &amp; Power Sports","24 Ingram Dr, North York, ON M6M 2L6",,4162489651,,,,,,,,,,,0,0,0,0,0,0,0,0,0,0,http://www.facebook.com/1925763394352054,,,,,"Car Repair & Service",yellowpages-ca,,0,0
,"Fajsu's Auto Repair","1-369 Ryding Ave, Toronto, ON M6N 1H6",,4167662460,,,,,,,,,,,0,0,0,0,0,0,0,0,0,0,http://www.facebook.com/212427945798692,,https://www.linkedin.com/company/gyi,,,"Car Repair & Service",yellowpages-ca,,0,0
,"Lks Auto Service Inc.na","155 Midwest, Scarborough, ON M1P 3A6",,4162889832,,,,,,,,,,,0,0,0,0,0,0,0,0,0,0,,,,,,"Car Repair & Service",yellowpages-ca,,0,0
,"Eugene Collision","8 Eugene St, North York, ON M6B 3Z4",,4167816688,,5,12,,,,,,,,0,0,0,0,0,0,0,0,0,0,http://www.facebook.com/121707131953176,,https://www.linkedin.com/company/gyi,,,"Auto Repair Garages",yellowpages-ca,,0,0
,"Federal Autos Service","561 Kennedy Rd, Scarborough, ON M1K 2B1",,4162611427,,,,,,,,,,,0,0,0,0,0,0,0,0,0,0,http://www.facebook.com/1593799724276082,,,,,"Car Repair & Service",yellowpages-ca,,0,0
,"Sunny Lam Auto","62 Redlea Ave, Scarborough, ON M1V 4S3",,4163357881,,,,,,,,,,,0,0,0,0,0,0,0,0,0,0,http://www.facebook.com/199708670412346,,https://www.linkedin.com/company/_____-endeavors-arts-and-events-by-rachel-wright,,,"Car Repair & Service",yellowpages-ca,,0,0
,"Tran Autobody Mechanic &amp; Sales","1-146 Toryork Dr, North York, ON M9L 1X6",,4167446668,,,,,,,,,,,0,0,0,0,0,0,0,0,0,0,http://www.facebook.com/1984990811769709,,https://www.linkedin.com/company/_____-endeavors-arts-and-events-by-rachel-wright,,,"Auto Repair Garages,New Car Dealers",yellowpages-ca,,0,0
,"Li Auto Service","12 Lepage Crt, North York, ON M3J 1Z9",,6474287118,,,,,,,,,,,0,0,0,0,0,0,0,0,0,0,http://www.facebook.com/239429803111266,,https://www.linkedin.com/company/gyi,,,"Auto Repair Garages,Car Repair & Service",yellowpages-ca,,0,0
,"CarTec Automotive Service Center","4732 Sheppard Avenue E, Toronto, ON M1S 3V6, Canada",,4162912868,,,,5,1,,,,,,0,0,0,0,0,0,0,0,0,0,,,,,,Autowerkstatt,yelp,,0,0
,"Combined Air Mechanical Services","Mississauga, ON",,4164581000,,,,,,,,,,,0,0,0,0,0,0,0,0,0,0,,,,,,"Car Repair & Service",yellowpages-ca,,0,0
,"Pro Power Auto Service","155 Toryork Dr, North York, ON M9L 1X9",,4167452075,,,,,,,,,,,0,0,0,0,0,0,0,0,0,0,http://www.facebook.com/229442034082190,,https://www.linkedin.com/company/gyi,,,"Car Repair & Service",yellowpages-ca,,0,0
,"H & A Auto Service","145 Milvan Dr, North York, ON M9L 1Z8",,6474274599,,4.8,41,,,,,,,,0,0,0,0,0,0,0,0,0,0,http://www.facebook.com/1527855464188742,,https://www.linkedin.com/company/_____-endeavors-arts-and-events-by-rachel-wright,,,"Auto Repair Garages",yellowpages-ca,,0,0
,"C B Automotive Ltd","1950 Ellesmere Rd, Scarborough, ON M1H 2V8",,4164389308,,,,,,,,1,6,1,0,0,0,0,0,0,0,0,0,0,http://www.facebook.com/290181535091686,,,,,"Auto Repair Garages",yellowpages-ca,,0,0
,"Top Auto Body","220 Toryork Dr, North York, ON M9L 1Y1",,4167417770,,4.8,81,,,,,,,,0,0,0,0,0,0,0,0,0,0,http://www.facebook.com/1936127703275710,,https://www.linkedin.com/company/gyi,,,"Auto Repair Garages",yellowpages-ca,,0,0
,"4Wheels Auto","9-73 Alness St, North York, ON M3J 2H2",,6479755553,,,,,,,,,,,0,0,0,0,0,0,0,0,0,0,,,,,,"Auto Repair Garages",yellowpages-ca,,0,0
,"Hawley Collision Centre","2526 Cawthra Rd, Mississauga, ON L5A 2X3",,9058963523,info@hawleycollision.com,4.7,76,,,,,154,76,154,0,0,0,0,0,0,0,0,0,0,https://www.facebook.com/csnhawleycollision/,,https://www.linkedin.com/company/_____-endeavors-arts-and-events-by-rachel-wright,,,"Auto Body Repair & Painting Shops",yellowpages-ca,,0,0
,"Nino's Service Centre","916 Caledonia Rd, North York, ON M6B 3Y1",,4162415444,,,,,,,,,,,0,0,0,0,0,0,0,0,0,0,http://www.facebook.com/529592880740395,,https://www.linkedin.com/company/gyi,,,"Auto Repair Garages",yellowpages-ca,,0,0
,"Certified Auto Tech","50 Ritin Lane, Concord, ON L4K 4C9",,9057607704,,,,,,,,,,,0,0,0,0,0,0,0,0,0,0,,,,,,"Car Repair & Service",yellowpages-ca,,0,0
,"Decent Auto Repair","1526 Keele St, York, ON M6N 3E9",,6477483000,,,,,,,,,,,0,0,0,0,0,0,0,0,0,0,http://www.facebook.com/354872991653706,,https://www.linkedin.com/company/gyi,,,"Auto Repair Garages",yellowpages-ca,,0,0
,"Markos Automotive Inc.","95 Kincort St, York, ON M6M 5G7",,4162411969,chris@markosautomotive.ca,4.6,47,,,,,,,,0,0,0,0,0,0,0,1,0,0,http://www.facebook.com/1806283239595473,,https://www.linkedin.com/company/gyi,,,"Car Repair & Service",yellowpages-ca,,0,0
,"Mississauga Bronte Trucks","5758 Dixie Rd, Mississauga, ON L4W 1E7",,9056036289,,,,,,,,,,,0,0,0,0,0,0,0,0,0,0,http://www.facebook.com/143999932927443,,https://www.linkedin.com/company/gyi,,,"Car Repair & Service",yellowpages-ca,,0,0
,"R N Automotive","40 Bartor Rd, North York, ON M9M 2G5",,4167417325,,,,,,,,,,,0,0,0,0,0,0,0,0,0,0,http://www.facebook.com/766964643405726,,,,,"Car Repair & Service",yellowpages-ca,,0,0
,"Shawson Auto Repairs","1690 Sismet Rd, Mississauga, ON L4W 1R4",,9056257805,shawsonauto@on.aibn.com,4.1,74,,,3.7,7,12,8,12,0,0,0,0,0,0,0,0,0,0,http://www.facebook.com/pages/Shawson-Auto-Repair/352994014823762,,https://www.linkedin.com/company/_____-endeavors-arts-and-events-by-rachel-wright,,,"Auto Body Repair & Painting Shops",yellowpages-ca,,0,0
,"Bir Towing Inc","6-2400 Finch Ave W, North York, ON M9M 2C8",,6474303626,,,,,,,,,,,0,0,0,0,0,0,0,0,0,0,http://www.facebook.com/1018515601575422,,https://www.linkedin.com/company/gyi,,,"Auto Repair Garages",yellowpages-ca,,0,0
,"Sameer Auto Repairs","1105 Crestlawn Dr, Missassauga, ON L4W 1A7",,9052901550,,,,,,,,,,,0,0,0,0,0,0,0,0,0,0,http://www.facebook.com/196543660978945,,https://www.linkedin.com/company/gyi,,,"Auto Repair Garages",yellowpages-ca,,0,0
,"Markham E Auto","Markham, ON L3R 4N6, Markham, ON L3R 4N6, Canada",,6476855227,,,,,,,,,,,0,0,0,0,0,0,0,0,0,0,,,,,,"Autowerkstatt,Autoreifen,Ölwechselstationen",yelp,,0,0
,"Bimmer Hut","49 Millwick Dr, North York, ON M9L 1Y4",,4167456168,,,,,,,,,,,0,0,0,0,0,0,0,0,0,0,http://www.facebook.com/156501308315601,,https://www.linkedin.com/company/gyi,,,"Auto Repair Garages",yellowpages-ca,,0,0
,"Trans Tech Truck & Car Repair","6295 Netherhart Rd, Mississauga, ON L5T 1A2",,9056969471,,,,,,,,,,,0,0,0,0,0,0,0,0,0,0,http://www.facebook.com/654498418038041,,https://www.linkedin.com/company/gyi,,,"Car Repair & Service",yellowpages-ca,,0,0
,"Centennial Tire Service","4468 Gullfoot Cir, Mississauga, ON L4Z 2J2",,4169487700,,,,,,,,,,,0,0,0,0,0,0,0,0,0,0,http://www.facebook.com/171575873557931,,https://www.linkedin.com/company/gyi,,,"Auto Repair Garages",yellowpages-ca,,0,0
,"Ann Service","101 Toro Rd, North York, ON M3J 2Z1",,4163985333,,,,,,,,,,,0,0,0,0,0,0,0,0,0,0,http://www.facebook.com/153924048335995,,https://www.linkedin.com/company/gyi,,,"Auto Body Repair & Painting Shops,Auto Repair Garages",yellowpages-ca,,0,0
,"Tecknic Auto Repairs","2899 Steeles Ave W, North York, ON M3J 3A1",,4166630009,,,,,,,,,,,0,0,0,0,0,0,0,0,0,0,,,,,,"Auto Repair Garages",yellowpages-ca,,0,0
,"Vantage Auto Group","1815 Meyerside Dr, Mississauga, ON L5T 1G3",,9056704701,,,,,,,,,,,0,0,0,0,0,0,0,0,0,0,http://www.facebook.com/490221511377977,,https://www.linkedin.com/company/gyi,,,"Car Repair & Service",yellowpages-ca,,0,0
,"B-Line Mechanics","1829 Britannia Rd E, Mississauga, ON L4W 1S6",,9056969576,blinemechanicsltd@hotmail.com,,,,,,,219,27,219,0,0,0,0,0,0,0,0,0,0,https://www.facebook.com/BLineMechanicsLtd,,https://www.linkedin.com/company/gyi,,,"Car Repair & Service,Mechanical Contractors",yellowpages-ca,,0,0
,"Dk Autobody","5900 Dixie, Mississauga, ON L4W 1E9",,9056705866,dkautobodyshop@gmail.com,,,,,,,146,11,146,0,0,0,0,0,0,0,0,0,0,https://www.facebook.com/DKAutobody1/,,,,,"Auto Body Repair & Painting Shops",yellowpages-ca,,0,0
,"Bp Auto Edge","370 Rathburn Rd E, Mississauga, ON L4Z 1H7",,6476275307,,,,,,,,17,,17,0,0,0,0,0,0,0,0,0,0,https://www.facebook.com/BpAutoEdge/,,https://www.linkedin.com/company/gyi,,,"Auto Repair Garages",yellowpages-ca,,0,0
,"Alpha Service Centre","490 Garyray Dr, North York, ON M9L 1P8",,4167456132,,,,,,,,,,,0,0,0,0,0,0,0,0,0,0,http://www.facebook.com/662964494034491,,https://www.linkedin.com/company/gyi,,,"Auto Repair Garages",yellowpages-ca,,0,0
,"Auto Serve","50 Doncaster Avenue, Thornhill, ON L3T 1L4, Canada",,9058826809,,,,5,1,,,,,,0,0,0,0,0,0,0,0,0,0,,,,,,Autowerkstatt,yelp,,0,0
,"Cc Auto Centre","12 Milford Ave, North York, ON M6M 2V8",,4162401788,,,,,,,,,,,0,0,0,0,0,0,0,0,0,0,http://www.facebook.com/138493580188888,,https://www.linkedin.com/company/gyi,,,"Car Repair & Service",yellowpages-ca,,0,0
,"Icon Auto Centre","19 Advance Rd, Toronto, ON M8Z 2S6",,6474001435,tony@iconautocentre.com,5,5,,,,,,,,1,1,0,0,0,0,0,1,1,1,https://www.facebook.com/iconautocentr/,,https://www.linkedin.com/company/gyi,,,"Auto Repair Garages",yellowpages-ca,,0,0
,"Dynavin Automotive Inc - Sprinter Service & Repair","1170 Eglinton Ave E, Mississauga, ON L4W 2M7",,9053610410,,4.8,28,,,,,,,,0,0,0,0,0,0,0,0,0,0,http://www.facebook.com/1306520379361753,,https://www.linkedin.com/company/gyi,,,"Auto Repair Garages,Car Repair & Service",yellowpages-ca,,0,0
,"Birchmount Auto Repair","1064 Birchmount Road, Toronto, ON M1K 1S4, Canada",,4167578368,,,,,,,,,,,0,0,0,0,0,0,0,0,0,0,,,,,,"Autowerkstatt,Ölwechselstationen,Autolackiererei & Karosseriewerkstatt",yelp,,0,0
,"Kuo's Auto Service Ltd","5040 Maingate Dr, Mississauga, ON L4W 1X5",,9056248680,,,,,,,,1,1,1,0,0,0,0,0,0,0,0,0,0,https://www.facebook.com/pages/Kuos-Auto-Service-LTD/2082761495381776,,https://www.linkedin.com/company/gyi,,,"Auto Repair Garages",yellowpages-ca,,0,0
,"Control Auto Management","2630 St Clair Ave W, York, ON M6N 1M2",,4167607297,domainadministrator@mckesson.com,4.9,17,,,,,,,,0,1,1,0,0,0,0,0,1,0,http://www.facebook.com/236111296744089,,https://www.linkedin.com/company/gyi,,,"Car Repair & Service",yellowpages-ca,,0,0
,"Quality Auto Center","598 Danforth Rd, Scarborough, ON M1K 1E7",,4166903227,,4.6,240,,,,,,,,0,0,0,0,0,0,0,0,0,0,https://www.facebook.com/Quality-Auto-Centre-523503631188162/,,https://www.linkedin.com/company/gyi,,,"Auto Repair Garages,Car Repair & Service",yellowpages-ca,,0,0
,"Autow Services","32 Brydon Dr, Etobicoke, ON M9W 4N2",,6475460327,,,,,,,,,,,0,0,0,0,0,0,0,0,0,0,,,,,,"Car Repair & Service",yellowpages-ca,,0,0
,"Steve's Auto","3-2305 Markham Rd, Scarborough, ON M1B 2W3",,4169922213,stevesauto2020@yahoo.ca,,,,,,,483,25,483,0,0,0,0,0,0,0,0,0,0,http://www.facebook.com/532412686776502,,https://www.linkedin.com/company/_____-endeavors-arts-and-events-by-rachel-wright,,,"Auto Repair Garages,Car Repair & Service",yellowpages-ca,,0,0
,"Avg Oeam Inc.","605 Middlefield Rd, Scarborough, ON M1V 5B9",,4163213605,,,,,,,,,,,0,0,0,0,0,0,0,0,0,0,,,,,,"Car Repair & Service",yellowpages-ca,,0,0
,"Starlet Auto Collision","723 Fenmar Dr, North York, ON M9L 1C8",,4169134525,,5,4,,,,,,1,,0,0,0,0,0,0,0,0,0,0,http://www.facebook.com/1703236596597704,,https://www.linkedin.com/company/_____-endeavors-arts-and-events-by-rachel-wright,,,"Auto Repair Garages",yellowpages-ca,,0,0
,"Aziz Auto","220 Toryork Dr, North York, ON M9L 1Y1",,6473512484,,,,,,,,,,,0,0,0,0,0,0,0,0,0,0,http://www.facebook.com/1003747263055401,,https://www.linkedin.com/company/gyi,,,"Car Repair & Service",yellowpages-ca,,0,0
,"TS Auto Repair","40 AIRVIEW RD, ETOBICOKE, ON M9W 4P2",,6473425804,,,,,,,,,,,0,0,0,0,0,0,0,0,0,0,http://www.facebook.com/713237025536156,,https://www.linkedin.com/company/gyi,,,"Car Repair & Service",yellowpages-ca,,0,0
,"United Auto Centre","1425 Castlefield Ave, York, ON M6M 1Y3",,4166523096,,4.8,23,,,,,,,,0,0,0,0,0,0,0,0,0,0,http://www.facebook.com/204090683057012,,https://www.linkedin.com/company/gyi,,,"Auto Repair Garages,Car Repair & Service",yellowpages-ca,,0,0
,"Ralphs Auto","1933 Kennedy Rd, Scarborough, ON M1P 2L9",,6477481933,,,,,,,,,,,0,0,0,0,0,0,0,0,0,0,http://www.facebook.com/163162820964506,,,,,"Car Repair & Service",yellowpages-ca,,0,0
,"Lalonde Louis","64 Botany Hill Rd, Scarborough, ON M1G 3K5",,4169154332,,,,,,,,,,,0,0,0,0,0,0,0,0,0,0,http://www.facebook.com/1692005427748154,,https://www.linkedin.com/company/_____-endeavors-arts-and-events-by-rachel-wright,,,"Auto Repair Garages",yellowpages-ca,,0,0
,"Mobile mechanic Alex","7167 YONGE ST THORNHILL, Richmond Hill, ON L3T 0E1",,6478792533,,,,,,,,,,,0,0,0,0,0,0,0,0,0,0,,,,,,"Auto Repair Garages",yellowpages-ca,,0,0
,"Orion Automotive","North York, ON",,6479664342,,,,,,,,,,,0,0,0,0,0,0,0,0,0,0,,,,,,"Auto Repair Garages",yellowpages-ca,,0,0
,"Prototech Auto Center","1776 Meyerside Dr, Mississauga, ON L5T 1A3",,9055656228,,,,,,,,,,,0,0,0,0,0,0,0,0,0,0,http://www.facebook.com/137588477020315,,https://www.linkedin.com/company/gyi,,,"Auto Repair Garages",yellowpages-ca,,0,0
,"G M V Auto Services","175 Toryork Dr, North York, ON M9L 2Y7",,4167448272,,5,11,,,,,,,,0,0,0,0,0,0,0,0,0,0,http://www.facebook.com/479963188873720,,https://www.linkedin.com/company/gyi,,,"Auto Repair Garages",yellowpages-ca,,0,0
,"Chuen Wai Auto Services","70 Silver Star Blvd, Scarborough, ON M1V 3L4",,4162932245,,,,,,,,,5,,0,0,0,0,0,0,0,0,0,0,http://www.facebook.com/234500409899854,,,,,"Auto Repair Garages,Car Repair & Service",yellowpages-ca,,0,0
,"MGS Auto Service Inc","100 Select Ave, Scarborough, ON M1V 4A7",,4164120903,,,,,,,,,,,0,0,0,0,0,0,0,0,0,0,http://www.facebook.com/496227117487564,,https://www.linkedin.com/company/_____-endeavors-arts-and-events-by-rachel-wright,,,"Auto Repair Garages",yellowpages-ca,,0,0
,"Scarborough Automotive Repairs And Diagnostics","68 Corporate Dr, Scarborough, ON M1H 3H3",,6475518317,,,,,,,,,,,0,0,0,0,0,0,0,0,0,0,,,,,,"Car Repair & Service",yellowpages-ca,,0,0
,"Bml Group Inc","5791 Campus Rd, Mississauga, ON L4V 1A1",,9056775161,,,,,,,,,,,0,0,0,0,0,0,0,0,0,0,,,,,,"Auto Repair Garages",yellowpages-ca,,0,0
,"I Can Auto Body Repairs","155 Toryork Dr, North York, ON M9L 1X9",,4167467138,,,,,,,,,,,0,0,0,0,0,0,0,0,0,0,,,,,,"Auto Repair Garages",yellowpages-ca,,0,0
,"Kingston Tires & General Repair","4387 Kingston Rd, Scarborough, ON M1E 2N2",,4162863000,,3.4,37,,,,,,,,0,0,0,0,0,0,0,0,0,0,http://www.facebook.com/247307135839997,,https://www.linkedin.com/company/gyi,,,"Car Repair & Service,Tire Retailers",yellowpages-ca,,1,0
,"Tim Automotive","210 Hupfield Trail, Scarborough, ON M1B 4L8",,4165798061,timothykhan@live.com,,,,,,,18,,18,0,0,0,0,0,0,0,0,0,0,https://www.facebook.com/TIM-Automotive-285042631542751/,,https://www.linkedin.com/company/_____-endeavors-arts-and-events-by-rachel-wright,,,"Auto Repair Garages",yellowpages-ca,,0,0
,"Wilson Muffler","1500 Wilson Ave, North York, ON M3M 1K4",,4162416317,,4.3,45,,,,,,,,0,1,0,0,0,0,0,1,1,0,http://www.facebook.com/1663492740342692,,https://www.linkedin.com/company/gyi,,,"Auto Repair Garages,Gas Stations",yellowpages-ca,,1,0
,"Car By Car Auto","80 Hanlan Rd, Woodbridge, ON L4L 3P6",,9058502992,,,,,,,,,,,0,0,0,0,0,0,0,0,0,0,http://www.facebook.com/681095362029842,,https://www.linkedin.com/company/gyi,,,"Car Repair & Service",yellowpages-ca,,0,0
,"Amin Auto Mechanic Inc","1-1733 Wilson Ave, North York, ON M3L 1A7",,6474307121,,,,,,,,,,,0,0,0,0,0,0,0,0,0,0,http://www.facebook.com/202540303461187,,https://www.linkedin.com/company/gyi,,,"Car Repair & Service",yellowpages-ca,,0,0
,"M R Auto Service",,,9057071763,,,,,,,,,,,0,0,0,0,0,0,0,0,0,0,,,,,,"Car Repair & Service",yellowpages-ca,,0,0
,"Blue Ribbon Automobile","960 Burnhamthorpe Rd E, Mississauga, ON L4Y 2X4",,9052818089,blueribbonauto@gmail.com,4.5,117,,,,,8,37,8,1,1,0,0,0,0,0,0,1,0,http://www.facebook.com/187603727999213,,https://www.linkedin.com/company/gyi,,https://www.instagram.com/blueribbonautoservice,"Auto Repair Garages",yellowpages-ca,,0,0
,"Hakka Emission Test Centre","2305 Markham Rd, Scarborough, ON M1B 2W3",,4167548378,,,,,,,,,1,,0,0,0,0,0,0,0,0,0,0,https://www.facebook.com/pages/Hakka-Emission-Test-Centre/917875748395467,,https://www.linkedin.com/company/_____-endeavors-arts-and-events-by-rachel-wright,,,"Auto Repair Garages",yellowpages-ca,,0,0
,"Carreiro Automotive Performance","25-20 Hanlan Rd, Woodbridge, ON L4L 3P6",,4169900882,,,,,,,,,,,0,0,0,0,0,0,0,0,0,0,,,https://www.linkedin.com/company/itbmc,,https://www.instagram.com/carreiroautomotiveperformance/,"Auto Repair Garages",yellowpages-ca,,0,0
,"Desantos Auto Clinic","40 Barbados Boulevard, Scarborough, ON M1J 1L1, Canada",,6472905938,,,,5,1,,,,,,0,0,0,0,0,0,0,0,0,0,,,,,,Autowerkstatt,yelp,,0,0
,"Alberto Auto Repair Inc","1770 Albion, North York, ON M9L 2A5",,4167423251,,,,,,,,11,3,11,0,0,0,0,0,0,0,0,0,0,https://www.facebook.com/pages/Alberto-Auto-Mechanic/925533287503112,,https://www.linkedin.com/company/gyi,,,"Auto Repair Garages",yellowpages-ca,,0,0
,"Avanes Auto","4000 Steeles Ave W, Woodbridge, ON L4L 4V9",,9058506661,,,,,,,,,,,0,0,0,0,0,0,0,0,0,0,http://www.facebook.com/1733858150160969,,https://www.linkedin.com/company/gyi,,,"Car Repair & Service",yellowpages-ca,,0,0
,"Sharpline Auto Care Inc","151 Nantucket Bl, ON M1P 2N5",,4162613443,,4.7,43,,,,,38,5,38,0,0,0,0,0,0,0,0,0,0,http://www.facebook.com/144107015954206,,https://www.linkedin.com/company/_____-endeavors-arts-and-events-by-rachel-wright,,,"Car Detailing,Car Repair & Service",yellowpages-ca,,0,0
,"Harvest Auto Service Ltd","120-70 Silver Star Blvd, Scarborough, ON M1V 4W1",,4166092338,,,,,,,,1,6,1,0,0,0,0,0,0,0,0,0,0,https://www.facebook.com/pages/Harvest-Auto-Service-Ltd/163507544172438,,,,,"Auto Repair Garages,Car Repair & Service",yellowpages-ca,,0,0
,"Blue Sky Automotive Services Inc","2340 Stanfield Rd, Mississauga, ON L4Y 1S1",,9058972260,,4.9,293,,,,1,22,5,22,0,0,0,0,0,0,0,0,0,0,https://www.facebook.com/pages/Blue-Sky-Automotive-Services-Inc/202549663469354,,https://www.linkedin.com/company/gyi,,,"Auto Repair Garages,Car Repair & Service",yellowpages-ca,,0,0
,"Active Green Ross","375 Dundas St E, Mississauga, ON L5A 1X3",,9052774925,,,,,,,,,,,0,0,0,0,0,0,0,0,0,0,http://www.facebook.com/135980060439145,,https://www.linkedin.com/company/gyi,,,"Car Repair & Service",yellowpages-ca,,0,0
,"Phil Auto Repair","1147 Barmac Dr, North York, ON M9L 1X4",,4166293334,,,,,,,,,,,0,0,0,0,0,0,0,0,0,0,http://www.facebook.com/358331920957410,,https://www.linkedin.com/company/gyi,,,"Auto Repair Garages",yellowpages-ca,,0,0
,"Mg 2010 Auto Sales","4630 Dufferin St, North York, ON M3H 5S4",,4165547603,,,,,,,,,,,0,0,0,0,0,0,0,0,0,0,http://www.facebook.com/159556461557559,,https://www.linkedin.com/company/_____-endeavors-arts-and-events-by-rachel-wright,,,"Auto Repair Garages,New Car Dealers",yellowpages-ca,,0,0
New,"Village Tire and Auto Centre","369 Ryding Ave, Old Toronto, ON M6N 1H6, Canada",,14167628232,,4.6,50,,,,,,,,0,0,0,0,0,0,0,0,0,0,,,,,,"Auto body shop",google,,0,0
,"Shan Auto Repair","5900 Dixie Rd, Mississauga, ON L4W 1E9",,9054876383,,,,,,,,,,,0,0,0,0,0,0,0,0,0,0,http://www.facebook.com/238301323584469,,https://www.linkedin.com/company/gyi,,,"Car Repair & Service",yellowpages-ca,,0,0
,"Biral Automotive Service &amp; Repair Ltd.","20 Jason Rd, Etobicoke, ON M9V 1C4",,4167404407,,,,,,,,,,,0,0,0,0,0,0,0,0,0,0,http://www.facebook.com/230744034204338,,,,,"Car Repair & Service",yellowpages-ca,,0,0
,"Top Auto Service","North York, ON",,6478188776,,,,,,,,,,,0,0,0,0,0,0,0,0,0,0,,,,,,"Car Repair & Service",yellowpages-ca,,0,0
,"Canadian Automotive Centre Ltd.","25-750 Oakdale Rd, North York, ON M3N 2Z4",,4167442099,,,,,,,,,,,0,0,0,0,0,0,0,0,0,0,http://www.facebook.com/187327397976928,,,,,"Car Repair & Service",yellowpages-ca,,0,0
,"Trilium Automotive Repairs","375 Danforth Rd, Scarborough, ON M1L 3X8",,4166992886,,,,,,,,,,,0,0,0,0,0,0,0,0,0,0,,,,,,"Auto Repair Garages",yellowpages-ca,,0,0
,"Bull Built Contracting Ltd","45 Driftwood Ave, North York, ON M3N 2M4",,4163985515,,,,,,,,,,,0,0,0,0,0,0,0,0,0,0,http://www.facebook.com/148009321896160,,https://www.linkedin.com/company/gyi,,,"Auto Repair Garages",yellowpages-ca,,0,0
,"Automobile Services Ltd","1744 Meyerside Dr, Mississauga, ON L5T 1A3",,9055646432,,,,,,,,,,,0,0,0,0,0,0,0,0,0,0,http://www.facebook.com/368508963576112,,https://www.linkedin.com/company/gyi,,,"Auto Repair Garages",yellowpages-ca,,0,0
,"Autotek Automotive","50 Melford Dr, Scarborough, ON M1B 3V2",,4163328637,rautotek@yahoo.com,,,,,,,,,72,0,0,0,0,0,0,0,0,0,0,https://www.facebook.com/autotekAutomotive/,,https://www.linkedin.com/company/_____-endeavors-arts-and-events-by-rachel-wright,,,"Auto Repair Garages,Car Repair & Service",yellowpages-ca,,0,0
,"Heng-Heng Auto Service","14A Gail Grove, North York, ON M9M 1M4",,4167423108,,5,43,,,,,,,,0,0,0,0,0,0,0,0,0,0,http://www.facebook.com/251455925197780,,https://www.linkedin.com/company/gyi,,,"Auto Repair Garages,Car Repair & Service",yellowpages-ca,,0,0
,"13926028 Canada Inc","77 Bradwick Dr, Concord, ON L4K 1K5",,9056690788,,,,,,,,,,,0,0,0,0,0,0,0,0,0,0,,,,,,"Auto Repair Garages",yellowpages-ca,,0,0
,"Economy Lube","1369 Dundas St E, Mississauga, ON L4Y 2C7",,9055660003,,,,,,,,,22,,0,0,0,0,0,0,0,0,0,0,http://www.facebook.com/pages/Economy-Lube-Inc/104352482948266,,https://www.linkedin.com/company/gyi,,,"Car Repair & Service,Oil Changes & Lubrication Service",yellowpages-ca,,0,0
,"Mega Tire Truck And Auto Repair","15-1776 Albion Rd, Etobicoke, ON M9V 1C1",,4373704338,,,,,,,,,,,0,0,0,0,0,0,0,0,0,0,,,,,,"Car Repair & Service",yellowpages-ca,,0,0
,"Capital Motors","202 Dundas St W, Mississauga, ON L5B 1J1",,4168739656,,4.1,98,,,2.3,5,54,452,54,0,0,0,0,0,0,0,0,0,0,https://www.facebook.com/Capital-Motors-618807561581107/,,https://www.linkedin.com/company/gyi,,,"Auto Repair Garages",yellowpages-ca,,0,0
,"All Auto Repair","48 Eugene St, North York, ON M6B 3Z4, Canada",,14167878617,,5,3,,,,,,,,0,0,0,0,0,0,0,0,0,0,,,,,,"Auto repair shop",google,,0,0
,"Vertex Auto Repair","336 Birchmount Rd, Scarborough, ON M1N 3K2",,4164633411,,4.7,84,,,,,,,,1,1,0,0,0,0,0,1,1,1,,,,,,"Auto Repair Garages",yellowpages-ca,,0,0
,"Advance Auto Collision","68 Eugene St, North York, ON M6B 3Z4",,4167694768,,4.5,33,,,,,,,,0,0,0,0,0,0,0,0,0,0,,,,,,"Auto Body Repair & Painting Shops,Auto Repair Garages",yellowpages-ca,,0,0
,"Automotive Forensic Investigative Services","4-670 Coronation Dr, Scarborough, ON M1E 4V8",,4169192785,,,,,,,,,,,0,0,0,0,0,0,0,0,0,0,,,,,,"Auto Repair Garages",yellowpages-ca,,0,0
,"Ivas Automotive","1776 Meyerside Dr, Mississauga, ON L5T 1A3",,9053620230,,,,,,,,,,,0,0,0,0,0,0,0,0,0,0,,,,,,"Auto Repair Garages",yellowpages-ca,,0,0
,"Vella's General Auto","80 Carlauren Rd, Woodbridge, ON L4L 7Z5",,9052658420,,,,,,,,,,,0,0,0,0,0,0,0,0,0,0,,,,,,"Auto Repair Garages",yellowpages-ca,,0,0
,"Auto Surgeon","11450 29 St SE Bay 6, Calgary, AB T2Z 3V5, Canada",,14032367272,,4.5,50,,,,,,,,0,0,0,0,0,0,0,0,0,0,,,,,,"Auto repair shop",google,,0,0
,"Superior C M C Auto Repairs Inc","32 Jutland Rd, Etobicoke, ON M8Z 2G9",,4162255405,,4.9,145,,,,,,,,0,0,0,0,0,0,0,0,0,0,,,,,,"Auto Repair Garages",yellowpages-ca,,0,0
,"BG Automotive Inc","11 Racine Rd, Etobicoke, ON M9W 2Z2",,4167409251,,4.6,69,,,,,,,,0,0,0,0,0,0,0,0,0,0,,,,,,"Auto Repair Garages",yellowpages-ca,,0,0
,"Johnson Auto Collision","1146 Westport Cres, Mississauga, ON L5T 1G1",,9056704119,,,,,,,,,,,0,0,0,0,0,0,0,0,0,0,,,,,,"Auto Body Repair & Painting Shops",yellowpages-ca,,0,0
,"Auto Collision Centre","26 Eddystone Ave, North York, ON M3N 1H4",,4167479373,,4.6,53,,,,,,,,0,0,0,0,0,0,0,1,1,0,,,,,,"Car Repair & Service,Rust Proofing",yellowpages-ca,,0,0
,"Ashbridge Auto Service","1 Ashbridge Cir Woodbridge, ON L4L 3R5 Canada",,9058569062,,,,5,2,,,,,,0,0,0,0,0,0,0,0,0,0,,,,,,"Auto Repair",yelp,,0,0
,"Sky Auto Repair","151 Toryork Dr, North York, ON M9L 1X9",,4167410063,,,,,,,,,,,0,0,0,0,0,0,0,0,0,0,,,,,,"Car Repair & Service",yellowpages-ca,,0,0
,"Sam Auto Service Inc","781 Garyray Dr Suite A, North York, ON M9L 1R2",,6477455384,,,,,,,,,,,0,0,0,0,0,0,0,0,0,0,,,,,,"Auto Repair Garages",yellowpages-ca,,0,0
,"Canadian Tire Auto Service","1025 Lake Shore Blvd E, Toronto, ON M4M 1B4, Canada",,14167781035,,2.3,56,,,,,,,,0,0,0,0,0,0,0,0,0,0,,,,,,"Car repair and maintenance service",google,,0,0
,"Babba Zee Car Sales And Auto Repair","16 Taber Rd, Etobicoke, ON M9W 3A5",,4167450314,,,,,,,,,,,0,0,0,0,0,0,0,0,0,0,,,,,,"Car Repair & Service",yellowpages-ca,,0,0
,"A-1 Super Automotive Parts","190 Belfield Rd, Etobicoke, ON M9W 1H1",,4162461141,,4.2,25,,,,,,,,0,0,0,0,0,0,0,0,0,0,,,,,,"Auto Repair Garages",yellowpages-ca,,0,0
,"Belfield Auto Repair &amp; Car Sales","190 Belfield Rd, Toronto, ON M9W 1H1",,4162419950,,3.8,43,,,,,,,,0,0,0,0,0,0,0,0,0,0,,,,,,"Auto Repair Garages,Car Repair & Service",yellowpages-ca,,0,0
,"Michanics Plus","4265 Weston Rd, Main, North York, ON M9L 1W8",,4165199669,,,,,,,,,,,0,0,0,0,0,0,0,0,0,0,,,,,,"Auto Repair Garages",yellowpages-ca,,0,0
,"West Automotive","39 Portland St, Etobicoke, ON M8Y 1A6, Canada",,14162558336,,4.8,112,,,,,,,,0,0,0,0,0,0,0,0,0,0,,,,,,"Auto repair shop",google,,0,0
,"Sir Auto Repair Inc","7 Racine Rd, Etobicoke, ON M9W 2Z2",,4167482545,,,,,,,,,,,0,0,0,0,0,0,0,0,0,0,,,,,,"Auto Repair Garages,Car Repair & Service",yellowpages-ca,,0,0
,"R&amp;M Tire &amp; Auto Repairs Ltd","1357 Martin Grove Road, Etobicoke, ON M9W 4X6",,4167447859,,,,,,,,,,,0,0,0,0,0,0,0,0,0,0,,,,,,"Auto Repair Garages,Car Repair & Service",yellowpages-ca,,0,0
,Autovia,"15 Goodmark Pl, Etobicoke, ON M9W 6R9",,4162746826,,4,36,,,,,,,,0,0,0,0,0,0,0,0,0,0,,,,,,"Auto Repair Garages",yellowpages-ca,,0,0
,"Farfan's Auto Service Centre Ltd","1-100 Turbine Dr, North York, ON M9L 2S2",,4168369874,,,,,,,,,,,0,0,0,0,0,0,0,0,0,0,,,,,,"Auto Repair Garages",yellowpages-ca,,0,0
,"Fast Vehicle Rail Transportation","105 Nashdene Rd, Scarborough, ON M1V 2W3",,4167544778,,,,,,,,,,,0,0,0,0,0,0,0,0,0,0,,,,,,"Car Repair & Service",yellowpages-ca,,0,0
,"C J Mechanics","46 North Queen St, Etobicoke, ON M8Z 2C4",,4162379142,,,,,,,,,,,0,0,0,0,0,0,0,0,0,0,,,,,,"Car Repair & Service",yellowpages-ca,,0,0
,"Canadian Auto Repair","2 Racine Rd, Etobicoke, ON M9W 2Z1",,4167468375,,4.5,82,,,,,,,,0,0,0,0,0,0,0,0,0,0,,,,,,"Car Repair & Service",yellowpages-ca,,0,0
,"Peak Auto Centre","2044 Kipling Ave, Etobicoke, ON M9W 4J9",,4167437337,,,,,,,,,,,0,0,0,0,0,0,0,0,0,0,,,,,,"Car Repair & Service",yellowpages-ca,,0,0
,"Kelly Service","320 Burnhamthorpe Rd, Etobicoke, ON M9B 2A3",,6475582204,,4.7,47,,,,,,,,1,1,0,0,0,0,0,1,1,0,,,,,,"Auto Repair Garages",yellowpages-ca,,0,0
,"Wrench And Spraygun Auto","2300 Finch Ave W, North York, ON M9M 2Y3",,4167479975,,4.9,31,,,,,,,,0,1,0,0,0,0,0,1,1,0,,,,,,"Auto Repair Garages",yellowpages-ca,,0,0
,"Certus Automotive Inc","3300 Bloor St W, Toronto, ON M8X 2X2",,4162310909,,,,,,,,,,,0,0,0,0,0,0,0,0,0,0,,,,,,"Car Repair & Service",yellowpages-ca,,0,0
,"Johns Truck Repair Centre (Concord) Ltd","95 Creditstone Rd, Concord, ON L4K 1N3",,9056691031,,,,,,,,,,,0,0,0,0,0,0,0,0,0,0,,,,,,"Auto Repair Garages",yellowpages-ca,,0,0
,"Dertec Mechanical Services Ltd","320 Hanlan, Woodbridge, ON L4L 3T4",,9058512239,,,,,,,,,,,0,0,0,0,0,0,0,0,0,0,,,,,,"Auto Repair Garages,Car Repair & Service",yellowpages-ca,,0,0
,"Fuzion Auto Center","5-435 Bowes Rd, Vaughan, ON L4K 1J5",,9057380887,,,,,,,,,,,0,0,0,0,0,0,0,0,0,0,,,,,,"Auto Repair Garages",yellowpages-ca,,0,0
,"Eurotech Auto Services","331 Jevlan Dr, Woodbridge, ON L4L 8C1",,9058567373,,,,,,,,,,,0,0,0,0,0,0,0,0,0,0,,,,,,"Auto Repair Garages",yellowpages-ca,,0,0
,"Lawrence Park Auto Service","2908 Yonge St, Toronto, ON M4N 2J7",,4164887405,,,,1.5,6,,,,,,0,0,0,0,0,0,0,0,0,0,,,,,,Autowerkstatt,yelp,,0,0
,"East Mall Auto Service","1057 Martin Grove Road Etobicoke, ON M9W 4W6 Canada",,4166266904,,4.9,212,4.8,8,,,,,,0,0,0,0,0,0,0,0,0,0,,,,,,"Auto Repair",yelp,,0,0
,"MJ Pro Auto Inc","8248 Yonge St, Thornhill, ON L4J 1W6",,9057647026,,,,,,,,,,,0,0,0,0,0,0,0,0,0,0,,,,,,"Car Repair & Service",yellowpages-ca,,0,0
,"Auto Kollision Works","821 Kipling Ave, Etobicoke, ON M8Z 5G8",,4162333265,,,,,,,,,,,0,0,0,0,0,0,0,0,0,0,,,,,,"Auto Repair Garages",yellowpages-ca,,0,0
,"Mathu Auto Mechanic (Tamil)","7-2835 Markham Rd, Scarborough, ON M1X 0C4",,6479382554,,,,,,,,,,,0,0,0,0,0,0,0,0,0,0,,,,,,"Car Repair & Service",yellowpages-ca,,0,0
,"Absolute Auto Repair","19-1 High Meadow Pl, North York, ON M9L 0A3",,4168975260,,,,,,,,,,,0,0,0,0,0,0,0,0,0,0,,,,,,"Auto Repair Garages",yellowpages-ca,,0,0
,"427 427 Auto","395 Evans Ave, Etobicoke, ON M8Z 1K8",,4169152730,,4.7,1915,,,,,,,,0,0,0,0,0,0,0,0,1,0,,,,,,"Car Repair & Service",yellowpages-ca,,0,0
,"Sonic Auto Repair Ltd","5890 Dixie Rd, Mississauga, ON L4W 1E9",,9055650004,,4.5,62,,,,,3,3,3,0,0,0,0,0,0,0,0,0,0,https://www.facebook.com/pages/Sonic-Auto-Repair-Ltd/103501159778431,,,,,"Auto Repair Garages",yellowpages-ca,,0,0
,"Aaron Auto Sunroof & Repairs","60 Pippin Rd, Vaughan, ON L4K 4M8",,9054829136,,4.6,16,,,,,,,,0,0,0,0,0,0,0,0,0,0,,,,,,"Car Repair & Service,Car Detailing",yellowpages-ca,,0,0
,"Shan Motors","1770 Albion Rd, Etobicoke, ON M9V 1C2",,6477840695,,,,,,,,,,,0,0,0,0,0,0,0,0,0,0,,,,,,"Car Repair & Service,Oil Changes & Lubrication Service",yellowpages-ca,,0,0
,"Bahar Auto Clinic","4-6119 Steeles Ave W, North York, ON M9L 2V1",,6474763451,,,,,,,,,,,0,0,0,0,0,0,0,0,0,0,,,,,,"Auto Repair Garages",yellowpages-ca,,0,0
,"Global Auto Repair","801 St Clarens Ave, Toronto, ON M6H 3X4, Canada",,14165333433,,4.6,51,,,,,,,,0,0,0,0,0,0,0,0,0,0,,,,,,"Auto body shop",google,,0,0
,"Freeway Auto Service & Towing","79 Racine Rd, Etobicoke, ON M9W 2Z4",,6477972938,,4.3,193,,,,,,,,0,0,0,0,0,0,0,0,0,0,,,,,,"Auto Repair Garages",yellowpages-ca,,0,0
,"Dan-Tech Automotive Ltd","84 Friuli Crt, Woodbridge, ON L4L 4G5",,9058503434,,5,17,,,,,,,,0,0,0,0,0,0,0,0,0,0,,,,,,"Auto Repair Garages",yellowpages-ca,,0,0
,"York Collision Centre","23 Creditstone Rd, Concord, ON L4K 1N4",,9054820061,,,,,,,,,,,0,0,0,0,0,0,0,0,0,0,,,,,,"Car Repair & Service",yellowpages-ca,,0,0
,Iconicars,"5-102 Turbine Dr, North York, ON M9L 2S2",,6474092578,,,,,,,,,,,0,0,0,0,0,0,0,0,0,0,,,,,,"Auto Repair Garages",yellowpages-ca,,0,0
,"Edwin's Auto Service","33 Peelar Rd, Concord, ON L4K 1A3",,9057389962,,,,,,,,,,,0,0,0,0,0,0,0,0,0,0,,,,,,"Auto Repair Garages",yellowpages-ca,,0,0
,"Kms Autopro","351 Ferrier St, Markham, ON L3R 5Z2",,2894694455,,,,,,,,,,,0,0,0,0,0,0,0,0,0,0,,,,,,"Auto Repair Garages",yellowpages-ca,,0,0
,"Scarborough Auto Repair Araba Tamircisi Afghan","76 Sherry Rd, Scarborough, ON M1L 2J9, Canada",,14168715544,,4.6,87,,,,,,,,0,0,0,0,0,0,0,0,0,0,,,,,,Mechanic,google,,0,0
,"Ougriniouk, Alexander","220 Norseman St, Etobicoke, ON M8Z 2R4",,9055377646,,,,,,,,,,,0,0,0,0,0,0,0,0,0,0,,,,,,"Auto Repair Garages",yellowpages-ca,,0,0
,"Toms Precision Auto Repair Centre","843 Gerrard St E, Toronto, ON M4M 1Y8, Canada",,14167788330,,5,17,,,,,,,,0,0,0,0,0,0,0,0,0,0,,,,,,"Auto repair shop",google,,0,0
,"Taxi Limo Depot","57 Advance Rd, Etobicoke, ON M8Z 2S6",,4162322400,,5,2,,,,,,,,0,0,0,0,0,0,0,0,0,0,,,,,,"Auto Repair Garages,Taxis",yellowpages-ca,,0,0
,"Preet Diamond's Auto Repairs","708 Garyray Dr, North York, ON M9L 1R3",,4167494815,,,,,,,,,,,0,0,0,0,0,0,0,0,0,0,,,,,,"Auto Repair Garages",yellowpages-ca,,0,0
,"Maple Auto Center","8540 Keele St, Concord, ON L4K 2N2",,9057601846,,,,,,,,,,,0,0,0,0,0,0,0,0,0,0,,,,,,"Auto Repair Garages",yellowpages-ca,,0,0
,"The Auto Wrap","160 Pennsylvania Ave, Concord, ON L4K 4A9",,9052662828,,,,,,,,,,,0,0,0,0,0,0,0,0,0,0,,,,,,"Auto Body Repair & Painting Shops",yellowpages-ca,,0,0
,"David Auto Group","40 Doughton Rd Richmond Hill Ontario, Thornhill, ON",,9057601919,,,,,,,,,,,0,0,0,0,0,0,0,0,0,0,,,,,,"Car Repair & Service",yellowpages-ca,,0,0
,"Trans Auto Fix","1101 Finch Ave W Unit 6 Toronto, ON M3J 3L6 Canada",,4167369609,,,,,,,,,,,0,0,0,0,0,0,0,0,0,0,,,,,,"Auto Repair,Oil Change Stations,Transmission Repair",yelp,,0,0
,"Mocar Centre","1405 Bloor St W, Toronto, ON M6R 2B2, Canada",,14165321354,,4.6,102,,,,,,,,0,0,0,0,0,0,0,0,0,0,,,,,,"Auto repair shop",google,,0,0
,"Adison Auto Service Ltd","429 Signet Dr, North York, ON M9L 1V5",,4167436369,,4.5,17,,,,,1,1,1,0,0,0,0,0,0,0,0,0,0,https://www.facebook.com/pages/Adison-Auto-Service-Ltd/156526075109269,,https://www.linkedin.com/company/_____-endeavors-arts-and-events-by-rachel-wright,,,"Auto Repair Garages,Car Repair & Service",yellowpages-ca,,0,0
,"ENS Automotive","951 Martin Grove Rd, Etobicoke, ON M9W 5M1",,4162400404,,,,,,,,,,,0,0,0,0,0,0,0,0,0,0,,,,,,"Car Repair & Service",yellowpages-ca,,0,0
,"Standard Auto Collision","81 Shorncliffe Rd, Etobicoke, ON M8Z 5K3",,4168812009,,,,,,,,,,,0,0,0,0,0,0,0,0,0,0,,,,,,"Auto Repair Garages",yellowpages-ca,,0,0
,"Kabayan Auto Repair &amp; Tire Inc","2570 Haines Rd, Mississauga, ON L4Y 4A3",,9052688881,,,,,,,,,,,0,0,0,0,0,0,0,0,0,0,,,,,,"Auto Repair Garages",yellowpages-ca,,0,0
,"steven auto repairs","978 Roselawn Ave, York, ON M6B 1C1, Canada",,13658894910,,5,9,,,,,,,,0,0,0,0,0,0,0,0,0,0,,,,,,Mechanic,google,,0,0
,"Ansom Auto Services","2626 St Clair Ave W, York, ON M6N 1M1",,4167670038,,4.2,19,,,,,,,,0,0,0,0,0,0,0,0,0,0,,,,,,"Auto Repair Garages,Car Repair & Service",yellowpages-ca,,0,0
,"Complete Auto Repair","2901 Steeles Ave W, North York, ON M3J 3A5",,4169478577,,,,,,,,,,,0,0,0,0,0,0,0,0,0,0,,,,,,"Car Repair & Service",yellowpages-ca,,0,0
,"Galan Tires","6096 Kingston Rd, Scarborough, ON M1C 1K6",,4166249301,,,,,,,,,,,0,0,0,0,0,0,0,0,0,0,,,,,,"Auto Repair Garages",yellowpages-ca,,0,0
,"Artech Motors Ltd","8540 Keele St, Concord, ON L4K 2N2",,9056692669,,,,,,,,,,,0,0,0,0,0,0,0,0,0,0,,,,,,"Auto Repair Garages",yellowpages-ca,,0,0
,"Gonzalez Inc","34 Rivalda Rd, North York, ON M9M 2M3",,4167436175,pantagonzalez@hotmail.com,4.3,44,,,,,111,9,114,0,0,0,0,0,0,0,0,0,0,https://www.facebook.com/gonzalezautoservicesinc/,,,,,"Car Repair & Service",yellowpages-ca,,1,0
,"Auto Go Colegen Center","37 Fiama Cres, ON M8W 3R1",,4166666963,,,,,,,,,,,0,0,0,0,0,0,0,0,0,0,,,,,,"Auto Body Repair & Painting Shops",yellowpages-ca,,0,0
,"Leading Edge Automotive Inc","5151 Everest Dr, Mississauga, ON L4W 2Z3",,9052820551,,,,,,,,,,,0,0,0,0,0,0,0,0,0,0,,,,,,"Auto Repair Garages",yellowpages-ca,,0,0
,"Skyview Auto Service","2300 Finch Ave W, North York, ON M9M 2Y3",,4167449004,,4.7,16,,,,,,,,0,0,0,0,0,0,0,0,0,0,,,,,,"Auto Repair Garages,Car Repair & Service",yellowpages-ca,,0,0
,"Sky Tech Autocare Ltd","4-6160 Netherhart Rd, Mississauga, ON L5T 2G6",,4164560222,,,,,,,,,,,0,0,0,0,0,0,0,0,0,0,,,,,,"Auto Repair Garages",yellowpages-ca,,0,0
,"E & K Auto Service","6-127 Select Ave, Toronto, ON M1V 4A5",,4163328142,,,,,,,,,,,0,0,0,0,0,0,0,0,0,0,,,,,,"Car Repair & Service",yellowpages-ca,,0,0
,"Karunjit Auto Clinic","6-150 Norfinch Dr, North York, ON M3N 1X6",,6474763533,,,,,,,,,,,0,0,0,0,0,0,0,0,0,0,,,,,,"Auto Repair Garages",yellowpages-ca,,0,0
,"Parts Line","108 Toryork Drive, North York, ON M9L 1X6",,4167401423,,,,,,,,,,,0,0,0,0,0,0,0,0,0,0,,,,,,"Auto Repair Garages",yellowpages-ca,,0,0
,"Top Gear Auto Tech","5-1400 Aimco Blvd B, Mississauga, ON L4W 1B2",,9058482087,,,,,,,,,,,0,0,0,0,0,0,0,0,0,0,,,,,,"Auto Repair Garages",yellowpages-ca,,0,0
,"Jaffet And Sons Automotive","30 Freshway Dr, Concord, ON L4K 1S4",,6476678559,,,,,,,,,,,0,0,0,0,0,0,0,0,0,0,,,,,,"Car Repair & Service",yellowpages-ca,,0,0
,"DG Auto Inc","A 27 Newcastle, Etobicoke, ON M8Y 1A2",,4162539227,,,,,,,,,,,0,0,0,0,0,0,0,0,0,0,,,,,,"Car Repair & Service",yellowpages-ca,,0,0
,"Harbord Auto Centre","499 Dupont St, Toronto, ON M5R 1V9, Canada",,14165377394,,4.4,92,,,,,,,,0,0,0,0,0,0,0,0,0,0,,,,,,"Auto repair shop",google,,0,0
,"Lovebrothers Auto Services Inc","4-66 Milvan Dr, North York, ON M9L 1Z5",,4168438514,,,,,,,,,,,0,0,0,0,0,0,0,0,0,0,,,,,,"Auto Repair Garages",yellowpages-ca,,0,0
,"The Audi V W Shop And Parts","1160 Crestlawn Dr, Mississauga, ON L4W 2Z8",,9056249007,,,,,,,,,,,0,0,0,0,0,0,0,0,0,0,,,,,,"Auto Repair Garages",yellowpages-ca,,0,0
,"A1A Auto Service","3-331 Jevlan Dr, Woodbridge, ON L4L 8C1",,4162192289,,,,,,,,,,,0,0,0,0,0,0,0,0,0,0,,,,,,"Auto Repair Garages",yellowpages-ca,,0,0
,"North Queen Auto Centre","64 North Queen St, Etobicoke, ON M8Z 2C4",,4162394021,,4.8,17,,,,,,,,1,0,0,0,0,0,0,1,1,0,,,,,,"Auto Repair Garages",yellowpages-ca,,0,0
,"Teji Auto Repairs","5-45 Iron St, Etobicoke, ON M9W 5E3",,4162204413,,,,,,,,,,,0,0,0,0,0,0,0,0,0,0,,,,,,"Auto Repair Garages",yellowpages-ca,,0,0
,"Sanaabil Auto Inc","1587 Jane St, North York, ON M9N 2R8",,6476194485,,4.9,220,,,,,,,,0,0,0,0,0,0,0,0,0,0,,,,,,"Auto Repair Garages",yellowpages-ca,,1,0
,"8 Bay Auto Service","555 North Rivermede Rd, Concord, ON L4K 4G8",,9056603961,,,,,,,,,,,0,0,0,0,0,0,0,0,0,0,,,,,,"Auto Repair Garages,Car Repair & Service",yellowpages-ca,,0,0
,"Ricks Auto Body And Mechanical Repairs I","27 Haas Rd, Etobicoke, ON M9W 3A1",,4167499990,,,,,,,,,,,0,0,0,0,0,0,0,0,0,0,,,,,,"Car Repair & Service",yellowpages-ca,,0,0
,"Mexwin Automotive","30-5900 Dixie Rd, Mississauga, ON L4W 1E9",,2892975219,,,,,,,,,,,0,0,0,0,0,0,0,0,0,0,,,,,,"Auto Repair Garages",yellowpages-ca,,0,0
,"Eastern Automotive Repair INC.","41 Brydon Dr, Etobicoke, ON M9W 4N3, Canada",,14167436119,,4.8,16,,,,,,,,0,0,0,0,0,0,0,0,0,0,,,,,,"Auto repair shop",google,,0,0
,"Certified Tire And Auto","1586 Queen St W, Toronto, ON M6R 1A8, Canada",,14165310095,,4.5,266,,,,,,,,0,0,0,0,0,0,0,0,0,0,,,,,,"Auto repair shop",google,,0,0
,"Nguyen's Mechanic","1277 Caledonia Rd, North York, ON M6A 2X7, Canada",,14162569425,,4.8,10,,,,,,,,0,0,0,0,0,0,0,0,0,0,,,,,,"Auto repair shop",google,,0,0
,"Pauls Auto Electric","36 Brydon Dr, Etobicoke, ON M9W 4N2",,4167458057,,4.5,121,,,,,,,,0,0,0,0,0,0,0,0,0,0,,,,,,"Auto Repair Garages,Car Electrical Services",yellowpages-ca,,1,0
,"Luciano Auto Repairs","109 Ormont Dr, North York, ON M9L 2Z1",,4167443118,,,,,,,,,,,0,0,0,0,0,0,0,0,0,0,,,,,,"Auto Repair Garages,Car Repair & Service",yellowpages-ca,,0,0
,"Total Auto Care","12 Old Weston Rd, Toronto, ON M6P 2A9, Canada",,14167630013,,4.8,27,,,,,,,,0,0,0,0,0,0,0,0,0,0,,,,,,"Auto repair shop",google,,0,0
,"Garage Sua Xe","North York, ON M3M 1A2, Canada",,,,5,2,,,,,,,,0,0,0,0,0,0,0,0,0,0,,,,,,"Auto repair shop",google,,0,0
,"Euro Tire & Wheels Inc","5553 Dundas St W, Etobicoke, ON M9B 1B8",,4169396711,,,,,,,,,,,0,0,0,0,0,0,0,0,0,0,,,,,,"Auto Repair Garages",yellowpages-ca,,1,0
,"Towtal Car Care Centre","4626 Burgoyne St, Mississauga, ON L4W 1G1",,9056983010,,3.7,136,,,,,,,,0,0,0,0,0,0,0,1,1,0,,,https://www.linkedin.com/company/flatbed-towing,,,"Auto Repair Garages",yellowpages-ca,,1,0
,"Mark-Caesar Auto Service","986 Roselawn Avenue, York, ON M6B 1C1",,4167836975,,4.8,62,4.8,18,,,,,,0,0,0,0,0,0,0,0,0,0,,,,,,"Auto Repair",yelp,,0,0
,"Euromotion Motor Car","160 Thirtieth St, Etobicoke, ON M8W 3C4",,4162514788,,,,,,,,,,,0,0,0,0,0,0,0,0,0,0,,,,,,"Auto Body Repair & Painting Shops,Auto Repair Garages",yellowpages-ca,,0,0
,"National Auto Center","151 Toryork Dr, North York, ON M9L 1X9",,4167446369,,,,,,,,,,,0,0,0,0,0,0,0,0,0,0,,,,,,"Car Repair & Service",yellowpages-ca,,0,0
,"Riverside Automotive","280 Lakeshore Rd W, Mississauga, ON L5H 1G6",,9052783779,,,,,,,,,,,0,0,0,0,0,0,0,0,0,0,,,,,,"Auto Repair Garages",yellowpages-ca,,0,0
,"All Cars Service","88 Fourteenth St, Etobicoke, ON M8V 3J2",,4162596565,,4.7,85,,,,,,,,0,0,0,0,0,0,0,0,0,0,,,,,,"Auto Repair Garages,Car Repair & Service",yellowpages-ca,,0,0
,"KING & STRACHAN AUTOMOTIVE","111 Strachan Ave #3, Toronto, ON M6J 2S7, Canada",,14167608100,,4.1,292,,,,,,,,1,0,0,0,0,0,0,1,1,0,,,,,,"Oil change service",google,,0,0
,"Timmy's Auto Service Storage","175 Toryork Dr, North York, ON M9L 2Y7",,4167480123,,,,,,,,,,,0,0,0,0,0,0,0,0,0,0,,,,,,"Car Repair & Service",yellowpages-ca,,0,0
,"K5 Auto","371 John St, Thornhill, ON L3T 5W5",,9055974400,,4.6,133,,,,,,,,0,0,0,0,0,0,0,1,1,0,,,,,,"Car Repair & Service",yellowpages-ca,,0,0
,"Daytona Auto Sales &amp; Service","B-68 CHAUNCEY AVE, Etobicoke, ON M8Z 2Z4",,4162319118,,4,23,,,,,,,,0,0,0,0,0,0,0,0,0,0,,,,,,"Car Repair & Service,Used Car Dealers",yellowpages-ca,,0,0
,"First Choice Motors","1113 Finch Ave W, North York, ON M3J 2P7",,6474079528,,,,,,,,,,,0,0,0,0,0,0,0,0,0,0,,,,,,"New Car Dealers",yellowpages-ca,,0,0
,"Gotech Auto Electric","55 Taber Rd, Etobicoke, ON M9W 3A7",,4167471621,,,,,,,,,,,0,0,0,0,0,0,0,0,0,0,,,,,,"Car Repair & Service,Electric Companies",yellowpages-ca,,0,0
,"Tai Auto Detailing","1405 Bloor Street W Toronto, ON M6P 3L4",,4165163398,,4.3,14,5,1,,,,,,0,0,0,0,0,0,0,0,0,0,,,,,,"Auto Repair",yelp,,0,0
,"Complete Autotek","144 Skyway Ave, Etobicoke, ON M9W 4Y9",,4162130357,antonioc@rogers.ca,4.8,59,,,,,15,,15,1,0,0,0,0,0,0,1,0,1,https://www.facebook.com/Hyos-Inc-1458513687746727/?ref=hl,https://twitter.com/hyosinc,,,,"Auto Repair Garages",yellowpages-ca,,0,0
,"Carlos Automotive","2 Castleton Ave #1, York, ON M6N 3Z5, Canada",,14165199901,,4.7,29,,,,,,,,0,0,0,0,0,0,0,0,0,0,,,,,,"Car repair and maintenance service",google,,0,0
,"Daniel's Auto","1165 Woodbine Ave, East York, ON M4C 4C6, Canada",,14164213111,,4.9,56,,,,,,,,0,0,0,0,0,0,0,0,0,0,,,,,,"Auto repair shop",google,,0,0
,"Check-In Auto Clinic","175 Toryork Dr, North York, ON M9L 2Y7",,4167449298,,,,,,,,,,,0,0,0,0,0,0,0,0,0,0,,,,,,"Auto Repair Garages",yellowpages-ca,,0,0
,"Engineered Automotive","355 Confederation Pky, Concord, ON L4K 4S1",,9056601884,,4.6,108,,,,,,,,0,0,0,0,0,0,0,1,1,0,,,,,,"Car Repair & Service",yellowpages-ca,,0,0
,"Practicar Vaughan","101 Freshway Dr, Vaughan, ON L4K 1R9",,9056950550,,,,,,,,,,,0,0,0,0,0,0,0,0,0,0,,,,,,"Auto Repair Garages",yellowpages-ca,,0,0
,"Underground Garage Inc","30 Vansco Rd, Etobicoke, ON M8Z 5J4",,4162526001,,,,,,,,,,,0,0,0,0,0,0,0,0,0,0,,,,,,"Auto Repair Garages",yellowpages-ca,,0,0
,"Euro Spek Tuning","520 Kipling Ave, Etobicoke, ON M8Z 5E3",,4165336666,adelia@worldfinecars.com,5,20,,,4.3,35,1079,184,1000,1,1,1,0,0,0,0,1,1,1,https://www.facebook.com/WorldFineCars/,https://twitter.com/worldfinecars_?lang=en,,,https://www.instagram.com/worldfinecars520/,"Auto Repair Garages",yellowpages-ca,,0,0
,"Toronto Automatic Transmission","34 Manitoba St, Etobicoke, ON M8Y 1C7",,4163661345,,4.8,97,,,,,,,,0,0,0,0,0,0,0,0,0,0,,,,,,"Auto Repair Garages,Car Repair & Service",yellowpages-ca,,0,0
,"R & R Autohaus","14 Bentworth Avenue North York, ON M6A 1P3 Canada",,4167819668,,,,,,,,,,,0,0,0,0,0,0,0,0,0,0,,,,,,"Autowerkstatt,Auto Alarmanlage,Auto Tuning",yelp,,0,0
,"Axle Auto Centre &amp; Body Repair Shop","5-2576 Haines Rd, (Unit E), Mississauga, ON L4Y 1Y6",,4167044202,,,,,,,,,,,0,0,0,0,0,0,0,0,0,0,,,,,,"Auto Repair Garages",yellowpages-ca,,0,0
,"Teknoz Automotive Inc","125 Select, Scarborough, ON M1V 4A5",,4163218292,,,,,,,,,,,0,0,0,0,0,0,0,0,0,0,,,,,,"Auto Repair Garages",yellowpages-ca,,0,0
,"Weston Auto Repair Inc","187 Weston Rd, Toronto, ON M6N 3P1, Canada",,14167677330,,4.8,49,,,,,,,,0,0,0,0,0,0,0,0,0,0,,,,,,"Auto repair shop",google,,0,0
,"L Y Auto Parts","2576 Haines Road Mississauga, ON L4Y 1Y6",,9053060590,,4.4,61,4.2,5,,,,,,0,0,0,0,0,0,0,0,0,0,,,,,,"Auto Repair,Auto Parts &amp; Supplies",yelp,,0,0
,"The Career Management Group","12 Morgan Ave, Etobicoke, ON M8Y 2Z8",,4167023848,,,,,,,,,,,0,0,0,0,0,0,0,0,0,0,,,,,,"Car Repair & Service",yellowpages-ca,,0,0
,"Quick Lane Scarborough","958 Milner Ave, Scarborough, ON M1B 5V7",,4162930975,,,,,,,,,,,0,0,0,0,0,0,0,0,0,0,,,,,,"Auto Repair Garages",yellowpages-ca,,0,0
,"Chris Auto Repair Ltd","4-151 Toryork Dr, North York, ON M9L 1X9",,6478389478,,,,,,,,,,,0,0,0,0,0,0,0,0,0,0,,,,,,"Car Repair & Service",yellowpages-ca,,0,0
,"LS Auto Service","Unit C 6-115 Crestlawn Dr, Mississauga, ON L4W 1A7",,9052382948,,,,,,,,,,,0,0,0,0,0,0,0,0,0,0,,,,,,"Auto Repair Garages",yellowpages-ca,,0,0
,"Woodfield Canada Inc","46 Shaft Rd, Etobicoke, ON M9W 4M2",,4162446402,,,,,,,,,,,0,0,0,0,0,0,0,0,0,0,,,,,,"Auto Repair Garages",yellowpages-ca,,0,0
,"Royal York Collision Service","3 Sinclair St, Etobicoke, ON M8Z 1M7",,4162019667,,4,4,,,,,,,,0,0,0,0,0,0,0,0,0,0,,,,,,"Auto Body Repair & Painting Shops,Auto Repair Garages",yellowpages-ca,,0,0
,"R.Y Auto Service","31 Toro Rd, North York, ON M3J 2A4",,4168848750,,,,,,,,,,,0,0,0,0,0,0,0,0,0,0,,,,,,"Car Repair & Service",yellowpages-ca,,0,0
,"Affordable Auto Service","22-8401 Woodbine Ave, Markham, ON L3R 2P4",,6474799519,,,,,,,,,,,0,0,0,0,0,0,0,0,0,0,,,,,,"Auto Repair Garages",yellowpages-ca,,0,0
,"Royal Gta Auto","2-1180 Britannia Rd E, Mississauga, ON L4W 1C8",,4168488798,,,,,,,,,,,0,0,0,0,0,0,0,0,0,0,,,,,,"Auto Repair Garages",yellowpages-ca,,0,0
,"R & L Autobody Ltd","18 Elm Ave, Richmond Hill, ON L4B 3R1",,9057731919,,,,,,,,,,,0,0,0,0,0,0,0,0,0,0,,,,,,"Auto Body Repair & Painting Shops,Car Customizing & Accessories",yellowpages-ca,,0,0
,"Direct-Repair Leaside Inc.","117 Laird Dr, East York, ON M4G 3T7, Canada",,14164232886,,4.9,400,,,,,,,,0,0,0,0,0,0,0,0,0,0,,,,,,"Auto body shop",google,,1,0
,"Pars Rehab Inc","1 Longbridge Rd, Thornhill, ON L4J 1L4",,9055978010,,,,,,,,,,,0,0,0,0,0,0,0,0,0,0,,,,,,"Car Repair & Service,Physiotherapists",yellowpages-ca,,0,0
,"Li,Yang/Yousif,Mikael","3-35 Taber Rd, Etobicoke, ON M9W 3A7",,6476699412,,,,,,,,,,,0,0,0,0,0,0,0,0,0,0,,,,,,"Auto Repair Garages",yellowpages-ca,,0,0
,"Cochrane Automotive Head Office","73 Chauncey Ave, Etobicoke, ON M8Z 2Z2",,4162361763,headoffice@cochraneauto.ca,4.8,213,,,,,191,5,191,1,1,0,0,0,0,0,1,1,0,https://www.facebook.com/CochraneAutomotive/,,,,https://www.instagram.com/cochrane.auto/,"Car Repair & Service",yellowpages-ca,,0,0
,"Auto Collision Center Ltd","26 Eddystone Ave, Toronto, ON M3N 1H4",,4167476276,,4.6,53,,,,,,,,0,0,0,0,0,0,0,1,1,0,,,,,,"Auto Repair Garages,Car Repair & Service",yellowpages-ca,,0,0
,"Mauricios Auto Repair","100 Union St, Toronto, ON M6N 3M9, Canada",,14165333886,,4.9,24,,,,,,,,0,0,0,0,0,0,0,0,0,0,,,,,,"Auto repair shop",google,,0,0
,"Zizoo Auto Mechanic","15-2877 14Th Ave, Markham, ON L3R 5H8",,4165533086,,,,,,,,,,,0,0,0,0,0,0,0,0,0,0,,,,,,"Auto Repair Garages",yellowpages-ca,,0,0
,"Dub Performance Racing","4-3 Six Point Rd, Etobicoke, ON M8Z 2W7",,4168363320,,,,,,,,,,,0,0,0,0,0,0,0,0,0,0,,,,,,"Car Repair & Service",yellowpages-ca,,0,0
,"Canadian Automotive CA Ltd","8-4370 Steeles Ave W, Woodbridge, ON L4L 4Y4",,4167449399,,,,,,,,,,,0,0,0,0,0,0,0,0,0,0,,,,,,"Auto Repair Garages",yellowpages-ca,,0,0
,"Motor Tech Freight","6439 Netherhart Rd, Mississauga, ON L5T 1C3",,9056703646,,,,,,,,,,,0,0,0,0,0,0,0,0,0,0,,,,,,"Car Repair & Service",yellowpages-ca,,0,0
,"Ace Auto Works","155 Toryork Dr #11, North York, ON M9L 1X9, Canada",,14169998698,,4.8,25,,,,,,,,0,0,0,0,0,0,0,0,0,0,,,,,,Mechanic,google,,0,0
,"Walsh Auto Collision Ltd","286 Royal York Rd, Etobicoke, ON M8V 2V9",,4162596809,,3.8,52,,,,,,,,0,0,0,0,0,0,0,0,0,0,,,,,,"Auto Body Repair & Painting Shops",yellowpages-ca,,0,0
,"Jr Auto Care","4A Osler St, Toronto, ON M6P 4A2, Canada",,14167619447,,4.8,95,,,,,,,,0,0,0,0,0,0,0,0,0,0,,,,,,"Auto repair shop",google,,0,0
,"F B Motors","750 Oakdale Rd, North York, ON M3N 2Z4",,4167437378,,,,,,,,,,,0,0,0,0,0,0,0,0,0,0,,,,,,"Auto Repair Garages",yellowpages-ca,,0,0
,"Qw2014 Automotive","145 Norfinch Dr, North York, ON M3N 1W8",,6474787615,,,,,,,,,,,0,0,0,0,0,0,0,0,0,0,,,,,,"Auto Repair Garages",yellowpages-ca,,0,0
,"Bob's Auto Repair Shop Inc","75 Brydon Dr, Etobicoke, ON M9W 4N3",,4167415530,,4.8,36,,,,,,,,0,0,0,0,0,0,0,0,0,0,,,,,,"Car Repair & Service",yellowpages-ca,,0,0
,"Angelo Auto Repair","548 Dupont St, Toronto, ON M6G 1Y9, Canada",,14169213074,,4.6,59,,,,,,,,0,0,0,0,0,0,0,0,0,0,,,,,,"Auto repair shop",google,,0,0
,"M&A Collision Center","1101 Finch Ave. W, ON M3J 3L6",,4167710600,,,,,,,,,,,0,0,0,0,0,0,0,0,0,0,,,,,,"Auto Repair Garages",yellowpages-ca,,0,0
,"Payless Auto Collision","703 Fenmar Dr, North York, ON M9L 1C8",,4167463370,,4.7,10,,,,,,,,0,0,0,0,0,0,0,0,0,0,,,,,,"Auto Body Repair & Painting Shops",yellowpages-ca,,0,0
,"Qd Auto Services","5-777 Dundas St W, Mississauga, ON L5C 4P6",,9052327688,,,,,,,,,,,0,0,0,0,0,0,0,0,0,0,,,,,,"Auto Repair Garages",yellowpages-ca,,0,0
,"Kevin &amp; Dave Auto Repair","35 Taber Rd, Etobicoke, ON M9W 3A7",,4167462638,,,,,,,,,,,0,0,0,0,0,0,0,0,0,0,,,,,,"Car Repair & Service",yellowpages-ca,,0,0
,"Samad Automotive","4646 Kingston Rd, Scarborough, ON M1E 2P9",,4166995330,,4.1,124,,,,,,,,0,0,0,0,0,0,0,0,0,0,,,,,,"Auto Repair Garages",yellowpages-ca,,0,0
,"Auto Repair Centre","Mississauga, ON L4Y 1Y6, Canada",,,,,,,,,,,,,0,0,0,0,0,0,0,0,0,0,,,,,,"Auto repair shop",google,,0,0
,"Diko Repair Shop","12-31 Fima Cres, Etobicoke, ON M8W 3R1",,4166275910,,,,,,,,,,,0,0,0,0,0,0,0,0,0,0,,,,,,"Car Repair & Service",yellowpages-ca,,0,0
,"MD Performance","165B Langstaff Rd E, Thornhill, ON L3T 3M7",,6476804580,,,,,,,,,,,0,0,0,0,0,0,0,0,0,0,,,,,,"Auto Repair Garages",yellowpages-ca,,0,0
,"Advance Auto Collision Ltd","15 Advance Rd, Etobicoke, ON M8Z 2S6",,4162396340,,5,7,,,,,,,,0,0,0,0,0,0,0,0,0,0,,,,,,"Auto Body Repair & Painting Shops",yellowpages-ca,,0,0
,"Masterworks Garage Ltd","4801 Keele St, North York, ON M3J 3A4",,4167523086,,,,,,,,,,,0,0,0,0,0,0,0,0,0,0,,,,,,"Auto Repair Garages",yellowpages-ca,,0,0
,"Browns Line Auto Centre","1-18 Lockport Ave, Etobicoke, ON M8Z 2R7",,4162521677,,,,,,,,,,,0,0,0,0,0,0,0,0,0,0,,,,,,"Auto Repair Garages",yellowpages-ca,,0,0
,"Delta Radiator & Turbo Limited","2-150 Connie Cres, (Suite 3), Concord, ON L4K 1L9",,9059075989,,,,,,,,,,,0,0,0,0,0,0,0,0,0,0,,,,,,"Auto Repair Garages",yellowpages-ca,,0,0
,"Bryce Auto Repair","1765 Shawson Dr, Mississauga, ON L4W 1N8",,6479299943,,,,,,,,,,,0,0,0,0,0,0,0,0,0,0,,,,,,"Auto Repair Garages",yellowpages-ca,,0,0
,"Dupont Auto Collision Ltd","810 Dupont St, Toronto, ON M6G 1Z6, Canada",,14165356660,,4.7,88,,,,,,,,0,0,0,0,0,0,0,0,0,0,,,,,,"Auto body shop",google,,0,0
,"Delroy's Auto Repair","27 Haas Rd, Etobicoke, ON M9W 3A1",,4167428686,,5,16,,,,,,,,0,0,0,0,0,0,0,0,0,0,,,,,,"Auto Repair Garages",yellowpages-ca,,0,0
,"Caribbean Auto Centre","222 Pellatt Ave, North York, ON M9N 2P6",,4162451053,,,,,,,,,,,0,0,0,0,0,0,0,0,0,0,,,,,,"Car Repair & Service",yellowpages-ca,,0,0
,"Danforth Auto Centre","1835 Danforth Ave, Toronto, ON M4C 1J3, Canada",,14166907014,,4.3,93,,,,,,,,0,0,0,0,0,0,0,0,0,0,,,,,,"Auto repair shop",google,,0,0
,"GTA Auto Mechanic","325 Weston Rd, Toronto, ON M6N 3P7, Canada",,16479099598,,4.2,5,,,,,,,,0,0,0,0,0,0,0,0,0,0,,,,,,"Auto repair shop",google,,0,0
,"Farhad Shahsamand O","95 Kenhar Dr, North York, ON M9L 1N5",,4167452353,,,,,,,,,,,0,0,0,0,0,0,0,0,0,0,,,,,,"Auto Repair Garages,Auto Body Repair & Painting Shops",yellowpages-ca,,0,0
,"Dunbar Armored","45B West Wilmot St, Richmond Hill, ON L4B 1K1",,9058894664,,,,,,,,,,,0,0,0,0,0,0,0,0,0,0,,,,,,"Auto Repair Garages",yellowpages-ca,,0,0
,"Master Autos","2300 Finch Ave W, North York, ON M9M 2Y3",,4167461166,,,,,,,,,,,0,0,0,0,0,0,0,0,0,0,,,,,,"Car Repair & Service,Emission Testing",yellowpages-ca,,0,0
,"Total Cart Management Ltd.","1035 Ronsa Crt, Mississauga, ON L4W 2N6",,9056034712,,,,,,,,,,,0,0,0,0,0,0,0,0,0,0,,,,,,"Car Repair & Service",yellowpages-ca,,0,0
,"Riman Automotive","140 Fernstaff Crt, Concord, ON L4K 3L8",,2896227837,,,,,,,,,,,0,0,0,0,0,0,0,0,0,0,,,,,,"Auto Repair Garages",yellowpages-ca,,0,0
,"Inter-Auto Service","80 Carlauren Rd, Woodbridge, ON L4L 7Z5",,9058515228,,,,,,,,,,,0,0,0,0,0,0,0,0,0,0,,,,,,"Auto Repair Garages",yellowpages-ca,,0,0
,"Dupont Auto Collision","810 Dupont Street Toronto, ON M6G 1Z6",,4165356660,,4.9,62,3,2,,,,,,0,0,0,0,0,0,0,0,0,0,,,,,,"Auto Repair,Body Shops,Auto Detailing",yelp,,1,0
,"L&J Auto Repair And Car Sales","11-2835 Markham Rd, Scarborough, ON M1X 0C4",,4168821730,,,,,,,,,,,0,0,0,0,0,0,0,0,0,0,,,,,,"Car Repair & Service",yellowpages-ca,,0,0
,"Active Green & Ross Tire & Auto Centre","2115 Sheppard Avenue E, North York, ON M2J 1W6",,4164911550,,,,2.5,17,,,,,,0,0,0,0,0,0,0,0,0,0,,,,,,"Auto Repair,Tires",yelp,,0,0
,"Hi-tech Auto","2305 Markham Rd, Scarborough, ON M1B 2W3",,4164120700,,,,,,,,,,,0,0,0,0,0,0,0,0,0,0,,,,,,"Auto Repair Garages,Car Repair & Service",yellowpages-ca,,0,0
,"Cordo Servis","468 King St E, Toronto, ON M5A 1L7, Canada",,14168618256,,,,,,,,,,,0,0,0,0,0,0,0,0,0,0,,,,,,"Auto body shop",google,,0,0
,"S B S Automotive","6160 Netherhart Rd, Mississauga, ON L5T 2G6",,4165609472,,,,,,,,,,,0,0,0,0,0,0,0,0,0,0,,,,,,"Auto Repair Garages,Auto Body Shop Equipment & Supplies",yellowpages-ca,,0,0
,"Select Suri Auto Repair","127 Select, Scarborough, ON M1V 4A5",,4168401515,,,,,,,,,,,0,0,0,0,0,0,0,0,0,0,,,,,,"Auto Repair Garages,Car Repair & Service",yellowpages-ca,,0,0
,"G F Auto Clinic","92 Birmingham St, Etobicoke, ON M8V 2C5",,9052590433,,,,,,,,,,,0,0,0,0,0,0,0,0,0,0,,,,,,"Auto Repair Garages",yellowpages-ca,,0,0
,"JR Auto Workz","1720 Midland Avenue, Toronto, ON M1P 3C2, Canada",,6477716673,,,,5,1,,,,,,0,0,0,0,0,0,0,0,0,0,,,,,,"Auto Alarmanlage,Autowerkstatt,Auto Tuning",yelp,,0,0
,"Vick Automotive Inc","155 Toryork Dr, North York, ON M9L 1X9",,4167442318,,,,,,,,,,,0,0,0,0,0,0,0,0,0,0,,,,,,"Car Repair & Service",yellowpages-ca,,0,0
,"LJ Automotive","3725 Lake Shore Blvd W, Etobicoke, ON M8W 1P9",,9058052277,,,,,,,,,,,0,0,0,0,0,0,0,0,0,0,,,,,,"Car Detailing,Auto Repair Garages",yellowpages-ca,,0,0
,"Proficient Auto Repairs","879 Kipling Ave, Etobicoke, ON M8Z 5H2",,4163581941,,,,,,,,,,,0,0,0,0,0,0,0,0,0,0,,,,,,"Car Repair & Service",yellowpages-ca,,0,0
,"Easy Way Auto Services Ltd","176 Toryork Dr, North York, ON M9L 1X6",,4164018989,,,,,,,,,,,0,0,0,0,0,0,0,0,0,0,,,,,,"Auto Repair Garages",yellowpages-ca,,0,0
,"Bayview Car Wash","1802 Bayview Ave, Toronto, ON M4G 4G7, Canada",,14164831262,,3.8,338,,,,,,,,0,0,0,0,0,0,0,0,0,0,,,,,,"Car wash",google,,0,0
,"M7 Auto Spa","180 Winges Rd, Woodbridge, ON L4L 6A9",,6478671405,,,,,,,,,,,0,0,0,0,0,0,0,0,0,0,,,,,,"Auto Repair Garages",yellowpages-ca,,0,0
,"Our Own Auto Repairs & Sales","85 Bowes Rd, Concord, ON L4K 1H6",,9057386464,,,,,,,,,,,0,0,0,0,0,0,0,0,0,0,,,,,,"Auto Repair Garages",yellowpages-ca,,0,0
,"Kings Auto Sales","3359 Lake Shore Blvd W, Etobicoke, ON M8W 1N1",,4162594400,,,,,,,,,,,0,0,0,0,0,0,0,0,0,0,,,,,,"Car Repair & Service",yellowpages-ca,,0,0
,"Ozone Auto Club","31 Fima Cres, Etobicoke, ON M8W 3R1",,4166225460,,,,,,,,,,,0,0,0,0,0,0,0,0,0,0,,,,,,"Car Repair & Service",yellowpages-ca,,0,0
,"E&amp;A Auto Service","151 Toryork Dr, North York, ON M9L 1X9",,4167456277,,,,,,,,,,,0,0,0,0,0,0,0,0,0,0,,,,,,"Auto Repair Garages,Car Repair & Service",yellowpages-ca,,0,0
,"KNK Automotive","26 3171 Wolfdale Rd, Port Credit, ON L5B 1M5",,2896436586,,,,,,,,,,,0,0,0,0,0,0,0,0,0,0,,,,,,"Car Repair & Service",yellowpages-ca,,0,0
,"Star Auto Glass","157 Toryork Dr, North York, ON M9L 1X9",,6475560038,,,,,,,,,,,0,0,0,0,0,0,0,0,0,0,,,,,,"Auto Body Repair & Painting Shops",yellowpages-ca,,0,0
,"Winges Auto Service Centre Ltd","5-155 Winges Rd, Vaughan, ON L4L 6C7",,9058565298,,,,,,,,,,,0,0,0,0,0,0,0,0,0,0,,,,,,"Auto Repair Garages,Car Repair & Service",yellowpages-ca,,0,0
,"Classic Auto Trim &amp; Glass","141 Oakdale Rd, North York, ON M3N 1W2",,4167459830,,3,3,,,,,,,,0,0,0,0,0,0,0,0,0,0,,,,,,"Auto Body Repair & Painting Shops,Auto Repair Garages",yellowpages-ca,,0,0
,"Smith's Mechanic Shop",,,14167425555,,4.9,8,,,,,,,,0,0,0,0,0,0,0,0,0,0,,,,,,"Car repair and maintenance service",google,,0,0
,"Car-Tech Auto Services","102 Cartwright Ave, Toronto, ON M6A 1V2, Canada",,14162479912,,4.5,57,,,,,,,,0,0,0,0,0,0,0,0,0,0,,,,,,"Auto repair shop",google,,0,0
,"ACDC AUTO CENTRE","1749 Albion Rd, Etobicoke, ON M9V 1C3",,6473666660,,4.4,34,,,,,,,,0,0,0,0,0,0,0,0,0,0,,,,,,"Auto Repair Garages",yellowpages-ca,,0,0
,"Motive Management Inc","201 Drumlin Cir, Concord, ON L4K 3E7",,9057383636,,,,,,,,,,,0,0,0,0,0,0,0,0,0,0,,,,,,"Auto Repair Garages",yellowpages-ca,,0,0
,"Cost U Less Tires &amp; Auto","1140 Martin Grove Rd, Etobicoke, ON M9W 4W1",,4162473821,,4.8,51,,,,,,,,0,0,0,0,0,0,0,0,0,0,,,,,,"Auto Repair Garages",yellowpages-ca,,0,0
,"Beverly Hills Auto","1695 Wilson Avenue, North York, ON M3L 1A5",,6479539917,,4.5,44,,,,,,,,1,1,0,0,0,0,0,1,1,0,,,,,,"Auto Repair Garages",yellowpages-ca,,0,0
,"Auto Service Plus","865 Richmond St W, Toronto, ON M6J 1E2, Canada",,14165883881,,5.079,79,,,,,14,,,1,0,0,0,0,0,0,0,0,0,,,,,,"Auto repair shop in Toronto, Ontario",google-places,,0,0
,"Prizma Automotive","10-151 Norfinch Dr, North York, ON M3N 1Y2",,6474787450,,,,,,,,,,,0,0,0,0,0,0,0,0,0,0,,,,,,"Auto Repair Garages",yellowpages-ca,,0,0
,"DGO Auto Repairs Ltd","191 Creditstone Rd, Concord, ON L4K 1N7",,9056692740,,,,,,,,,,,0,0,0,0,0,0,0,0,0,0,,,,,,"Car Repair & Service",yellowpages-ca,,0,0
,"Alex Irvine Motors","2410 Lawrence Ave E, Scarborough, ON M1P 2R6",,4167510973,,,,,,,,,,,0,0,0,0,0,0,0,0,0,0,,,,,,"Car Repair & Service,New Car Dealers",yellowpages-ca,,0,0
,"Crawford Service Station","723 College St, Toronto, ON M6G 1C2, Canada",,14165334800,,4.8,138,,,,,,,,0,0,0,0,0,0,0,0,0,0,,,,,,"Auto repair shop",google,,0,0
,"D.A.S. Auto Service","North York, ON M6A 2T5, Canada",,,,5,1,,,,,,,,0,0,0,0,0,0,0,0,0,0,,,,,,"Auto repair shop",google,,0,0
,"Best Garage Door","7685 Yonge, Vaughan, ON L4J 1E5",,6474959421,,,,,,,,,,,0,0,0,0,0,0,0,0,0,0,,,,,,"Auto Repair Garages",yellowpages-ca,,0,0
,"The Mechanics Shop","79 Winter Ave, Toronto, ON M1K 4M2, Canada",,14162676033,,4.7,80,,,,,,,,0,0,0,0,0,0,0,0,0,0,,,,,,"Auto repair shop",google,,0,0
,"Wb Car Centre","15-750 Oakdale Rd, North York, ON M3N 2Z4",,6474766016,,,,,,,,,,,0,0,0,0,0,0,0,0,0,0,,,,,,"Auto Repair Garages",yellowpages-ca,,0,0
,"One Stop Exhaust","69 Millwick Dr, North York, ON M9L 1Y5",,4167488156,,,,,,,,,,,0,0,0,0,0,0,0,0,0,0,,,,,,"Auto Repair Garages,Mufflers & Exhaust Systems",yellowpages-ca,,0,0
,"Jebsun Auto Ltd","46 Redlea Ave, Scarborough, ON M1V 4S3",,4162998322,,4.3,68,,,,,,,,1,1,0,0,0,0,0,1,1,0,,,,,,"Auto Body Repair & Painting Shops,Auto Repair Garages",yellowpages-ca,,0,0
,"Luxury Import Motors Ltd","1033 Bay St., Toronto, ON M5S 3A5, Canada",,14169753993,,,,,,,,,,,0,0,0,0,0,0,0,0,0,0,,,,,,"Auto repair shop",google,,0,0
,"Domco Auto Repair Inc","101 Freshway Dr, Concord, ON L4K 1R9",,9057616446,,,,,,,,,,,0,0,0,0,0,0,0,0,0,0,,,,,,"Car Repair & Service",yellowpages-ca,,0,0
,"Performance Plus Auto Services","54 Rivalda Rd, North York, ON M9M 2M3",,4167450739,,4.9,47,,,,,,,,0,0,0,0,0,0,0,0,0,0,,,,,,"Auto Repair Garages",yellowpages-ca,,0,0
,"Deluxe Auto Service","62 Racine Rd, Etobicoke, ON M9W 2Z7",,4167491172,,,,,,,,,,,0,0,0,0,0,0,0,0,0,0,,,,,,"Auto Repair Garages",yellowpages-ca,,0,0
,"Rayhaz Truck & Auto Centre","180 Doughton Rd, Concord, ON L4K 1R4",,9056603990,,,,,,,,,,,0,0,0,0,0,0,0,0,0,0,,,,,,"Auto Repair Garages",yellowpages-ca,,0,0
,"Hld Body Shop","1145 Fewster Dr, Mississauga, ON L4W 1A2",,9052820037,,,,,,,,,,,0,0,0,0,0,0,0,0,0,0,,,,,,"Auto Repair Garages",yellowpages-ca,,0,0
,"Humbervale Auto Services Ltd","7355 Goreway Dr, Mississauga, ON L4T 2T8",,9056775796,,,,,,,,,,,0,0,0,0,0,0,0,0,0,0,,,,,,"Car Repair & Service",yellowpages-ca,,0,0
,"Reliable Auto Service Inc","91 Fernstaff Crt, Thornhill, ON L4K 3L9",,9056691500,,4.9,39,,,,,,,,0,0,0,0,0,0,0,0,0,0,,,,,,"Auto Repair Garages,Car Repair & Service",yellowpages-ca,,0,0
,"Kepremium Auto","1-7 Harlech Crt A, Thornhill, ON L3T 6L5",,9058896116,,,,,,,,,,,0,0,0,0,0,0,0,0,0,0,,,,,,"Auto Repair Garages",yellowpages-ca,,0,0
,"Denmor Auto Repairs","101 Freshway Dr, Concord, ON L4K 1R9",,9056690163,,,,,,,,,,,0,0,0,0,0,0,0,0,0,0,,,,,,"Car Repair & Service",yellowpages-ca,,0,0
,"Millennium Auto Centre","2305 Markham Rd, Scarborough, ON M1B 2W3",,4168500640,,,,,,,,,,,0,0,0,0,0,0,0,0,0,0,,,,,,"Auto Repair Garages",yellowpages-ca,,0,0
,"Yi Fang Taiwan Fruit Tea","3235 7, Markham, ON L3R 3P3",,9056040666,,,,,,,,,,,0,0,0,0,0,0,0,0,0,0,,,,,,"Auto Repair Garages",yellowpages-ca,,0,0
,"Grand Auto","15 Goodmark Pl, Toronto, ON M9W 6R9",,4166790644,,,,,,,,,,,0,0,0,0,0,0,0,0,0,0,,,,,,"Car Repair & Service",yellowpages-ca,,0,0
,"Amar Sign","1575 Sismet Rd, Mississauga, ON L4W 1P9",,9052821331,,,,,,,,,,,0,0,0,0,0,0,0,0,0,0,,,,,,"Auto Repair Garages",yellowpages-ca,,0,0
,Gtaautofixdirectory,"83 Queen Elizabeth Blvd, Etobicoke, ON M8Z 1M5",,6476385086,,,,,,,,,,,0,0,0,0,0,0,0,0,0,0,,,,,,"Auto Repair Garages",yellowpages-ca,,0,0
,"JR Auto Care","4 Osler Street Toronto, ON M6P 3T2 Canada",,4167619447,,,,5,5,,,,,,0,0,0,0,0,0,0,0,0,0,,,,,,Autowerkstatt,yelp,,0,0
,"Trimboli's Auto Centre Inc","20 Canso Rd, Etobicoke, ON M9W 4L8",,4162415294,,,,,,,,,,,0,0,0,0,0,0,0,0,0,0,,,,,,"Auto Repair Garages,Car Repair & Service",yellowpages-ca,,0,0
,"Rainbow Auto Body Shop","36 Brydon Dr, Etobicoke, ON M9W 4N2",,4167487575,,,,,,,,,,,0,0,0,0,0,0,0,0,0,0,,,,,,"Auto Repair Garages",yellowpages-ca,,0,0
,"ASM Auto Repair","296 Brock Ave, Toronto, ON M6K 2M4, Canada",,14165168181,,4.4,93,,,,,,,,0,0,0,0,0,0,0,0,0,0,,,,,,"Auto repair shop",google,,0,0
,"Vicky Auto Service","66 Milvan Dr, North York, ON M9L 1Z5",,4168409593,,,,,,,,,,,0,0,0,0,0,0,0,0,0,0,,,,,,"Auto Repair Garages,Car Repair & Service",yellowpages-ca,,0,0
,"Jerry and Scott Auto Repair","3A-60 Brydon Dr, Etobicoke, ON M9W 4N5",,6474108007,,,,,,,,,,,0,0,0,0,0,0,0,0,0,0,,,,,,"Auto Repair Garages",yellowpages-ca,,0,0
,"Bestwest General Auto Repairs & Detailing Inc","5-68 Millwick Dr, North York, ON M9L 1Y3",,4166450454,,,,,,,,,,,0,0,0,0,0,0,0,0,0,0,,,,,,"Auto Repair Garages",yellowpages-ca,,0,0
,"Gpa Limited","360 Rayette Rd, Concord, ON L4K 2G5",,4169308726,,,,,,,,,,,0,0,0,0,0,0,0,0,0,0,,,,,,"Car Repair & Service",yellowpages-ca,,0,0
,"Standfast Auto Services","30 Freshway Dr, Concord, ON L4K 1S4",,9057384504,,,,,,,,,,,0,0,0,0,0,0,0,0,0,0,,,,,,"Car Repair & Service",yellowpages-ca,,0,0
New,"Precision Repairs- Automotive, Plumbing & Handyman Services (SCARB)",,,16472218193,,5,12,,,,,,,,0,0,0,0,0,0,0,0,0,0,,,,,,Mechanic,google,,0,0
,"XO Automotive","52 Airview Rd, Etobicoke, ON M9W 6J3",,4167408514,,,,,,,,,,,0,0,0,0,0,0,0,0,0,0,,,,,,"Car Repair & Service",yellowpages-ca,,0,0
,"Voy Tech Auto Repair","16 Taber Rd, Etobicoke, ON M9W 3A5",,4167401717,,,15,,,,,,,,0,0,0,0,0,0,0,0,0,0,,,,,,"Auto Repair Garages,Car Repair & Service",yellowpages-ca,,0,0
,"16th Auto Service & Tire","115 16th Avenue Richmond Hill, ON L4C 7A5",,9058861222,,,,5,7,,,,,,0,0,0,0,0,0,0,0,0,0,,,,,,"Autowerkstatt,Autoreifen",yelp,,0,0
,"Six Wraps","1220 Britannia Rd E, Mississauga, ON L4W 1C8",,9056966866,info@sixwraps.ca,5,93,,,,,144,,164,1,1,1,0,0,0,0,1,1,1,https://www.facebook.com/SixWraps.ca,,,https://www.youtube.com/channel/UCllxleUHOkn9ux_GU5lZkZQ,https://www.instagram.com/sixwraps.ca/,"Car Repair & Service",yellowpages-ca,,0,0
,"Tamburro General Repairs","50 Ritin Lane, Concord, ON L4K 4C9",,9056603780,,,,,,,,,,,0,0,0,0,0,0,0,0,0,0,,,,,,"Car Repair & Service",yellowpages-ca,,0,0
,"Auto Recruit","213-3075 14th Ave, Markham, ON L3R 0G9",,9059469696,,,,,,,,,,,0,0,0,0,0,0,0,0,0,0,,,,,,"Car Repair & Service",yellowpages-ca,,0,0
,"Quan's Auto Service","221 New Toronto St, Etobicoke, ON M8V 2G3",,4162515238,,4.2,57,,,,,,,,0,0,0,0,0,0,0,0,0,0,,,,,,"Auto Body Repair & Painting Shops,Auto Repair Garages",yellowpages-ca,,0,0
,"Best Auto Mechanic","1220 Crestlawn Dr, Mississauga, ON L4W 1A6",,9056252100,,,,,,,,,,,0,0,0,0,0,0,0,0,0,0,http://www.facebook.com/143349176061481,,https://www.linkedin.com/company/gyi,,,"Car Repair & Service",yellowpages-ca,,0,0
,"Airport Esso Service","5725 Airport Rd, Mississauga, ON L4V 1C8",,9056773790,,,,,,,,,,,0,0,0,0,0,0,0,0,0,0,,,,,,"Auto Repair Garages",yellowpages-ca,,0,0
,"A &amp; J Auto Service","32 Stoffel Dr, Etobicoke, ON M9W 1A8",,4162428402,,,,,,,,,,,0,0,0,0,0,0,0,0,0,0,,,,,,"Car Repair & Service",yellowpages-ca,,0,0
,"Douglas Offset Service","30 Titan Rd, Etobicoke, ON M8Z 5Y2",,4162095103,,,,,,,,,,,0,0,0,0,0,0,0,0,0,0,,,,,,"Auto Repair Garages",yellowpages-ca,,0,0
,"Benel Auto Ltd","139 Woodstream Blvd, Woodbridge, ON L4L 7Y4",,9056058800,,,,,,,,,,,0,0,0,0,0,0,0,0,0,0,,,,,,"Car Repair & Service",yellowpages-ca,,0,0
,"Birmingham Auto Repair","240 Birmingham, Etobicoke, ON M8V 2C8",,4162515050,,,,,,,,,,,0,0,0,0,0,0,0,0,0,0,,,,,,"Auto Repair Garages,Car Repair & Service",yellowpages-ca,,0,0
,"Jdl Automotive Consulting Inc","120 Whitmore, Woodbridge, ON L4L 6A3",,2896571800,,,,,,,,,,,0,0,0,0,0,0,0,0,0,0,,,,,,"Car Repair & Service",yellowpages-ca,,0,0
,"B J Auto Services","2568 St Clair Ave W, York, ON M6N 1L8",,4167620451,,,,,,,,,,,0,0,0,0,0,0,0,0,0,0,,,,,,"Auto Repair Garages,Car Repair & Service",yellowpages-ca,,0,0
,"Auto Excellence","306 Geary Ave, Toronto, ON M6H 2C5, Canada",,14169130234,,4.5,2,,,,,,,,0,0,0,0,0,0,0,0,0,0,,,,,,"Auto repair shop",google,,0,0
,"B M G Auto Service","4 Ray Ave, York, ON M6M 2A8",,4162415877,,5,7,,,,,,,,0,0,0,0,0,0,0,0,0,0,,,,,,"Auto Repair Garages",yellowpages-ca,,0,0
,"Auto Technical Care","1297 Queen St E, Toronto, ON M4L 1C2, Canada",,14164654244,,4.9,35,,,,,,,,0,0,0,0,0,0,0,0,0,0,,,,,,"Auto repair shop",google,,0,0
,"Select One Auto","4801 Keele St, North York, ON M3J 3A4",,4166505555,,,,,,,,,,,0,0,0,0,0,0,0,0,0,0,,,,,,"Car Repair & Service",yellowpages-ca,,0,0
,"Jevlan Auto Service","471 Jevlan Dr, Woodbridge, ON L4L 8A1",,9058567445,,,,,,,,,,,0,0,0,0,0,0,0,0,0,0,,,,,,"Auto Repair Garages",yellowpages-ca,,0,0
,"Fecezma2020 Autoshop Ltd.","12-153 Norfinch Dr, North York, ON M3N 1Y2",,6478121274,,,,,,,,,,,0,0,0,0,0,0,0,0,0,0,,,,,,"Auto Repair Garages",yellowpages-ca,,0,0
,"On-Time Auto Service","1266 Martin Grove Rd, Etobicoke, ON M9W 4X3",,4167400300,,,,,,,,,,,0,0,0,0,0,0,0,0,0,0,,,,,,"Car Repair & Service",yellowpages-ca,,0,0
,"Metal Gear Auto Services Inc","90 Melford Dr, Scarborough, ON M1B 2A1",,4163214917,,,,,,,,,,,0,0,0,0,0,0,0,0,0,0,,,,,,"Car Repair & Service",yellowpages-ca,,0,0
,"Trans Mot Car Service","33 Algie Ave, Etobicoke, ON M8Z 5J9",,4162530133,,4.3,23,,,,,,,,0,0,0,0,0,0,0,0,0,0,,,,,,"Auto Repair Garages",yellowpages-ca,,0,0
,"Red Star Auto & Diesel Service","2 Steinway Blvd, Etobicoke, ON M9W 6J8",,4166741089,,4.9,56,,,,,,,,0,0,0,0,0,0,0,0,0,0,,,,,,"Auto Repair Garages",yellowpages-ca,,0,0
,"Canadian Automotive Ca","4370 Steeles Ave W, Woodbridge, ON L4L 4Y4",,9059094000,,,,,,,,,,,0,0,0,0,0,0,0,0,0,0,,,,,,"Auto Repair Garages",yellowpages-ca,,0,0
,"H N M Auto Services Inc","2-27 Haas Rd, Etobicoke, ON M9W 3A1",,4167289890,,,,,,,,,,,0,0,0,0,0,0,0,0,0,0,,,,,,"Car Repair & Service",yellowpages-ca,,0,0
,"Patriotz Auto","605-430 McLevin Ave, Scarborough, ON M1B 5P1",,6475030216,,,,,,,,,,,0,0,0,0,0,0,0,0,0,0,,,,,,"Car Repair & Service",yellowpages-ca,,0,0
,"CAA Car Care Centre","4479 Kingston Rd, Toronto, ON M1E 2N7",,4162821266,,,,,,,,,,,0,0,0,0,0,0,0,0,0,0,,,,,,"Auto Repair Garages",yellowpages-ca,,0,0
,"Simba Auto Service","1780 Albion Rd, Etobicoke, ON M9V 1C1",,4167431610,,,,,,,,,,,0,0,0,0,0,0,0,0,0,0,,,,,,"Car Repair & Service",yellowpages-ca,,0,0
,"Laird Auto Body Limited","123 Laird Drive East York, ON M4G 3T7 Canada",,4164217121,,,,4.5,11,,,,,,0,0,0,0,0,0,0,0,0,0,,,,,,"Auto Repair",yelp,,0,0
,"Village Tire And Auto","1-369 Ryding Ave, Toronto, ON M6N 1H6",,4167628232,,,,,,,,,,,0,0,0,0,0,0,0,0,0,0,,,,,,"Auto Body Repair & Painting Shops,Auto Repair Garages",yellowpages-ca,,0,0
,"Westmore Auto Repair","6590 Finch Ave W, Etobicoke, ON M9V 3Z6",,4167411510,,4.4,34,,,,,,,,0,0,0,0,0,0,0,0,0,0,,,,,,"Auto Repair Garages",yellowpages-ca,,0,0
,"Powered by D Motorsport","1-8600 Keele St, Concord, ON L4K 4H8",,4169045297,,,,,,,,,,,0,0,0,0,0,0,0,0,0,0,,,,,,"Auto Repair Garages",yellowpages-ca,,0,0
,"Cn Motors Ltd","54-1770 Albion Rd, Etobicoke, ON M9V 1C2",,4169997437,,,,,,,,,,,0,0,0,0,0,0,0,0,0,0,,,,,,"Auto Repair Garages",yellowpages-ca,,0,0
,"R N R Auto Repairs","176 Toryork Dr, North York, ON M9L 1X6",,4167452267,,,,,,,,,,,0,0,0,0,0,0,0,0,0,0,,,,,,"Auto Repair Garages",yellowpages-ca,,0,0
,"VMS Auto","101 Toro Rd, Toronto, ON M3J 2Z1",,4166388867,,,,5,9,,,,,,0,0,0,0,0,0,0,0,0,0,,,,,,"Autowerkstatt,Getriebereparatur,Ölwechselstationen",yelp,,0,0
,"U&M Auto","4690 Kingston Rd, Scarborough, ON M1E 2P9",,6474465924,,,,,,,,,,,0,0,0,0,0,0,0,0,0,0,,,,,,"Auto Repair Garages",yellowpages-ca,,0,0
,"Elite Auto &amp; Mechanical Service Centre","999 North Service Rd, Mississauga, ON L4Y 1A4",,9052723210,,,,,,,,,,,0,0,0,0,0,0,0,0,0,0,,,,,,"Auto Repair Garages",yellowpages-ca,,0,0
,"Star Motors &amp; Service Station","3441 Dundas St W, York, ON M6S 2S5",,9052572112,nicadmin@erac.com,4.4,270,,,,,524644,15610,,1,1,1,0,0,0,0,1,1,0,https://www.facebook.com/enterpriserentacar,https://twitter.com/enterprise,,https://www.youtube.com/user/EnterpriseRAC,,"Auto Repair Garages",yellowpages-ca,,1,0
,"Baygreen Auto Collision And Service Cent","20 Harlech Crt, Thornhill, ON L3T 6L5",,9058863888,,,,,,,,,,,0,0,0,0,0,0,0,0,0,0,,,,,,"Car Repair & Service",yellowpages-ca,,0,0
,"Tires & Automotive Care","2069 Dufferin St, York, ON M6E 3R6, Canada",,,,1,2,,,,,,,,0,0,0,0,0,0,0,0,0,0,,,,,,"Auto repair shop",google,,0,0
,"Premium Auto Services","101 Freshway Dr, Concord, ON L4K 1R9",,9057388022,,,,,,,,,,,0,0,0,0,0,0,0,0,0,0,,,,,,"Auto Body Repair & Painting Shops,Car Manufacturers",yellowpages-ca,,0,0
,"AV Auto Repair","109 Ormont Dr, North York, ON M9L 2Z1",,4166400184,,,,,,,,,,,0,0,0,0,0,0,0,0,0,0,,,,,,"Auto Repair Garages",yellowpages-ca,,0,0
,"M S Auto Centre","101A Freshway Dr, Concord, ON L4K 1R9",,9056607898,,,,,,,,,,,0,0,0,0,0,0,0,0,0,0,,,,,,"Auto Repair Garages,Car Repair & Service",yellowpages-ca,,0,0
,"Downtown Gas & Auto","570 Eastern Ave, Toronto, ON M4M 1C9, Canada",,14164631138,,4.8,105,,,,,,,,0,0,0,0,0,0,0,0,0,0,,,,,,Mechanic,google,,0,0
,"The Car Doctor, Hybrid & Safety Inspection Certification Authorization Station","76 Sherry Rd Unit i, Scarborough, ON M1L 2J9, Canada",,14167509903,,5,497,,,,,,,,0,0,0,0,0,0,0,0,0,0,,,,,,"Car inspection station",google,,0,0
,"Nas Motors","614 Danforth Ave, Toronto, ON M4K 1R3",,6473528555,,,,,,,,,,,0,0,0,0,0,0,0,0,0,0,,,,,,"Auto Repair Garages",yellowpages-ca,,0,0
,"Super Auto Center Inc","3 Elward Blvd, Scarborough, ON M1L 3L1, Canada",,14166980425,,4.7,21,,,,,,,,0,0,0,0,0,0,0,0,0,0,,,,,,Mechanic,google,,0,0
,"Oscar’s Auto Repair","1257 College Street Toronto, ON M6H 1C5 Canada",,4165887711,,4.7,59,3.4,5,,,,,,0,0,0,0,0,0,0,0,0,0,,,,,,"Auto Repair",yelp,,0,0
,Service,"155 Winges, Woodbridge, ON L4L 6C7",,9058502004,,,,,,,,,,,0,0,0,0,0,0,0,0,0,0,,,,,,"Auto Repair Garages",yellowpages-ca,,0,0
,"Coand-Auto Repairs","50 Ritin Lane, Concord, ON L4K 4C9",,9056696027,,,,,,,,,,,0,0,0,0,0,0,0,0,0,0,,,,,,"Auto Repair Garages",yellowpages-ca,,0,0
,"Lucky &amp; Brothers Auto Inc","8-176 Toryork Dr, Toronto, ON M9L 1X6",,4169044604,,,,,,,,,,,0,0,0,0,0,0,0,0,0,0,,,,,,"Auto Repair Garages,Tire Repair Services",yellowpages-ca,,0,0
,"Diagnostic Automotive","94 Kenhar Dr, North York, ON M9L 1N2",,4167449046,,,,,,,,,,,0,0,0,0,0,0,0,0,0,0,,,,,,"Auto Repair Garages,Car Repair & Service",yellowpages-ca,,0,0
,"E.P. Motors","20 Millwick Dr, North York, ON M9L 1Y3",,4165651131,,,,,,,,,,,0,0,0,0,0,0,0,0,0,0,,,,,,"Auto Repair Garages,Electronics Stores",yellowpages-ca,,0,0
,"A & R Auto Services","1765 Shawson Drive, Mississauga, ON L4W 1N8",,6477817125,,,,,,,,,,,0,0,0,0,0,0,0,0,0,0,,,,,,"Auto Repair Garages",yellowpages-ca,,0,0
,"Mechanic On Duty","101 Freshway Dr, Concord, ON L4K 1R9",,6472175342,,,,,,,,,,,0,0,0,0,0,0,0,0,0,0,,,,,,"Auto Repair Garages",yellowpages-ca,,0,0
,"Canada's Pro Automotive","70-101A Freshway Dr, Concord, ON L4K 1R9",,9057615740,,,,,,,,,,,0,0,0,0,0,0,0,0,0,0,,,,,,"Auto Repair Garages",yellowpages-ca,,0,0
,"Avondale Sales","24 Jutland Rd, Etobicoke, ON M8Z 2G9",,4162591504,,,,,,,,,,,0,0,0,0,0,0,0,0,0,0,,,,,,"Auto Repair Garages",yellowpages-ca,,0,0
,"G.M.S. Auto Services Ltd","86 Melford Dr, Scarborough, ON M1B 2X7",,4162971881,,,,,,,,,,,0,0,0,0,0,0,0,0,0,0,,,,,,"Car Repair & Service",yellowpages-ca,,0,0
,"Marks Garage","5 Tupper Ave, Etobicoke, ON M8Z 5H5",,4162516699,,4.9,34,,,,,,,,0,0,0,0,0,0,0,0,0,0,,,,,,"Auto Repair Garages",yellowpages-ca,,0,0
,"Peace Auto Limited","4801 Keele St, North York, ON M3J 3A4",,4168508805,,,,,,,,,,,0,0,0,0,0,0,0,0,0,0,,,,,,"Car Repair & Service",yellowpages-ca,,0,0
,"J &amp; G Trailer Repairs","500 Evans Ave, Etobicoke, ON M8W 2T7",,4162527752,,,,,,,,,,,0,0,0,0,0,0,0,0,0,0,,,,,,"Auto Repair Garages",yellowpages-ca,,0,0
,"LGT Automotive","31 Guardsman Rd, Thornhill, ON L3T 6L2",,4166076601,,,,,,,,,,,0,0,0,0,0,0,0,0,0,0,,,,,,"Car Repair & Service",yellowpages-ca,,0,0
,"LP Europe Motorsport Auto","207 Geary Avenue, Toronto, ON M6H 2C1",,4165165555,,,,3.4,5,,,,,,1,0,0,0,0,0,0,0,0,0,,,,,,Autowerkstatt,yelp,,0,0
,"Silver Back Automotive Ltd.","68 Millwick Dr, North York, ON M9L 1Y3",,4167415262,,,,,,,,,,,0,0,0,0,0,0,0,0,0,0,,,,,,"Car Repair & Service",yellowpages-ca,,0,0
,"GT Performance Automotive Ltd","471 Jevlan Dr, Woodbridge, ON L4L 8A1",,9058500112,,,,,,,,,,,0,0,0,0,0,0,0,0,0,0,,,,,,"Car Repair & Service",yellowpages-ca,,0,0
,Smartfix,"31 Tapscott Rd, Toronto, ON M1B 4Y7",,6479610200,,,,,,,,,,,0,0,0,0,0,0,0,0,0,0,,,,,,"Auto Repair Garages",yellowpages-ca,,0,0
,"Raven Auto Body","5340 Maingate Dr, Mississauga, ON L4W 1R8",,2897240948,,,,,,,,,,,0,0,0,0,0,0,0,0,0,0,,,,,,"Car Repair & Service",yellowpages-ca,,0,0
,"Mega Motors Company","196 Bradwick Dr, Concord, ON L4K 1K8",,9055320417,,,,,,,,,,,0,0,0,0,0,0,0,0,0,0,,,,,,"Car Repair & Service",yellowpages-ca,,0,0
,"M R","500 South Service Rd, Mississauga, ON L5G 2S5",,9052782001,,,,,,,,,,,0,0,0,0,0,0,0,0,0,0,,,,,,"Auto Repair Garages",yellowpages-ca,,0,0
,"V R Auto Centre","776 Dundas St E, Mississauga, ON L4Y 2B6",,6478021707,,,,,,,,,,,0,0,0,0,0,0,0,0,0,0,,,,,,"Auto Repair Garages",yellowpages-ca,,0,0
,"Trans World Automotive","220 Ferrier St, Markham, ON L3R 2Z5",,9054773778,,,,,,,,,,,0,0,0,0,0,0,0,0,0,0,,,,,,"Car Repair & Service",yellowpages-ca,,0,0
,"Mechanic UA Car service","10651 Keele St, Maple, ON L6A 3Y9, Canada",,16478543810,,4.4,19,,,,,,,,0,0,0,0,0,0,0,0,0,0,,,,,,"Auto repair shop",google,,0,0
,"Swift Motorworks","16-6315 Shawson Dr, Mississauga, ON L5T 1J2",,4377785353,,,,,,,,,,,0,0,0,0,0,0,0,0,0,0,,,,,,"Car Repair & Service",yellowpages-ca,,0,0
,"Top Gun Automotive, Truck Centre & Engine Rebuilder","117 Union St, Toronto, ON M6N 3N1, Canada",,14167623305,,4.4,125,,,,,,,,0,0,0,0,0,0,0,0,0,0,,,,,,"Auto repair shop",google,,0,0
,"D&amp;D Brydon Auto","41 Brydon Dr, Etobicoke, ON M9W 4N3",,4167456758,,,,,,,,,,,0,0,0,0,0,0,0,0,0,0,,,,,,"Car Repair & Service",yellowpages-ca,,0,0
,"Alex's Wing Tat Auto Service & Body Repair Inc","212 Geary Ave, Toronto, ON M6H 2C3, Canada",,14168885065,,4.6,19,,,,,,,,0,0,0,0,0,0,0,0,0,0,,,,,,"Auto body shop",google,,0,0
,"LeDrew Laishley Reed","30 Saint Patrick St, Toronto, ON M5T 3A3",,4169819400,,,,,,,,,,,0,0,0,0,0,0,0,0,0,0,,,,,,"Car Repair & Service,Lawyers",yellowpages-ca,,0,0
,"Jays Autobody & Repair","7 Taber Rd, Etobicoke, ON M9W 3A3",,4167440476,,,,,,,,,,,0,0,0,0,0,0,0,0,0,0,,,,,,"Auto Body Repair & Painting Shops,Auto Repair Garages",yellowpages-ca,,0,0
New,"A+ Auto","2069 Dufferin St, York, ON M6E 3R3, Canada",,14169187100,,,,,,,,,,,0,0,0,0,0,0,0,0,0,0,,,,,,"Auto repair shop",google,,0,0
,"A &amp; J Auto Repair","55 Taber Rd, Etobicoke, ON M9W 3A7",,4166420435,,,,,,,,,,,0,0,0,0,0,0,0,0,0,0,,,,,,"Car Repair & Service",yellowpages-ca,,0,0
,"Auto Trust Canada Ltd","200-390 Bradwick Dr, Concord, ON L4K 2W4",,2892721254,,,,,,,,,,,0,0,0,0,0,0,0,0,0,0,,,,,,"Auto Repair Garages",yellowpages-ca,,0,0
,"Christina solutions co","55 Avenue Rd, Toronto, ON M5R 3L2, Canada",,,,,,,,,,,,,0,0,0,0,0,0,0,0,0,0,,,,,,"Auto repair shop",google,,0,0
,"J &amp; H Auto","175 Wendell Ave, North York, ON M9M 2N6",,4167410001,,,,,,,,,,,0,0,0,0,0,0,0,0,0,0,,,,,,"Car Repair & Service",yellowpages-ca,,1,0
,"Andre Automatic Transmission Inc","2300 Finch Ave W, North York, ON M9M 2Y3",,4167475759,,,,,,,,,,,0,0,0,0,0,0,0,0,0,0,,,,,,"Auto Repair Garages",yellowpages-ca,,0,0
,"Coyle's Tire &amp; Auto Service","57 Ridge Rd, North York, ON M3M 1C6",,4166523605,,,,,,,,,,,0,0,0,0,0,0,0,0,0,0,,,,,,"Auto Repair Garages",yellowpages-ca,,0,0
,"Advance Auto Repairs","285 Old Kingston Rd, Scarborough, ON M1C 1B4",,4165541421,,,,,,,,,,,0,0,0,0,0,0,0,0,0,0,,,,,,"Auto Repair Garages",yellowpages-ca,,0,0
,"355 Auto Collision","355 Red Maple Rd, Richmond Hill, ON L4C 6P2",,6478664735,,5,19,,,,,,,,0,0,0,0,0,0,0,0,0,0,,,,,,"Auto Body Repair & Painting Shops,Auto Repair Garages",yellowpages-ca,,0,0
,"Alex Auto Repair","1778 Jane St, York, ON M9N 2T2, Canada",,14162496740,,4,68,,,,,,,,0,0,0,0,0,0,0,0,0,0,,,,,,"Auto repair shop",google,,0,0
,"G & S Automotive Inc","10 Doughton, Concord, ON L4K 1R2",,9056606543,,,,,,,,,,,0,0,0,0,0,0,0,0,0,0,,,,,,"Car Repair & Service",yellowpages-ca,,0,0
,"Tristar Auto Service","83 Shorncliffe Rd, Etobicoke, ON M8Z 5K3",,6478009466,,,,,,,,,,,0,0,0,0,0,0,0,0,0,0,,,,,,"Auto Repair Garages,Car Repair & Service",yellowpages-ca,,0,0
,"Pita Pita From Vitamin","129-7181 Yonge St, Thornhill, ON L3T 0C7",,2895973521,,,,,,,,,,,0,0,0,0,0,0,0,0,0,0,,,,,,"Car Repair & Service,Vitamins & Food Supplements",yellowpages-ca,,0,0
,"Lakeshore Auto Clinic","456 Lakeshore Road E Mississauga, ON L5G 1J1 Canada",,4165716226,,4.9,205,5,2,,,,,,0,0,0,0,0,0,0,1,1,1,,,,,,"Auto Repair",yelp,,0,0
,"Luxury Mobile Car Detailing","170 York St Mobile, Toronto, ON M5H 3A9, Canada",,16475785980,,,,,,,,,,,0,0,0,0,0,0,0,0,0,0,,,,,,"Car detailing service",google,,0,0
,"Expert Auto Repairs","1220 Dupont St, Toronto, ON M6H 2A4, Canada",,16474274555,,4.5,164,,,,,,,,0,0,0,0,0,0,0,0,0,0,,,,,,"Auto repair shop",google,,0,0
,"Technicar Clinic Inc","120 Whitmore, ON L4L 6A3",,9058507397,,,,,,,,,,,0,0,0,0,0,0,0,0,0,0,,,,,,"Car Repair & Service",yellowpages-ca,,0,0
,"Union Rim Repair","80 Millwick Dr, North York, ON M9L 1Y3",,6473447610,,4.6,318,,,,,,,,0,0,0,0,0,0,0,0,1,0,,,,,,"Car Repair & Service",yellowpages-ca,,0,0
,"Amin's Auto Service","26 Kelfield St, Etobicoke, ON M9W 5A2",,4162425760,,,,,,,,,,,0,0,0,0,0,0,0,0,0,0,,,,,,"Auto Repair Garages",yellowpages-ca,,0,0
,"Speedway Auto Services Ltd","227 Toryork Dr, North York, ON M9L 1Y2",,4167453894,,4.7,18,,,,,,,,0,0,0,0,0,0,0,0,0,0,,,,,,"Auto Repair Garages",yellowpages-ca,,0,0
,"Original Auto Refinishing Ltd.","205 Toryork Dr, North York, ON M9L 1Y2",,4167480673,,,,,,,,,,,0,0,0,0,0,0,0,0,0,0,,,,,,"Car Repair & Service",yellowpages-ca,,0,0
,"MC Auto","26 Heintzman St, Toronto, ON M6P 2J6, Canada",,14167698296,,4.8,52,,,,,,,,0,0,0,0,0,0,0,0,0,0,,,,,,"Auto repair shop",google,,0,0
,"Careright Auto Repair Inc","3511 Kennedy Rd, Scarborough, ON M1V 4Y3",,4168398892,,,,,,,,,,,0,0,0,0,0,0,0,0,0,0,,,,,,"Auto Repair Garages",yellowpages-ca,,0,0
,"Workshop & Co. Automotive","2877 14Th Ave, Markham, ON L3R 5H8",,6478020011,,,,,,,,,,,0,0,0,0,0,0,0,0,0,0,,,,,,"Car Repair & Service",yellowpages-ca,,0,0
,"Canas Auto Maintenance","175 Toryork Dr, North York, ON M9L 2Y7",,4168814011,,,,,,,,,,,0,0,0,0,0,0,0,0,0,0,,,,,,"Car Repair & Service",yellowpages-ca,,0,0
,"Bb Fabricators","220 Norseman St, Etobicoke, ON M8Z 2R4",,4168018147,,4.9,112,,,,,,,,0,0,0,0,0,0,0,0,0,0,,,,,,"Car Repair & Service",yellowpages-ca,,0,0
,"Ferris Auto Centre","5285 Maingate Dr, Mississauga, ON L4W 1G6",,9052127071,,,,,,,,,,,0,0,0,0,0,0,0,0,0,0,,,,,,"Auto Repair Garages",yellowpages-ca,,0,0
,Autoworx,"12-1765 Shawson Dr, Mississauga, ON L4W 1N8",,6476387546,,,,,,,,,,,0,0,0,0,0,0,0,0,0,0,,,,,,"Auto Repair Garages",yellowpages-ca,,0,0
,"M & S Auto Refinishing","1293 Queen Street E Toronto, ON M4L 1C2",,4164615898,,4.9,80,4.5,8,,,,,,0,0,0,0,0,0,0,0,0,0,,,,,,Autowerkstatt,yelp,,0,0
,"Atha Auto Repair","14-773 Warden Ave, Scarborough, ON M1L 4C2",,4165464313,,,,,,,,,,,0,0,0,0,0,0,0,0,0,0,,,,,,"Car Repair & Service",yellowpages-ca,,0,0
,"Carlo's Auto Repair & Collision","2427 Eglinton Ave W, York, ON M6M 1S8, Canada",,14166519860,,5,36,,,,,,,,0,0,0,0,0,0,0,0,0,0,,,,,,"Auto repair shop",google,,0,0
,"G1 Car And Truck Rentals","15 Goodmark Pl, Etobicoke, ON M9W 6R9",,4166790056,,,,,,,,,,,0,0,0,0,0,0,0,0,0,0,,,,,,"Car Repair & Service",yellowpages-ca,,0,0
,"Neelam Auto Express Ltd","10-153 Norfinch Dr, North York, ON M3N 1Y2",,6474786393,,,,,,,,,,,0,0,0,0,0,0,0,0,0,0,,,,,,"Auto Repair Garages",yellowpages-ca,,0,0
,"A & J Auto Svc","598 Danforth Ave, Toronto, ON M4K 1R1, Canada",,13433006704,,1,1,,,,,,,,0,0,0,0,0,0,0,0,0,0,,,,,,"Car repair and maintenance service",google,,0,0
,"AB Auto","175 Toryork Dr, North York, ON M9L 2Y7",,6474399446,,,,,,,,,,,0,0,0,0,0,0,0,0,0,0,,,,,,"Car Repair & Service",yellowpages-ca,,0,0
,"Canadian Car Care","6315 Shawson Dr, Mississauga, ON L5T 1J2",,9056700658,,,,,,,,,,,0,0,0,0,0,0,0,0,0,0,,,,,,"Auto Repair Garages",yellowpages-ca,,0,0
,"Kipling Auto Repair Inc","2044 Kipling Ave, Etobicoke, ON M9W 4J9",,6474662096,,4.4,37,,,,,,,,0,0,0,0,0,0,0,0,0,0,,,,,,"Car Repair & Service",yellowpages-ca,,0,0
,"Judge Motors","22 Hunting Ridge, Etobicoke, ON M9R 1B5",,4162313246,,,,,,,,,,,0,0,0,0,0,0,0,0,0,0,,,,,,"Auto Body Repair & Painting Shops,Auto Repair Garages",yellowpages-ca,,0,0
,"A1 Auto Repair","34 Kelfield St, Etobicoke, ON M9W 5A2, Canada",,14167407070,,4.6,129,,,,,,,,0,0,0,0,0,0,0,0,0,0,,,,,,"Auto repair shop",google,,0,0
,"Toronto Automotive Repair","125 Oakdale Rd, North York, ON M3N 1W2",,6473414679,,5,8,,,,,,,,0,0,0,0,0,0,0,0,0,0,,,,,,"Car Repair & Service",yellowpages-ca,,0,0
,"Toronto automotive repair","125 Oakdale Rd, North York, ON M3N 1W2, Canada",,14169891987,,5,10,,,,,,,,0,0,0,0,0,0,0,0,0,0,,,,,,Mechanic,google,,0,0
,"Star T Auto Repair","12 Old Weston Rd, Old Toronto, ON M6P 2A9, Canada",,14167064247,,5,2,,,,,,,,0,0,0,0,0,0,0,0,0,0,,,,,,"Auto repair shop",google,,0,0
,"Euro Jap Auto Centre","240 Birmingham St, Etobicoke, ON M8V 2C8",,4165032936,,,,,,,,,,,0,0,0,0,0,0,0,0,0,0,,,,,,"Auto Repair Garages",yellowpages-ca,,0,0
,"Robert Petrungaro","1455 Royal York Rd, Etobicoke, ON M9P 3B2",,6474842491,,,,,,,,,,,0,0,0,0,0,0,0,0,0,0,,,,,,"Car Repair & Service",yellowpages-ca,,0,0
,"Southside Auto Repair","3021 Lake Shore Blvd W, Etobicoke, ON M8V 1K2",,4162558885,,,,,,,,,,,0,0,0,0,0,0,0,0,0,0,,,,,,"Auto Repair Garages",yellowpages-ca,,0,0
,"Fenmar Auto Service","Unit #14, 2420 Finch Ave W, North York, ON M9M 2E2, Canada",,14167434050,,4.5,215,,,,,,,,0,0,0,0,0,0,0,0,0,0,,,,,,"Auto repair shop",google,,0,0
,"Shock Performance","160 Thirtieth St, Etobicoke, ON M8W 3C4",,4162019994,,,,,,,,,,,0,0,0,0,0,0,0,0,0,0,,,,,,"Car Repair & Service",yellowpages-ca,,0,0
,"A1a Auto Service","331 Jevlan Dr, Woodbridge, ON L4L 8C1",,9058506274,,,,,,,,,,,0,0,0,0,0,0,0,0,0,0,,,,,,"Auto Repair Garages",yellowpages-ca,,0,0
,"Vip Auto Center","19-2877 14Th Ave, Markham, ON L3R 5H8",,4166666711,,,,,,,,,,,0,0,0,0,0,0,0,0,0,0,,,,,,"Auto Repair Garages",yellowpages-ca,,0,0
,"TIP Automotive","180 Winges Rd, Vaughan, ON L4L 6C7",,9058566976,,,,,,,,,,,0,0,0,0,0,0,0,0,0,0,,,,,,"Auto Repair Garages",yellowpages-ca,,0,0
,"Ambvag Motorsports","100 Costa Rd, Concord, ON L4K 1N2",,6472774761,,,,,,,,,,,0,0,0,0,0,0,0,0,0,0,,,,,,"Auto Repair Garages",yellowpages-ca,,0,0
,"Roys Auto Body Shop","7 Racine Rd, Etobicoke, ON M9W 2Z2",,4167410720,,,,,,,,,,,0,0,0,0,0,0,0,0,0,0,,,,,,"Auto Repair Garages",yellowpages-ca,,0,0
,"Hilltop Automotive","20 Canso Rd, Etobicoke, ON M9W 4L8, Canada",,14162415294,,4.5,10,,,,,,,,0,0,0,0,0,0,0,0,0,0,,,,,,"Auto repair shop",google,,0,0
,"Albion 5 Bay Tire & Auto Centre Inc","1783 Albion Rd, Etobicoke, ON M9W 5S7",,4166751994,,4.5,35,,,,,,,,0,0,0,0,0,0,0,0,0,0,,,,,,"Car Repair & Service,Tire Retailers",yellowpages-ca,,0,0
,"Metro Auto","70 Lepage Crt, North York, ON M3J 1Z9",,4166306789,,,,,,,,,,,0,0,0,0,0,0,0,0,0,0,,,,,,"Auto Repair Garages",yellowpages-ca,,0,0
,"TNT AUTO","91 Kincort St, York, ON M6M 5G7, Canada",,14162435431,,4.9,10,,,,,,,,0,0,0,0,0,0,0,0,0,0,,,,,,"Auto repair shop",google,,0,0
,"Mescana Auto Links","4500 Jane St, North York, ON M3N 2K6",,6474283214,,,,,,,,,,,0,0,0,0,0,0,0,0,0,0,,,,,,"Car Repair & Service",yellowpages-ca,,0,0
,"Sanok Auto Service","27 Newcastle St, Etobicoke, ON M8Y 1A2",,4162592739,,,,,,,,,,,0,0,0,0,0,0,0,0,0,0,,,,,,"Auto Repair Garages",yellowpages-ca,,0,0
,"B &amp; D Automotive Repair","40 Brydon Dr, Etobicoke, ON M9W 4N2",,4167409252,,,,,,,,,,,0,0,0,0,0,0,0,0,0,0,,,,,,"Auto Repair Garages",yellowpages-ca,,0,0
,"R & R Auto Repairs","107 Langstaff Rd E, Thornhill, ON L3T 3M5",,9058896814,,,,,,,,,,,0,0,0,0,0,0,0,0,0,0,,,,,,"Auto Repair Garages",yellowpages-ca,,0,0
,"People's Choice Auto Service Ltd","18 Lockport Ave, Etobicoke, ON M8Z 2R7",,4162341429,,5,11,,,,,,,,0,0,0,0,0,0,0,0,0,0,,,,,,"Auto Repair Garages",yellowpages-ca,,0,0
,"Nubridge Auto Centre Inc","4282 Weston Rd, North York, ON M9L 1W9",,4167433496,,,,,,,,,,,0,0,0,0,0,0,0,0,0,0,,,,,,"Car Repair & Service",yellowpages-ca,,0,0
,"Ziggy's Auto Service","17 Tupper Ave, Etobicoke, ON M8Z 5H5",,4162556692,,,,,,,,,,,0,0,0,0,0,0,0,0,0,0,,,,,,"Auto Repair Garages",yellowpages-ca,,0,0
,"Pro Tune Auto Service","39 Hirons St, Toronto, ON M6N 1E4, Canada",,14167674386,,4.9,22,,,,,,,,0,0,0,0,0,0,0,0,0,0,,,,,,"Auto repair shop",google,,0,0
,"A & B Auto Repairs","29 Primrose Ave, Toronto, ON M6H 3V1, Canada",,16472151552,,4.3,9,,,,,,,,0,0,0,0,0,0,0,0,0,0,,,,,,"Auto body shop",google,,0,0
,"Black Diamond Auto Collision","6160 Netherhart Rd, Mississauga, ON L5T 2G6",,9055647147,,,,,,,,,,,0,0,0,0,0,0,0,0,0,0,,,,,,"Auto Body Repair & Painting Shops",yellowpages-ca,,0,0
,"Alexander's Automotive","35 Guardsman Rd, Thornhill, ON L3T 6L2",,4168937877,,,,,,,,,,,0,0,0,0,0,0,0,0,0,0,,,,,,"Auto Repair Garages",yellowpages-ca,,0,0
,"SG Auto Tech","1266 Martin Grove Rd, Etobicoke, ON M9W 4X3",,4167451751,,4.9,36,,,,,,,,0,0,0,0,0,0,0,0,0,0,,,,,,"Auto Repair Garages",yellowpages-ca,,0,0
,"Platinum Car &amp; Truck Repairs Ltd","299 Garyray Dr, North York, ON M9L 1P2",,4167420084,,,,,,,,,,,0,0,0,0,0,0,0,0,0,0,,,,,,"Car Repair & Service",yellowpages-ca,,0,0
,"Mr G's Auto Care Plus","190 Belfield Rd, Etobicoke, ON M9W 1H1",,4167441980,,,,,,,,,,,0,0,0,0,0,0,0,0,0,0,,,,,,"Auto Repair Garages",yellowpages-ca,,0,0
,"One Stop Auto Centre","555 North Rivermede Rd, Concord, ON L4K 4G8",,9057382333,,,,,,,,,,,0,0,0,0,0,0,0,0,0,0,,,,,,"Auto Repair Garages",yellowpages-ca,,0,0
,"Urban Garage","33 Demarco Blvd, North York, ON M6L 2W3",,4162449074,,,,,,,,,,,0,0,0,0,0,0,0,0,0,0,,,,,,"Car Repair & Service",yellowpages-ca,,0,0
,"Reliable Truck Repairs","117 Vulcan St, Etobicoke, ON M9W 1L4",,4162482326,,1,5,,,,,,,,0,0,0,0,0,0,0,0,0,0,,,,,,"Car Repair & Service",yellowpages-ca,,0,0
,"ACTIVE AUTO REPAIRS & SALES","517 Eastern Ave, Toronto, ON M4M 1C6, Canada",,14164615505,,4.828,282,,,,,,,,0,0,0,0,0,0,0,0,0,0,,,,,,"Auto repair shop in Toronto, Ontario",google-places,,0,0
,"Cinelli Service Centre","150 Oakdale Rd, North York, ON M3N 1V9",,4167436554,,,,,,,,,,,0,0,0,0,0,0,0,0,0,0,,,,,,"Auto Repair Garages",yellowpages-ca,,0,0
,"Gerrard Auto Repair Centre","624 Gerrard St E, Toronto, ON M4M 1Y3, Canada",,14168508686,,3.823,234,,,,,,,,0,0,0,0,0,0,0,0,0,0,,,,,,"Auto repair shop in Toronto, Ontario",google-places,,0,0
,"Spee and Dee","St Clair Ave E, Scarborough, ON M1E 2Z6",,4164291396,,,,,,,,,,,0,0,0,0,0,0,0,0,0,0,,,,,,"Auto Repair Garages",yellowpages-ca,,0,0
,"Ninus Auto Service","4801 Keele St, North York, ON M3J 3A4",,4166630792,,,,,,,,,,,0,0,0,0,0,0,0,0,0,0,,,,,,"Car Repair & Service",yellowpages-ca,,0,0
,"Kwality Auto Body & Mechanics","40 Airview Rd, Etobicoke, ON M9W 4P2",,4167449410,,4.5,6,,,,,,,,0,0,0,0,0,0,0,0,0,0,,,,,,"Car Repair & Service",yellowpages-ca,,0,0
,"Kalgi Auto Services Ltd","1778 Albion Rd, Etobicoke, ON M9V 1C1",,4167496215,,,,,,,,,,,0,0,0,0,0,0,0,0,0,0,,,,,,"Car Repair & Service",yellowpages-ca,,0,0
,"Andrew Owen","1290 Finch Ave W, North York, ON M3J 3K3",,4166634545,,,,,,,,,,,0,0,0,0,0,0,0,0,0,0,,,,,,"Car Repair & Service",yellowpages-ca,,0,0
,"Morita Jim Auto Service","216 Ryding Ave, Toronto, ON M6N 1H5",,4163459000,,,,,,,,,,,0,0,0,0,0,0,0,0,0,0,,,,,,"Auto Repair Garages",yellowpages-ca,,0,0
,"E&L Auto Repairs","30 Freshway Dr, Concord, ON L4K 1S4",,6477468086,,,,,,,,,,,0,0,0,0,0,0,0,0,0,0,,,,,,"Car Repair & Service",yellowpages-ca,,0,0
,"Dixon Tire &amp; Auto Repair","33 Brydon Dr, Etobicoke, ON M9W 4N3",,4166141200,,4.7,99,,,,,,,,1,0,0,0,0,0,0,1,1,0,,,,,,"Car Repair & Service",yellowpages-ca,,0,0
,"Geyer Michael Garage","39 Magnificent Rd, Etobicoke, ON M8Z 4T4",,4162552682,,,,,,,,,,,0,0,0,0,0,0,0,0,0,0,,,,,,"Auto Repair Garages",yellowpages-ca,,0,0
,"Castaldi Emilio","8281 Yonge St, Thornhill, ON L3T 2C7",,9058865293,,,,,,,,,,,0,0,0,0,0,0,0,0,0,0,,,,,,"Auto Repair Garages",yellowpages-ca,,0,0
,"Platinum Auto Service","1520 Lodestar Rd, North York, ON M3J 3C1, Canada",,14166634700,,4.2,22,,,,,,,,0,0,0,0,0,0,0,0,0,0,,,,,,"Auto repair shop",google,,0,0
,"Catel Auto Ltd","183 Weston Rd, Toronto, ON M6N 3P1",,6474350032,info@autofixbuddy.com,5,13,,,,,340,,337,1,1,0,0,0,0,0,1,1,0,https://www.facebook.com/Auto-Fix-Buddy-119296886133077/?modal=admin_todo_tour,https://twitter.com/buddy_auto,,,https://www.instagram.com/autofixbuddy/,"Auto Repair Garages,New Car Dealers",yellowpages-ca,,0,0
,"Vortech Automotive","111 Ontario St, Toronto, ON M5A 2V2, Canada",,14163643718,,4.6,84,,,,,,,,0,0,0,0,0,0,0,0,0,0,,,,,,"Auto repair shop",google,,0,0
,"First Rate Autobody Center","58 Penn Dr, North York, ON M9L 2A9",,4167494235,,5,5,,,,,,,,0,0,0,0,0,0,0,0,0,0,,,,,,"Auto Repair Garages,Car Repair & Service",yellowpages-ca,,0,0
,"California Classics Auto Repairs and Auto Part s Depot","1-160 Norfinch Dr, Toronto, ON M3N 1X6",,4162306491,,,,,,,,,,,0,0,0,0,0,0,0,0,0,0,,,,,,"Auto Repair Garages",yellowpages-ca,,0,0
,Arc,"9-17 Ruggles Ave, Thornhill, ON L3T 3S4",,9057637109,,,,,,,,,,,0,0,0,0,0,0,0,0,0,0,,,,,,"Car Repair & Service",yellowpages-ca,,0,0
,"Tanchak Auto Service","727 Kipling Ave, Etobicoke, ON M8Z 5G4",,4162552167,,,,,,,,,,,0,0,0,0,0,0,0,0,0,0,,,,,,"Auto Repair Garages",yellowpages-ca,,0,0
,"R & S Auto Service and Repair","1253 A Kennedy Rd Toronto, ON M1P 2L4 Canada",,4167572275,,,,,,,,,,,0,0,0,0,0,0,0,0,0,0,,,,,,"Autowerkstatt,Autoreifen,Ölwechselstationen",yelp,,0,0
,"Passion Truck Trailer Repair","5915 Atlantic Dr, Mississauga, ON L4W 1S4",,6478656262,,,,,,,,,,,0,0,0,0,0,0,0,0,0,0,,,,,,"Auto Repair Garages,Truck Repair & Service",yellowpages-ca,,0,0
,"Nardi Motors","300 Nantucket Blvd, Scarborough, ON M1P 2P4",,4167010999,,,,,,,,,,,0,0,0,0,0,0,0,0,0,0,,,,,,"Auto Repair Garages",yellowpages-ca,,0,0
,"Deer Park Auto Service","40 Coulson Ave, Toronto, ON M4V 1Y5, Canada",,14164801994,,4.7,126,,,,,,,,0,0,0,0,0,0,0,0,0,0,,,,,,"Auto repair shop",google,,0,0
,"Centennial Auto Garage","102 Geary Ave, Toronto, ON M6H 2B6, Canada",,14165359242,,4.9,117,,,,,,,,0,0,0,0,0,0,0,0,0,0,,,,,,"Auto repair shop",google,,0,0
,"Dynamic Auto Service","22-8540 Keele St, Concord, ON L4K 2N2",,9056601948,,,,,,,,,,,0,0,0,0,0,0,0,0,0,0,,,,,,"Auto Repair Garages",yellowpages-ca,,0,0
,"Bluestreak Auto Services","45 Casmir Crt, Concord, ON L4K 4H5",,9053267560,,,,,,,,,,,0,0,0,0,0,0,0,0,0,0,,,,,,"Auto Repair Garages,Car Repair & Service",yellowpages-ca,,0,0
,"Dominelli Service Station Ltd","45 Fima Cres, Etobicoke, ON M8W 3R1",,4165042673,,,,,,,,,,,0,0,0,0,0,0,0,0,0,0,,,,,,"Auto Repair Garages",yellowpages-ca,,0,0
,"Carlito Auto Repair","2570 Haines Road Unit 15 Mississauga, ON L4Y 4A3 Canada",,6472736144,,4.9,129,4,4,,,,,,1,0,0,0,0,0,0,0,1,0,,,,,,"Auto Repair",yelp,,1,0
,"C & E Auto Repair","119 Shorncliffe Rd, Etobicoke, ON M8Z 5K7",,4162369351,,,,,,,,,,,0,0,0,0,0,0,0,0,0,0,,,,,,"Car Repair & Service",yellowpages-ca,,0,0
,"Chris & Shane’s Cars","1335 Lawrence Ave E North York, ON M3A 1C6 Canada",,4163851277,,,,4.7,10,,,,,,0,0,0,0,0,0,0,0,0,0,,,,,,"Auto Repair",yelp,,0,0
,"Victor's Auto Service","4801 Keele St, North York, ON M3J 3A4",,4166651335,,,,,,,,,,,0,0,0,0,0,0,0,0,0,0,,,,,,"Auto Repair Garages",yellowpages-ca,,0,0
,"Don & Bass","80 Toro Rd, North York, ON M3J 2A8",,4168376676,,,,,,,,,,,0,0,0,0,0,0,0,0,0,0,,,,,,"Auto Repair Garages",yellowpages-ca,,0,0
,"Andes Auto Connection","25 Lockport Ave, Etobicoke, ON M8Z 2R6",,4162335161,,,,,,,,,,,0,0,0,0,0,0,0,0,0,0,,,,,,"Car Repair & Service",yellowpages-ca,,1,0
,"Cn Auto Collision","53-1770 Albion Rd, Etobicoke, ON M9V 1C2",,6474673490,,,,,,,,,,,0,0,0,0,0,0,0,0,0,0,,,,,,"Auto Repair Garages",yellowpages-ca,,0,0
,"Hickman shop","170 Cumberland St, Toronto, ON M5R 0B6, Canada",,,,,,,,,,,,,0,0,0,0,0,0,0,0,0,0,,,,,,"Auto repair shop",google,,0,0
,"Mobile Mechanic Scarborough - Car & Truck Repair","24 Melham Crt, Scarborough, ON M1B 2T8",,6472497366,,,,,,,,,,,0,0,0,0,0,0,0,0,0,0,,,,,,"Car Repair & Service",yellowpages-ca,,0,0
,"L A Auto Repairs","22 Harlech Crt, Thornhill, ON L3T 6L5",,9057318004,,,,,,,,,,,0,0,0,0,0,0,0,0,0,0,,,,,,"Auto Repair Garages",yellowpages-ca,,0,0
,"Empire Auto Repair","50 Fernstaff Crt, Concord, ON L4K 3L6",,9057600100,,,,,,,,,,,0,0,0,0,0,0,0,0,0,0,,,,,,"Car Repair & Service",yellowpages-ca,,0,0
,"HumberView Volkswagen","1650 The Queenway, Etobicoke, ON M8Z 1X1",,4162016625,,,,,,,,,,,0,0,0,0,0,0,0,0,0,0,,,,,,"Auto Repair Garages",yellowpages-ca,,0,0
,"Liberty Auto","4801 Keele St, North York, ON M3J 3A4",,4166631595,,,,,,,,,,,0,0,0,0,0,0,0,0,0,0,,,,,,"Auto Repair Garages",yellowpages-ca,,0,0
,"Final Touch Mechanical Electrical & Bodyworks","32 Brydon Dr, Etobicoke, ON M9W 4N3",,4165668856,,,,,,,,,,,0,0,0,0,0,0,0,0,0,0,,,,,,"Auto Repair Garages",yellowpages-ca,,0,0
,"Auto Reanimation Corp","33 Guardsman Rd, Thornhill, ON L3T 6L2",,9058896119,,,,,,,,,,,0,0,0,0,0,0,0,0,0,0,,,,,,"Car Repair & Service",yellowpages-ca,,0,0
,"Manila Auto Repair Inc","2901 Steeles Ave W, North York, ON M3J 3A5",,4162446343,,,,,,,,,,,0,0,0,0,0,0,0,0,0,0,,,,,,"Auto Repair Garages,Car Repair & Service",yellowpages-ca,,0,0
,"City Auto Service","25-3300 Steeles Ave W, Concord, ON L4K 2Y4",,9057387836,,,,,,,,,,,0,0,0,0,0,0,0,0,0,0,,,,,,"Auto Repair Garages",yellowpages-ca,,0,0
,"Excel Auto Repairs","153 Norfinch Dr, North York, ON M3N 1Y2",,4167397333,,,,,,,,,,,0,0,0,0,0,0,0,0,0,0,,,,,,"Auto Repair Garages",yellowpages-ca,,0,0
,"1-Stop Auto Repair","58 Ardwick Blvd, North York, ON M9M 1W1",,4169929228,,,,,,,,,,,0,0,0,0,0,0,0,0,0,0,,,,,,"Auto Repair Garages",yellowpages-ca,,0,0
,"Telco Auto Repair","7 Elrose Ave, North York, ON M9M 2H5",,4167464527,,4.2,19,,,,,,,,0,0,0,0,0,0,0,0,0,0,,,,,,"Auto Repair Garages,Car Repair & Service",yellowpages-ca,,0,0
,"Rolix Auto Centre","101 Freshway Dr, Concord, ON L4K 1R9",,6476885111,,,,,,,,,,,0,0,0,0,0,0,0,0,0,0,,,,,,"Auto Repair Garages",yellowpages-ca,,0,0
,"Auto Persian","220 Dundas St W, Mississauga, ON L5B 1J2",,4169186572,,,,,,,,,,,0,0,0,0,0,0,0,0,0,0,,,,,,"Auto Repair Garages",yellowpages-ca,,0,0
,"Tony’s Mobile Auto Service","1840 Victoria Park Avenue Suite 817 Toronto, ON M1R 1S9 Canada",,6472677322,,,,,,,,,,,0,0,0,0,0,0,0,0,0,0,,,,,,"Auto Repair",yelp,,0,0
,"The Mechanic","1968 Gerrard St E, Toronto, ON M4E 2B1, Canada",,14166916000,,3.1,35,,,,,,,,0,0,0,0,0,0,0,0,0,0,,,,,,"Auto repair shop",google,,0,0
,"Jeet Auto Zone Inc","934 Dixon Rd, Etobicoke, ON M9W 1J9",,6479266544,,,,,,,,,,,0,0,0,0,0,0,0,0,0,0,,,,,,"Auto Repair Garages",yellowpages-ca,,0,0
,"Richard Autobody","220 Toryork Dr, North York, ON M9L 1Y1",,4167858034,,,,,,,,,,,0,0,0,0,0,0,0,0,0,0,,,,,,"Auto Body Repair & Painting Shops",yellowpages-ca,,0,0
,"Greenwood Auto Centre","331 Sammon Ave, East York, ON M4J 2A4, Canada",,14164615376,,4.8,570,,,,,,,,1,0,0,0,0,0,0,1,1,0,,,https://www.linkedin.com/company/dnyc-tss,,,"Auto repair shop",google,,0,0
,"Supercar Speed","101 Freshway Dr, Concord, ON L4K 1R9",,4169980018,,,,,,,,,,,0,0,0,0,0,0,0,0,0,0,,,,,,"Auto Repair Garages",yellowpages-ca,,0,0
,"Vaughn Auto Centre Inc","110 Adesso Dr, Concord, ON L4K 3C5",,9056600096,,,,,,,,,,,0,0,0,0,0,0,0,0,0,0,,,,,,"Auto Repair Garages,Car Repair & Service",yellowpages-ca,,0,0
,"Good Time Auto Service","207 Toryork Dr, North York, ON M9L 1Y2",,4164145836,,,,,,,,,,,0,0,0,0,0,0,0,0,0,0,,,,,,"Car Repair & Service",yellowpages-ca,,0,0
,"Rayad Kamal","51 Guided Crt, Etobicoke, ON M9V 5G2",,4167408261,,,,,,,,,,,0,0,0,0,0,0,0,0,0,0,,,,,,"Car Repair & Service",yellowpages-ca,,0,0
,"Dandd Vietnam Auto Services","153 Milvan Dr, North York, ON M9L 1Z8",,4167461391,,,,,,,,,,,0,0,0,0,0,0,0,0,0,0,,,,,,"Car Repair & Service",yellowpages-ca,,0,0
,"Rht Auto Repair Car Sales Inc","106 Select Ave, 2 & 5, Scarborough, ON M1V 4A7",,6477703363,,,,,,,,,,,0,0,0,0,0,0,0,0,0,0,,,,,,"Car Repair & Service",yellowpages-ca,,0,0
,"Qazi Motors","112-1000 Dundas St, Mississauga, ON L4Y 2B9",,6474096260,,,,,,,,,,,0,0,0,0,0,0,0,0,0,0,,,,,,"Auto Repair Garages",yellowpages-ca,,0,0
,"Thorn Green Automotive Ltd","47 Guardsman Rd, Thornhill, ON L3T 6L2",,9058818723,,,,,,,,,,,0,0,0,0,0,0,0,0,0,0,,,,,,"Auto Repair Garages",yellowpages-ca,,0,0
,"Canadian auto repair services inc","20 Acton Ave, North York, ON M3H 4G7, Canada",,14376881791,,4.6,22,,,,,,,,0,0,0,0,0,0,0,0,0,0,,,,,,"Auto repair shop",google,,0,0
,"Mississauga Automotive","1765 Shawson Dr, Mississauga, ON L4W 1N8",,9057951075,,,,,,,,,,,0,0,0,0,0,0,0,0,0,0,,,,,,"Car Repair & Service",yellowpages-ca,,0,0
,"Tom's Auto Repair& Replacement Toronto","76 York St, Toronto, ON M5H 3T9, Canada",,2077695155,,,,,,,,,,,0,0,0,0,0,0,0,0,0,0,,,,,,"Car repair and maintenance service",google,,0,0
,"Cheapo Oil And Tire","299 Rogers Rd, York, ON M6E 1R4",,4166516722,,3.7,75,,,,,,,,0,0,0,0,0,0,0,0,0,0,,,,,,"Auto Repair Garages,Oil Changes & Lubrication Service",yellowpages-ca,,0,0
,"R &amp; D Auto Services","66 Milvan Dr, North York, ON M9L 1Z5",,4167429885,,,,,,,,,,,0,0,0,0,0,0,0,0,0,0,,,,,,"Auto Repair Garages,Car Repair & Service",yellowpages-ca,,0,0
,"Mount Pleasant Auto Service","963 Mt Pleasant Rd, Toronto, ON M4P 2L8, Canada",,14164831332,,4.2,167,,,,,,,,0,0,0,0,0,0,0,0,0,0,,,,,,"Car repair and maintenance service",google,,0,0
,"Mann Auto Centre","37 Brydon Dr, Etobicoke, ON M9W 4N3",,4167406266,,4.6,17,,,,,,,,0,0,0,0,0,0,0,1,0,0,,,,,,"Car Repair & Service",yellowpages-ca,,0,0
,"Asian Auto Electric","1770 Albion Rd, Etobicoke, ON M9V 1C2",,4167413339,,,,,,,,,,,0,0,0,0,0,0,0,0,0,0,,,,,,"Auto Repair Garages,Car Repair & Service",yellowpages-ca,,0,0
,"MS Auto Repair & Parts","55 Bridesburg Dr #403, Etobicoke, ON M9R 2K7, Canada",,14163584752,,5,2,,,,,,,,0,0,0,0,0,0,0,0,0,0,,,,,,"Auto repair shop",google,,0,0
,"Auto Tec","70 Lepage Crt, North York, ON M3J 1Z9",,4168508237,,,,,,,,,,,0,0,0,0,0,0,0,0,0,0,,,,,,"Car Repair & Service",yellowpages-ca,,0,0
,"Active Collision Centre","24 Harlech Crt, Thornhill, ON L3T 6L5",,9058895729,,,,,,,,,,,0,0,0,0,0,0,0,0,0,0,,,,,,"Auto Body Repair & Painting Shops",yellowpages-ca,,0,0
,"Professional Powder Coating","8 Tidemore Ave, Etobicoke, ON M9W 5H4",,4167477771,,4.5,46,,,,,,,,0,0,0,0,0,0,0,0,1,0,,,,,,"Auto Repair Garages,Protective Coatings",yellowpages-ca,,1,0
,"Bbn2000 Automotive","58-1200 Aerowood Dr, Mississauga, ON L4W 2S7",,2892980585,,,,,,,,,,,0,0,0,0,0,0,0,0,0,0,,,,,,"Auto Repair Garages",yellowpages-ca,,0,0
,"Itech Auto Service","9 Millwick Dr, North York, ON M9L 1Y4",,6474287600,,4.7,49,,,,,,,,0,0,0,0,0,0,0,0,0,0,,,,,,"Car Washes,Auto Repair Garages",yellowpages-ca,,0,0
,"Best Auto Mechanic Best Auto Mechanic","1160 Crestlawn Dr, Mississauga, ON L4W 2Z8",,9056252004,,,,,,,,,,,0,0,0,0,0,0,0,0,0,0,,,,,,"Car Repair & Service",yellowpages-ca,,0,0
,"sun auto service","1900 St Clair Ave W, Toronto, ON M6N 1M6, Canada",,14166570922,,4.6,56,,,,,,,,0,0,0,0,0,0,0,0,0,0,,,,,,"Auto repair shop",google,,0,0
,"Cloverdale Automotive","43 Six Point Rd, Etobicoke, ON M8Z 2X3",,4162516130,,,,,,,,,,,0,0,0,0,0,0,0,0,0,0,,,,,,"Car Repair & Service",yellowpages-ca,,0,0
,"King's Diagnostics & Auto Repair","8-4690 Kingston Rd, Scarborough, ON M1E 2P9",,6475298983,,,,,,,,,,,0,0,0,0,0,0,0,0,0,0,,,,,,"Auto Repair Garages",yellowpages-ca,,0,0
,"A Auto Max","80 Shorncliffe Rd, Etobicoke, ON M8Z 5K5",,4168508643,,,,,,,,,,,0,0,0,0,0,0,0,0,0,0,,,,,,"Auto Repair Garages,Used Car Dealers",yellowpages-ca,,0,0
,"Finish Line Motors Inc","140 Doughton Rd, Concord, ON L4K 1R3",,4166614100,,,,,,,,,,,0,0,0,0,0,0,0,0,0,0,,,,,,"Auto Repair Garages",yellowpages-ca,,0,0
,"Complete Automotive Repair Experts","55 Taber Rd, Etobicoke, ON M9W 3A7",,4167482273,,,,,,,,,,,0,0,0,0,0,0,0,0,0,0,,,,,,"Auto Repair Garages",yellowpages-ca,,0,0
,"York Auto Repair / Zeb Automotive Centre","1820 Keele St Suite 2, York, ON M6M 3X1, Canada",,14166570841,,4.4,70,,,,,,,,0,0,0,0,0,0,0,0,0,0,,,,,,"Auto repair shop",google,,0,0
,"Hairpin Autospa Inc.","555 North Rivermede Rd, Concord, ON L4K 4G8",,9055329827,,,,,,,,,,,0,0,0,0,0,0,0,0,0,0,,,,,,"Auto Repair Garages",yellowpages-ca,,0,0
,"Addison On Dundas Limited","1220 Eglinton Ave E, Mississauga, ON L4W 2M7",,9056251420,,,,,,,,,,,0,0,0,0,0,0,0,0,0,0,,,,,,"Auto Repair Garages",yellowpages-ca,,0,0
,"Up Top Honda Auto Mobile service","Toronto, ON M5G 1S4, Toronto, ON M5G 1S4, Canada",,6475196967,,,,5,2,,,,,,0,0,0,0,0,0,0,0,0,0,,,,,,"Autowerkstatt,Ölwechselstationen,Getriebereparatur",yelp,,0,0
,"Autobahn Service Centre Inc","3044 Universal Dr, Mississauga, ON L4X 2C8",,9052389528,,,,,,,,,,,0,0,0,0,0,0,0,0,0,0,,,,,,"Car Repair & Service",yellowpages-ca,,0,0
,"Fakhri, Iryna","73-4801 Keele St, North York, ON M3J 3A4",,4167324575,,,,,,,,,,,0,0,0,0,0,0,0,0,0,0,,,,,,"Auto Repair Garages",yellowpages-ca,,0,0
,"Carl's Truck &amp; Trailer Repairs Ltd","314 Evans Ave, Etobicoke, ON M8Z 1K4",,4165032902,,,,,,,,,,,0,0,0,0,0,0,0,0,0,0,,,,,,"Auto Repair Garages,Truck Repair & Service",yellowpages-ca,,0,0
,"Faraz Auto Sales Ltd","159 Milvan Dr, North York, ON M9L 1Z8",,4167497103,,,,,,,,,,,0,0,0,0,0,0,0,0,0,0,,,,,,"Auto Repair Garages",yellowpages-ca,,0,0
,"Mellohawk Associctes","2785 Skymark Ave, Mississauga, ON L4W 4Y3",,9052148024,,,,,,,,,,,0,0,0,0,0,0,0,0,0,0,,,,,,"Car Repair & Service",yellowpages-ca,,0,0
,"Zalzabik Company Ltd","22-29 Passmore Ave, Scarborough, ON M1V 4V2",,6472902980,,,,,,,,,,,0,0,0,0,0,0,0,0,0,0,,,,,,"Auto Repair Garages",yellowpages-ca,,0,0
,"Fenmar Auto Services","14-2420 Finch Ave W, North York, ON M9M 2E2",,4167468431,,,,,,,,,,,0,0,0,0,0,0,0,0,0,0,,,,,,"Auto Repair Garages",yellowpages-ca,,0,0
,"Sukhi Auto Repairs","318 Greenwood Ave, Toronto, ON M4L 2R8, Canada",,14164656500,,4.2,145,,,,,,,,0,0,0,0,0,0,0,0,0,0,,,,,,"Auto repair shop",google,,0,0
,"Dynamic Auto Collison Inc","175 Toryork Dr, North York, ON M9L 2Y7",,4167467059,,5,3,,,,,,,,0,0,0,0,0,0,0,1,0,0,,,,,,"Auto Body Repair & Painting Shops",yellowpages-ca,,0,0
,"Rexdale Kipling Auto Service","27-1753 Albion Rd, Etobicoke, ON M9V 1C3",,6477072332,,,,,,,,,,,0,0,0,0,0,0,0,0,0,0,,,,,,"Auto Repair Garages",yellowpages-ca,,0,0
,"East Auto","50 Eugene St, North York, ON M6B 3Z4, Canada",,14167859999,,4.4,48,,,,,,,,0,0,0,0,0,0,0,0,0,0,,,,,,"Auto repair shop",google,,0,0
,"East Wing Auto","45 Casmir Crt, Concord, ON L4K 4H5",,9056606396,,,,,,,,,,,0,0,0,0,0,0,0,0,0,0,,,,,,"Auto Repair Garages",yellowpages-ca,,0,0
,"Skyway Autocar","5869 Airport Rd, Mississauga, ON L4V 1C9",,9056782600,,,,,,,,,,,0,0,0,0,0,0,0,0,0,0,,,,,,"Car Repair & Service",yellowpages-ca,,0,0
,"Mr Engine","24-8600 Keele St, Concord, ON L4K 4H8",,9054828297,,,,,,,,,,,0,0,0,0,0,0,0,0,0,0,,,,,,"Car Repair & Service",yellowpages-ca,,0,0
,"Auto Fix Repair Services","1001 Weston Rd, York, ON M6N 3R9, Canada",,16477482920,,4.7,123,,,,,,,,0,0,0,0,0,0,0,0,0,0,,,,,,"Auto repair shop",google,,0,0
,"Ppa Auto Centre Inc","3-57 Sante Dr, Concord, ON L4K 3C4",,9057610656,,,,,,,,,,,0,0,0,0,0,0,0,0,0,0,,,,,,"Car Repair & Service",yellowpages-ca,,0,0
,"Autostrada 2000 Service Centre","10 Strada Dr, Vaughan, ON L4L 5W2",,9058563814,,,,,,,,,,,0,0,0,0,0,0,0,0,0,0,,,,,,"Car Repair & Service",yellowpages-ca,,0,0
,"Harbord Auto Center","596 Ossington Avenue Toronto, ON M6G 3T5",,4165377394,,,,4.6,14,,,,,,0,0,0,0,0,0,0,0,0,0,,,,,,"Auto Repair",yelp,,0,0
,"Magnificent Auto Center","67 Fifteenth St, Etobicoke, ON M8V 3J5",,6478954434,,3.7,3,,,,,,,,0,0,0,0,0,0,0,0,0,0,,,,,,"Car Repair & Service",yellowpages-ca,,0,0
,"Auto King Collision","91 Advance Rd, Etobicoke, ON M8Z 2S6",,4162335134,,,,,,,,,,,0,0,0,0,0,0,0,0,0,0,,,,,,"Car Repair & Service",yellowpages-ca,,0,0
,"Edmar's Auto Service","260 Vaughan Rd, York, ON M6C 2N1, Canada",,14166589100,,4.8,216,,,,,,,,1,1,0,0,0,0,0,1,1,1,,,,,,"Auto repair shop",google,,0,0
,"Goldfinger's Auto Collision","133 Maplecrete Rd, Vaughan, ON L4K 1B1",,9056606438,,,,,,,,,,,0,0,0,0,0,0,0,0,0,0,,,,,,"Auto Body Repair & Painting Shops",yellowpages-ca,,0,0
,"Veer Preet Petroleum & Auto Care","305 Rexdale Blvd, Etobicoke, ON M9W 1R8",,4166799565,,,,,,,,,,,0,0,0,0,0,0,0,0,0,0,,,,,,"Auto Repair Garages",yellowpages-ca,,0,0
,"Bear Auto Body","366 Munster Ave, Etobicoke, ON M8Z 3C7",,4162331561,,,,,,,,,,,0,0,0,0,0,0,0,0,0,0,,,,,,"Auto Repair Garages",yellowpages-ca,,0,0
,"Technic Motors","163 Langstaff Rd E, Markham, ON L3T 3M7",,9055977783,,,,,,,,,,,0,0,0,0,0,0,0,0,0,0,,,,,,"Auto Repair Garages,Lighting Stores",yellowpages-ca,,0,0
,"Rocket Auto Svc","44 Algie Ave, Etobicoke, ON M8Z 5J8, Canada",,14165039211,,4.7,79,,,,,,,,0,0,0,0,0,0,0,0,0,0,,,,,,"Auto repair shop",google,,0,0
,"Fezco Automotive","143 Eddystone Ave, North York, ON M3N 1H5",,6474785318,,,,,,,,,,,0,0,0,0,0,0,0,0,0,0,,,,,,"Auto Repair Garages",yellowpages-ca,,0,0
,"CJ Auto","43 Eddystone Ave, North York, ON M3N 1H5",,4167408558,,4.3,18,,,,,,,,0,0,0,0,0,0,0,0,0,0,,,,,,"Auto Repair Garages",yellowpages-ca,,0,0
,"Prestige Auto Centre","3 Rossdean Dr, Toronto, ON M9L 1S6",,4164018883,,,,,,,,,,,0,0,0,0,0,0,0,0,0,0,,,,,,"Auto Repair Garages,Car Repair & Service",yellowpages-ca,,0,0
,"Peter's Services","2515 Lake Shore Blvd W, Etobicoke, ON M8V 1E2",,6476387923,,,,,,,,,,,0,0,0,0,0,0,0,0,0,0,,,,,,"Auto Repair Garages",yellowpages-ca,,0,0
,"Jaguar Metro West Service And Parts Center","5448 Dundas St W, Etobicoke, ON M9B 1B4",,18888107831,,,,,,,,,,,0,0,0,0,0,0,0,0,0,0,,,,,,"Auto Repair Garages",yellowpages-ca,,0,0
,"Sulo's Garage","18 Lockport Ave, Etobicoke, ON M8Z 2R7",,6477455967,,,,,,,,,,,0,0,0,0,0,0,0,0,0,0,,,,,,"Car Repair & Service",yellowpages-ca,,0,0
,"High Revolution Auto & Performance","5-18 Lockport Ave, Etobicoke, ON M8Z 2R7",,4162364343,,,,,,,,,,,0,0,0,0,0,0,0,0,0,0,,,,,,"Car Repair & Service",yellowpages-ca,,0,0
,"Superior Tire","50 Ritin Lane, Concord, ON L4K 4C9",,9057609292,,,,,,,,,,,0,0,0,0,0,0,0,0,0,0,,,,,,"Auto Repair Garages,Tire Retailers",yellowpages-ca,,0,0
,"Rocket Auto Service","44 Algie Ave, Etobicoke, ON M8Z 5J8",,4165039211,,4.6,55,,,,,,,,0,0,0,0,0,0,0,0,0,0,,,,,,"Car Repair & Service",yellowpages-ca,,0,0
,"T aH Automotive Ltd","21 Advance Rd, Etobicoke, ON M8Z 2S6",,4162319195,,4.7,180,,,,,,,,0,1,0,0,0,0,0,1,1,0,,,,,,"Auto Repair Garages",yellowpages-ca,,0,0
,"Stonewall Security Services Inc.","4-3135 Universal Dr, Mississauga, ON L4X 2E6",,2894005880,,,,,,,,,,,0,0,0,0,0,0,0,0,0,0,,,,,,"Patrol & Security Guard Service",yellowpages-ca,,0,0
,"Galaxy Auto Electric","76 Wade Ave, Toronto, ON M6H 1P6, Canada",,14165886233,,4.9,152,,,,,,,,0,0,0,0,0,0,0,0,0,0,,,,,,"Auto electrical service",google,,0,0
,"Happy Auto Service","8600 Keele St, Concord, ON L4K 4H8",,2895977500,,,,,,,,,,,0,0,0,0,0,0,0,0,0,0,,,,,,"Auto Repair Garages,Car Repair & Service",yellowpages-ca,,0,0
,"Legacy Exotic Repairs","4-171 Maplecrete Rd, Concord, ON L4K 2B4",,6477127421,,,,,,,,,,,0,0,0,0,0,0,0,0,0,0,,,,,,"Auto Repair Garages",yellowpages-ca,,0,0
,"Standard Auto Repair 1994","369 Olivewood Rd, Etobicoke, ON M8Z 2Z8",,4162348304,,4.6,119,,,,,,,,1,1,0,0,0,0,0,1,1,0,,,,,,"Auto Repair Garages",yellowpages-ca,,0,0
,"7 Star Auto Care Inc","1312 Britannia Rd E, Mississauga, ON L4W 1C8",,9056968786,,,,,,,,,,,0,0,0,0,0,0,0,0,0,0,,,,,,"Auto Repair Garages",yellowpages-ca,,0,0
,"J And B Auto Repair Centre","110 Millwick Dr, North York, ON M9L 1Y3",,6477488484,,,,,,,,,,,0,0,0,0,0,0,0,0,0,0,,,,,,"Auto Repair Garages,Car Repair & Service",yellowpages-ca,,0,0
,"Memo's Auto Ltd","3 Six Point Rd, Etobicoke, ON M8Z 2W7",,4168344672,,,,,,,,,,,0,0,0,0,0,0,0,0,0,0,,,,,,"Auto Repair Garages",yellowpages-ca,,0,0
,"Jc Auto Service","120 Whitmore Rd, Vaughan, ON L4L 6A3",,9058560198,,,,,,,,,,,0,0,0,0,0,0,0,0,0,0,,,,,,"Car Repair & Service",yellowpages-ca,,0,0
,"Roger’s Auto Center","1861 O'Connor Dr, North York, ON M4A 1X1, Canada",,14167518456,,4.7,146,,,,,,,,0,0,0,0,0,0,0,0,0,0,,,,,,"Auto repair shop",google,,0,0
,"Linwood Auto Body Shop","93 Glen Cameron Road, Thornhill, ON L3T 1N8",,4169177755,,4.3,44,5,1,,,,,,1,0,0,0,0,0,0,0,1,0,,,,,,"Auto Repair,Body Shops",yelp,,0,0
,"Choice Auto Service","47 Guardsman Rd, Thornhill, ON L3T 6L2",,9054829382,,,,,,,,,,,0,0,0,0,0,0,0,0,0,0,,,,,,"Car Repair & Service",yellowpages-ca,,0,0
,"Accardo Auto Service","180 Winges, Woodbridge, ON L4L 6C5",,9058560825,,,,,,,,,,,0,0,0,0,0,0,0,0,0,0,,,,,,"Auto Repair Garages",yellowpages-ca,,0,0
,"Montano Auto Repair Shop","1104 Fewster Dr, Mississauga, ON L4W 2V7",,9056141976,,,,,,,,,,,0,0,0,0,0,0,0,0,0,0,,,,,,"Auto Repair Garages",yellowpages-ca,,0,0
,"Syburg Auto Den","2976 Islington Ave, North York, ON M9L 2K6",,6477049138,,,,,,,,,,,0,0,0,0,0,0,0,0,0,0,,,,,,"Auto Repair Garages",yellowpages-ca,,0,0
,"Ok Reagan","96 State Crown Blvd, Scarborough, ON M1V 0A2",,6477393987,,,,,,,,,,,0,0,0,0,0,0,0,0,0,0,,,,,,"Auto Repair Garages",yellowpages-ca,,0,0
,"Ens Automotive","3320 Elmbank Rd, Mississauga, ON L4V 1A5",,9056720404,,,,,,,,,,,0,0,0,0,0,0,0,0,0,0,,,,,,"Car Repair & Service",yellowpages-ca,,0,0
,"Deluxe Auto Centre","15-50 Ritin Lane, Vaughan, ON L4K 4C9",,4166709403,,,,,,,,,,,0,0,0,0,0,0,0,0,0,0,,,,,,"Car Repair & Service",yellowpages-ca,,0,0
,"Optimum Automotive Servi","1928 Mattawa Ave, Mississauga, ON L4X 1K1",,9052778444,,,,,,,,,,,0,0,0,0,0,0,0,0,0,0,,,,,,"Car Repair & Service,Tire Retailers",yellowpages-ca,,0,0
,"1st Complete Auto Service","3 Six Point Rd, Etobicoke, ON M8Z 2W7",,4162071850,,,,,,,,,,,0,0,0,0,0,0,0,0,0,0,,,,,,"Auto Repair Garages",yellowpages-ca,,0,0
,"427 Collision","395 Evans Ave, Etobicoke, ON M8Z 1K8",,4162596345,,4.7,1915,,,,,,,,0,0,0,0,0,0,0,0,1,0,,,,,,"Car Repair & Service",yellowpages-ca,,0,0
,"WV All Star Auto Inc","99 Kenhar Dr, North York, ON M9L 1N5",,4167462148,,5,40,,,,,,,,1,0,0,0,0,0,0,1,1,0,,,,,,"Auto Repair Garages,Auto Body Repair & Painting Shops",yellowpages-ca,,0,0
,"1 Four 0 Nine","1407 Bloor St W, Toronto, ON M6P 3L4, Canada",,14165345677,,4.7,147,,,,,,,,0,0,0,0,0,0,0,0,0,0,,,,,,"Auto repair shop",google,,0,0
,"Athos Auto","240 Richmond St W, Toronto, ON M5V 2M9, Canada",,16475589813,,,,,,,,,,,0,0,0,0,0,0,0,0,0,0,,,,,,"Auto body shop",google,,0,0
,"Express Auto Repair","1960 Mattawa Ave, Mississauga, ON L4X 1K1",,9052766965,,,,,,,,,,,0,0,0,0,0,0,0,0,0,0,,,,,,"Car Repair & Service",yellowpages-ca,,0,0
,"Oscar's Auto Repair","1257 College St, Toronto, ON M6H 1C5, Canada",,14165887711,,4.883,83,,,,,,,,0,0,0,0,0,0,0,0,0,0,,,,,,"Auto repair shop in Toronto, Ontario",google-places,,0,0
,"Thunderbolt Motors Inc","146 Rivalda Rd, North York, ON M9M 2M8",,4165434475,,,,,,,,,,,0,0,0,0,0,0,0,0,0,0,,,,,,"Auto Repair Garages",yellowpages-ca,,0,0
,"Carmen's Auto Service","498 Lakeshore Rd E, Mississauga, ON L5G 1J1",,9058910523,,4.7,50,,,,,,,,0,0,0,0,0,0,0,0,0,0,,,,,,"Auto Repair Garages",yellowpages-ca,,0,0
,"JP AUTO MECHANIC SERVICE INC","1080 Weston Rd, Toronto, ON M6N 3S2, Canada",,16475752385,,4.7,14,,,,,,,,0,0,0,0,0,0,0,0,0,0,,,,,,"Auto repair shop",google,,0,0
,"Blackthorn Automotive","94 Kenhar Dr, North York, ON M9L 1N2",,4167828111,,,,,,,,,,,0,0,0,0,0,0,0,0,0,0,,,,,,"Auto Body Repair & Painting Shops,Car Repair & Service",yellowpages-ca,,0,0
,"LP Europe Motorsport Inc","207 Geary Ave, Toronto, ON M6H 2C1, Canada",,14165165555,,4.8,102,,,,,,,,0,0,0,0,0,0,0,0,0,0,,,,,,"Car repair and maintenance service",google,,0,0
,"Gamma Auto Services",,,16477851512,,5,1,,,,,,,,0,0,0,0,0,0,0,0,0,0,,,,,,"Auto electrical service",google,,0,0
,"Auesta Auto Collision","1892 Mattawa Ave, Mississauga, ON L4X 1K1",,6472033236,,,,,,,,,,,0,0,0,0,0,0,0,0,0,0,,,,,,"Auto Repair Garages",yellowpages-ca,,0,0
,"The Car Care Centre INC","1733 Wilson Ave, North York, ON M3L 1A5, Canada",,14162445555,,4.2,84,,,,,,,,0,0,0,0,0,0,0,0,0,0,,,,,,"Auto repair shop",google,,0,0
,"Drivers Bay","60 Pippin Rd, Concord, ON L4K 4M8",,6473319684,,,,,,,,,,,0,0,0,0,0,0,0,0,0,0,,,,,,"Car Repair & Service",yellowpages-ca,,0,0
,"East York Auto Electric & Air Conditioning","Scarborough, ON M4B 1Y2",,6473474622,,,,1,1,,,,,,0,0,0,0,0,0,0,0,0,0,,,,,,"Auto Repair",yelp,,0,0
,"York Auto Body","3583 Dundas St W, York, ON M6S 2S8",,4168007523,,,,,,,,,,,1,0,0,0,0,0,0,0,1,0,,,,,,"Auto Repair Garages",yellowpages-ca,,0,0
,"Deluxe Auto","32 Stoffel Dr, Etobicoke, ON M9W 1A8",,6474274735,,,,,,,,,,,0,0,0,0,0,0,0,0,0,0,,,,,,"Car Repair & Service",yellowpages-ca,,0,0
,"Gold Key Auto Repair Inc","5950 Atlantic Dr, Mississauga, ON L4W 1N6",,9057959852,,,,,,,,,,,0,0,0,0,0,0,0,0,0,0,,,,,,"Car Repair & Service",yellowpages-ca,,0,0
,"Srk Auto Body & Repair","705 Fenmar Dr, North York, ON M9L 1C8",,6474766330,,,,,,,,,,,0,0,0,0,0,0,0,0,0,0,,,,,,"Auto Repair Garages",yellowpages-ca,,0,0
,"Car Care Auto Center","10 Harlech Ct, Markham, ON L3T 6L5",,9057316800,,,,,,,,,,,0,0,0,0,0,0,0,0,0,0,,,,,,"Auto Repair Garages",yellowpages-ca,,0,0
,"Mega City Auto Inc","375 Albion Rd, Etobicoke, ON M9W 3P4",,4162775482,,4.4,87,,,,,,,,0,0,0,0,0,0,0,0,0,0,,,,,,"Car Repair & Service",yellowpages-ca,,0,0
,"Major League Auto","792 Broadview Ave, Toronto, ON M4K 2P7, Canada",,14164636211,,5,67,,,,,,,,0,0,0,0,0,0,0,0,0,0,,,,,,"Auto repair shop",google,,0,0
,"G &amp; S Automotive","534 Evans Ave, Etobicoke, ON M8W 2V4",,4162531063,,,,,,,,,,,0,0,0,0,0,0,0,0,0,0,,,,,,"Auto Repair Garages",yellowpages-ca,,0,0
,"Nrs Central Automotive Inc","29-175 Toryork Dr, North York, ON M9L 2Y7",,4163154410,,,,,,,,,,,0,0,0,0,0,0,0,0,0,0,,,,,,"Auto Repair Garages",yellowpages-ca,,0,0
,"On-Trac Automotive Services Ltd","190 Creditstone Rd, Concord, ON L4K 1P3",,9056607365,,,,,,,,,,,0,0,0,0,0,0,0,0,0,0,,,,,,"Auto Repair Garages",yellowpages-ca,,0,0
,"Jedset Performance","2179 Dunwin Drive, Unit 14, Mississauga, ON L5L 1X2, Canada",,6475513451,,,,,,,,,,,0,0,0,0,0,0,0,0,0,0,,,,,,"Auto Customization,Auto Repair",yelp,,0,0
,"Algarve Auto Clinic","3327 Dundas St W, Toronto, ON M6P 2A6",,4165372509,,4.9,36,,,,,,,,0,0,0,0,0,0,0,0,0,0,,,,,,"Auto Repair Garages,Car Repair & Service",yellowpages-ca,,0,0
,"D-Auto Body","2400 Finch Ave W, North York, ON M9M 2C8",,6472924814,,5,32,,,,,,,,1,0,0,0,0,0,0,1,1,0,,,,,,"Auto Body Repair & Painting Shops",yellowpages-ca,,0,0
,"RPM Auto Service","12 Lepage Ct unit 5, North York, ON M3J 2B1, Canada",,16472989195,,4.7,124,,,,,,,,0,0,0,0,0,0,0,0,0,0,,,,,,"Auto repair shop",google,,0,0
,"Auto Sean - Auto Repair Thornhill","1 Harlech Crt, Thornhill, ON L3T 6L5",,9057632886,,,,,,,,,,,0,0,0,0,0,0,0,0,0,0,,,,,,"Auto Repair Garages,Tire Repair Services",yellowpages-ca,,0,0
,"DoorstepAuto - Home Auto Service & Repairs",,,14168750768,,5,1,,,,,,,,0,0,0,0,0,0,0,0,0,0,,,,,,"Car repair and maintenance service",google,,0,0
,"Veer Preet Petroleum &amp; Auto Care","75 Brydon Dr, Etobicoke, ON M9W 4N3",,4166755505,,,,,,,,,,,0,0,0,0,0,0,0,0,0,0,,,,,,"Car Repair & Service",yellowpages-ca,,0,0
,"Woodbridge Alignment Balance & Frame Straightening","4817 Highway 7, Woodbridge, ON L4L 1S6",,9058513500,,4.1,302,,,,,,,,0,1,0,0,0,0,0,0,0,1,,,,,,"Auto Repair Garages,Car Repair & Service",yellowpages-ca,,0,0
,"Bono Brothers Auto Service","62 Racine Rd, Etobicoke, ON M9W 2Z7",,4167451800,,,,,,,,,,,0,0,0,0,0,0,0,0,0,0,,,,,,"Auto Repair Garages",yellowpages-ca,,0,0
,"Classic Car Revivers","6-1606 Sedlescomb Dr, Mississauga, ON L4X 1M6",,9055199978,,,,,,,,,,,0,0,0,0,0,0,0,0,0,0,,,,,,"Car Repair & Service",yellowpages-ca,,0,0
,"Wrenchspinner Autopro Inc.","901 Kipling Ave, Etobicoke, ON M8Z 5H3",,4162334671,,,,,,,,,,,0,0,0,0,0,0,0,0,0,0,,,,,,"Auto Repair Garages,Car Repair & Service",yellowpages-ca,,0,0
,"Balbir Kaur","1406 Martin Grove Rd, Etobicoke, ON M9W 4X8",,4167401800,,,,,,,,,,,0,0,0,0,0,0,0,0,0,0,,,,,,"Car Repair & Service",yellowpages-ca,,0,0
,"Auto Care Toronto Inc","448 Birchmount Rd #2, Scarborough, ON M1K 1M6, Canada",,14379994731,,5,10,,,,,,,,0,0,0,0,0,0,0,0,0,0,,,,,,"Auto repair shop",google,,0,0
,"Accu Tune And Brakes","1509 The Queensway, Etobicoke, ON M8Z 1T3",,4162517385,,,,,,,,,,,0,0,0,0,0,0,0,0,0,0,,,,,,"Car Repair & Service",yellowpages-ca,,1,0
,"Technik Auto Service Inc","48 Six Point Rd, Etobicoke, ON M8Z 2X2",,4162340505,,,,,,,,,,,0,0,0,0,0,0,0,0,0,0,,,,,,"Auto Repair Garages",yellowpages-ca,,0,0
,"Walsh's Auto Collision","286 Royal York Rd, Etobicoke, ON M8V 2V9",,4162593575,,,,,,,,,,,0,0,0,0,0,0,0,0,0,0,,,,,,"Auto Body Repair & Painting Shops",yellowpages-ca,,0,0
,"Viper Performance Auto & General","145 Rivermede Rd, Concord, ON L4K 3M4",,9056695618,,,,,,,,,,,0,0,0,0,0,0,0,0,0,0,,,,,,"Auto Repair Garages",yellowpages-ca,,0,0
,"Lauhar Auto Service Ltd","104 Rexdale Blvd, Etobicoke, ON M9W 1P5",,4167451069,,,,,,,,,,,0,0,0,0,0,0,0,0,0,0,,,,,,"Car Repair & Service",yellowpages-ca,,0,0
,"Steinway Auto Service","1 Steinway Blvd, Etobicoke, ON M9W 6H9",,4166791144,,,,,,,,,,,0,0,0,0,0,0,0,0,0,0,,,,,,"Auto Repair Garages",yellowpages-ca,,0,0
,"Performance Automotive Inc","8540 Keele St, Concord, ON L4K 2N2",,9057389448,,,,,,,,,,,0,0,0,0,0,0,0,0,0,0,,,,,,"Car Repair & Service",yellowpages-ca,,0,0
,"Magic Mike's Auto Ltd.","12 Lepage Crt, North York, ON M3J 1Z9",,4169091601,,,,,,,,,,,0,0,0,0,0,0,0,0,0,0,,,,,,"Auto Repair Garages",yellowpages-ca,,0,0
,"Enweya, Jan","3-50 Rossdean Dr, North York, ON M9L 2S1",,6474027763,,,,,,,,,,,0,0,0,0,0,0,0,0,0,0,,,,,,"Car Repair & Service",yellowpages-ca,,0,0
,"Rotterdam Auto Centre","1210 Fewster Dr, Mississauga, ON L4W 1A1",,9052127493,,,,,,,,,,,0,0,0,0,0,0,0,0,0,0,,,,,,"Car Repair & Service",yellowpages-ca,,1,0
,"M & S Auto Centre","214 McRae Dr, East York, ON M4G 1T3, Canada",,14164218685,,4.7,159,,,,,,,,0,0,0,0,0,0,0,0,0,0,,,,,,"Auto repair shop",google,,0,0
,"Minute Muffler","2434 Finch Avenue W, North York, ON M9M 2E1",,4167478092,,,,4.6,10,,,,,,0,0,0,0,0,0,0,0,0,0,,,,,,"Auto Repair",yelp,,0,0
,"Mikey G Auto Sales & Repair","179 Weston Rd, Toronto, ON M6N 3A5, Canada",,14169166475,,4.7,62,,,,,,,,0,0,0,0,0,0,0,0,0,0,,,,,,"Auto body shop",google,,0,0
,"One Towing Inc","45 Iron St, Etobicoke, ON M9W 5E3",,6479489292,,,,,,,,,,,0,0,0,0,0,0,0,0,0,0,,,,,,"Auto Repair Garages",yellowpages-ca,,0,0
,"Auto Hangar","1733 Shawson Dr, Mississauga, ON L4W 1N8",,9053620876,,,,,,,,,,,0,0,0,0,0,0,0,0,0,0,,,,,,"Car Repair & Service",yellowpages-ca,,0,0
,"Tac Auto Center Inc","60 Eugene St, North York, ON M6B 3Z4, Canada",,14165356810,,4.8,24,,,,,,,,0,0,0,0,0,0,0,0,0,0,,,,,,Mechanic,google,,0,0
,"Concord Collision Centre","8850 Keele St, Vaughan, ON L4K 2N2",,9056692657,,4.6,153,,,,,,,,1,1,0,0,0,0,0,0,1,0,,,,,,"Auto Body Repair & Painting Shops,Auto Repair Garages",yellowpages-ca,,0,0
,Mckays,"1-185 Toryork Dr, North York, ON M9L 1X9",,4167421126,,,,,,,,,,,0,0,0,0,0,0,0,0,0,0,,,,,,"Car Repair & Service",yellowpages-ca,,0,0
,"Quality Auto","57 Sante Dr, Vaughan, ON L4K 3C4",,9055977553,,,,,,,,,,,0,0,0,0,0,0,0,0,0,0,,,,,,"Auto Repair Garages,Car Repair & Service",yellowpages-ca,,0,0
,"Exhaust Plus","112 Basaltic Rd, Concord, ON L4K 1G6",,9057600143,,,,,,,,,,,0,0,0,0,0,0,0,0,0,0,,,,,,"Car Repair & Service",yellowpages-ca,,0,0
,"TS Auto Service","90 Melford Dr, Scarborough, ON M1B 2A1",,4162986702,,,,,,,,,,,0,0,0,0,0,0,0,0,0,0,,,,,,"Auto Repair Garages,Car Repair & Service",yellowpages-ca,,0,0
,"Mario's Garage","2b Fennings St, Toronto, ON M6J 3B8, Canada",,14165310875,,4.9,180,,,,,,,,0,0,0,0,0,0,0,0,0,0,,,,,,Mechanic,google,,0,0
,"Mizurata Auto Repair","139 Milvan Dr, North York, ON M9L 1Z8",,4167480099,,4.9,44,,,,,,,,0,0,0,0,0,0,0,0,0,0,,,,,,"Auto Repair Garages",yellowpages-ca,,0,0
,"Ital Motors","1197 Lawrence Ave W, North York, ON M6A 1E2",,4167837329,,5,63,,,,,,,,0,0,0,0,0,0,0,0,0,0,,,,,,"Auto Repair Garages",yellowpages-ca,,0,0
,"Akii Tire","850 Tapscott Rd, Scarborough, ON M1X 1N4",,4162912219,,,,,,,,,,,0,0,0,0,0,0,0,0,0,0,,,,,,"Auto Repair Garages,Wheels",yellowpages-ca,,0,0
,"Autoworld Repair Centre Inc","101 Freshway Dr, Concord, ON L4K 1R9",,9056697272,,,,,,,,,,,0,0,0,0,0,0,0,0,0,0,,,,,,"Auto Repair Garages",yellowpages-ca,,0,0
,"Topend Vehicle Maintenance","200 Edgeley Blvd, Concord, ON L4K 3Y8",,6476285718,,,,,,,,,,,0,0,0,0,0,0,0,0,0,0,,,,,,"Auto Repair Garages",yellowpages-ca,,0,0
,"Maarten Bomers Construction","Toronto, ON",,4164567890,,,,,,,,,,,0,0,0,0,0,0,0,0,0,0,,,,,,"Auto Repair Garages",yellowpages-ca,,0,0
,"Automotive Fibre","22 Belvia Rd, Etobicoke, ON M8W 3R3",,4162528863,,,,,,,,,,,0,0,0,0,0,0,0,0,0,0,,,,,,"Auto Body Repair & Painting Shops",yellowpages-ca,,0,0
,"MOBILE CAR MECHANIC SERVICE",,,14168009553,,2.4,30,,,,,,,,0,0,0,0,0,0,0,0,0,0,,,,,,"Car repair and maintenance service",google,,0,0
,"Parma Auto Service","50 Brydon Dr, Etobicoke, ON M9W 4N5",,4167466451,,3.6,16,,,,,,,,0,0,0,0,0,0,0,0,0,0,,,,,,"Auto Repair Garages",yellowpages-ca,,0,0
,"Migus Autowork Ltd","2524 Cawthra Rd, Mississauga, ON L5A 2X3",,9056291892,,,,,,,,,,,0,0,0,0,0,0,0,0,0,0,,,,,,"Car Repair & Service",yellowpages-ca,,0,0
,"Ken Brown Garage","960 Bathurst St Rear Entrance, Toronto, ON M6G 1S4, Canada",,14165881996,,5,1,,,,,,,,0,0,0,0,0,0,0,0,0,0,,,,,,"Auto repair shop",google,,0,0
,"Prime Auto Repairs","7 Racine Rd, Etobicoke, ON M9W 2Z2",,6479305577,,,,,,,,15,,16,1,0,0,0,0,0,0,0,0,0,,,,,,"Car Repair & Service",yellowpages-ca,,0,0
,"Air Assisted","6-2200 Markham Rd, Toronto, ON M1B 2W4",,4163963572,,,,,,,,,,,0,0,0,0,0,0,0,0,0,0,,,,,,"Auto Repair Garages",yellowpages-ca,,0,0
,"M P Automotive","176 Rivermede Rd, Vaughan, ON L4K 3M7",,9056691908,,,,,,,,,,,0,0,0,0,0,0,0,0,0,0,,,,,,"Car Repair & Service",yellowpages-ca,,0,0
,"Horden`S Service Centre","8291 Woodbine Ave, Markham, ON L3R 2P4",,4164072389,,,,,,,,,,,0,0,0,0,0,0,0,0,0,0,,,,,,"Auto Repair Garages",yellowpages-ca,,0,0
,"Rana Cpa","7215 GorewayDr, Mississauga, ON L4T 0B4",,9056727200,,,,,,,,,,,0,0,0,0,0,0,0,0,0,0,,,,,,"Car Repair & Service",yellowpages-ca,,0,0
,"Raceway Auto Center","146 Toryork Dr, North York, ON M9L 1X6",,4167457382,,,,,,,,,,,0,0,0,0,0,0,0,0,0,0,,,,,,"Car Repair & Service",yellowpages-ca,,0,0
,Mechatronic,"455 Signet Dr, North York, ON M9L 1V5",,4167463456,,,,,,,,,,,0,0,0,0,0,0,0,0,0,0,,,,,,"Auto Repair Garages",yellowpages-ca,,1,0
,"Intact Auto Repair and Collison","7-172 Toryork Dr, North York, ON M9L 1X8",,4165209017,,,,,,,,,,,0,0,0,0,0,0,0,0,0,0,,,,,,"Auto Repair Garages",yellowpages-ca,,0,0
,"Polytech Auto Services","1625 Trinity Dr, Mississauga, ON L5T 1W9",,9056703756,,,,,,,,,,,0,0,0,0,0,0,0,0,0,0,,,,,,"Car Repair & Service",yellowpages-ca,,0,0
,"High Point Auto Centre","4040 Sheppard Ave E, Scarborough, ON M1S 1S6",,4163218800,,4.1,9,,,,,,,,1,1,0,0,0,0,0,1,1,0,,,,,,"Auto Body Repair & Painting Shops,Auto Repair Garages",yellowpages-ca,,0,0
,"Precise Automotive","8-172 Toryork Dr, North York, ON M9L 1X8",,6474763410,,,,,,,,,,,0,0,0,0,0,0,0,0,0,0,,,,,,"Auto Repair Garages",yellowpages-ca,,0,0
,"Thornhill General Auto Repairs 1999","117 Planchet Rd, Concord, ON L4K 2C6",,4167257544,,,,,,,,,,,0,0,0,0,0,0,0,0,0,0,,,,,,"Car Repair & Service",yellowpages-ca,,0,0
,"Auto Loans 4 U","71 Ortona Ct, Vaughan, ON L4K 3M2",,9053263322,,,,,,,,,,,0,0,0,0,0,0,0,0,0,0,,,,,,"Car Repair & Service",yellowpages-ca,,0,0
,"Fix-Rite Auto Tech Ltd","6084 Shawson Dr, Mississauga, ON L5T 1E6",,9056777400,,4.4,83,,,,,,,,0,0,0,0,0,0,0,0,0,0,,,,,,"Auto Repair Garages,Car Repair & Service",yellowpages-ca,,0,0
,"Fastlane Auto Clinic Inc","90 Melford Dr, Scarborough, ON M1B 2A1",,4162917032,,,,,,,,,,,0,0,0,0,0,0,0,0,0,0,,,,,,"Auto Repair Garages",yellowpages-ca,,0,0
,"Complete Auto Tek","144 Skyway Ave, Etobicoke, ON M9W 4Y9, Canada",,14162475685,,4.8,90,,,,,,,,0,0,0,0,0,0,0,0,0,0,,,,,,"Auto repair shop",google,,0,0
,"Crystal Glass & Gifts","7205 Goreway Dr, Mississauga, ON L4T 2T9",,9054619567,,,,,,,,,,,0,0,0,0,0,0,0,0,0,0,,,,,,"Car Repair & Service",yellowpages-ca,,0,0
,"D-Cam Auto Services Inc","126 Oakdale Rd, North York, ON M3N 1V9",,6477244246,,4.7,29,,,,,,,,1,0,0,0,0,0,0,1,1,0,,,,,,"Car Repair & Service",yellowpages-ca,,0,0
,"Add Cel Motors","4-1075 Fewster Dr, Mississauga, ON L4W 1A2",,6477992531,,,,,,,,,,,0,0,0,0,0,0,0,0,0,0,,,,,,"Auto Body Repair & Painting Shops",yellowpages-ca,,0,0
,"Auto Car Center","1753 Albion Rd, Etobicoke, ON M9V 1C3",,4167483857,,,,,,,,,,,0,0,0,0,0,0,0,0,0,0,,,,,,"Car Repair & Service",yellowpages-ca,,0,0
,"Euro Luxury","325 Weston, Toronto, ON M6N 3P1",,4167677600,,,,,,,,,,,0,0,0,0,0,0,0,0,0,0,,,,,,"Auto Repair Garages",yellowpages-ca,,0,0
,"T & T Quality Auto Services","6160 Netherhart Rd, Mississauga, ON L5T 2G6",,9056968903,,,,,,,,,,,0,0,0,0,0,0,0,0,0,0,,,,,,"Car Repair & Service",yellowpages-ca,,0,0
,"To Automotive 1997 Ltd","7 Penn Dr, North York, ON M9L 2A6",,4167448734,,4.9,17,,,,,,,,0,0,0,0,0,0,0,0,0,0,,,,,,"Auto Repair Garages,Car Repair & Service",yellowpages-ca,,0,0
,"All Auto Mechanics","18-101 Freshway Dr, Concord, ON L4K 1R9",,2895890210,,,,,,,,,,,0,0,0,0,0,0,0,0,0,0,,,,,,"Auto Repair Garages",yellowpages-ca,,0,0
,"Institute for Cultural Communicators - ICC",,,4102125654,info@iccinc.org,,,,,,,26997,,29240,1,1,0,0,0,0,0,0,0,0,https://www.facebook.com/ICCorg/,https://twitter.com/TheICCseal,,,https://www.instagram.com/iccstories/,"Local Business",facebook,,0,0
,"Pinpoint Auto&Tire centre LTD","1339 Danforth Ave, Toronto, ON M4J 1N1, Canada",,14167780372,,4.3,96,,,,,,,,0,0,0,0,0,0,0,0,0,0,,,,,,"Auto repair shop",google,,0,0
,"Tallia Auto Sales & Repair Ltd","190 Milvan Dr, North York, ON M9L 1Z9",,4167424447,,1,1,,,,,,,,0,0,0,0,0,0,0,0,0,0,,,,,,"Car Repair & Service",yellowpages-ca,,0,0
,"Shah Autobody Inc","101 Freshway Dr, Concord, ON L4K 1R9",,6477810054,,,,,,,,,,,0,0,0,0,0,0,0,0,0,0,,,,,,"Auto Repair Garages",yellowpages-ca,,0,0
,"Duane's Automotive Technique Inc.","105 Rivièra Dr, Markham, ON L3R 5J7",,4165237915,,,,,,,,,,,0,0,0,0,0,0,0,0,0,0,,,,,,"Car Repair & Service",yellowpages-ca,,0,0
,"Saigon Star Auto Repairs Inc","216 ToryorkDr, North York, ON M9L 1Y1",,4167495448,,,,,,,,,,,0,0,0,0,0,0,0,0,0,0,,,,,,"Car Repair & Service",yellowpages-ca,,0,0
,"Lisgar Motors","193 Geary Ave, Toronto, ON M6H 2C1, Canada",,14165355626,,4.7,115,,,,,,,,0,0,0,0,0,0,0,0,0,0,,,,,,Mechanic,google,,0,0
,"The Car Image","31 Guardsman Rd, Thornhill, ON L3T 6L2",,9057312999,,3,2,,,,,,,,0,0,0,0,0,0,0,0,0,0,,,,,,"Auto Body Repair & Painting Shops",yellowpages-ca,,0,0
,"AAR Ltd","6 Namco Rd, Etobicoke, ON M9W 1M5",,4167420870,,,,,,,,,,,0,0,0,0,0,0,0,0,0,0,,,,,,"Car Repair & Service",yellowpages-ca,,0,0
,"Paul's Service Center","350 Weston Rd, York, ON M6N 3P9",,4167622777,paulsservicecentre@gmail.com,4.5,166,,,4.2,5,144,6,177,0,1,0,0,0,0,0,1,1,1,//www.facebook.com/paulsserviceandsales,,,,,"Auto Repair Garages",yellowpages-ca,,0,0
,"M And J Auto Services","6435 Dixie Rd, Mississauga, ON L5T 1X4",,9056708236,,4.6,9,,,,,,,,0,0,0,0,0,0,0,0,0,0,,,,,,"Auto Repair Garages",yellowpages-ca,,0,0
,"Ricky's Auto","175 Toryork Dr, North York, ON M9L 2Y7",,4167480681,,,,,,,,,,,0,0,0,0,0,0,0,0,0,0,,,,,,"Car Repair & Service",yellowpages-ca,,0,0
,"Port Mobile truck repair","Villiers St, Toronto, ON M4M 3J4, Canada",,14165467285,editor@yp.ca,5,9,,,,,78712,26,78000,1,1,1,0,0,0,0,1,1,0,https://www.facebook.com/YellowPagesCa/,//twitter.com/Yellow_Pages,,,https://www.instagram.com/yellowpages_ca/?hl=en,"Truck repair shop",google,,0,0
,"Auto Concord Inc","30 Freshway Dr, Vaughan, ON L4K 1S4",,9056690876,,,,,,,,,,,0,0,0,0,0,0,0,0,0,0,,,,,,"Car Repair & Service",yellowpages-ca,,0,0
,"Nello's Auto Service Inc","80 Carlauren Rd, Woodbridge, ON L4L 7Z5",,9058519650,,,,,,,,,,,0,0,0,0,0,0,0,0,0,0,,,,,,"Auto Repair Garages",yellowpages-ca,,0,0
,"Align Tek Auto","2090 Kipling Ave, Etobicoke, ON M9W 4K5",,4167414224,,4.6,104,,,,,,,,0,1,0,0,0,0,0,1,1,0,,,,,,"Auto Repair Garages",yellowpages-ca,,0,0
,"Touch Of Class Auto Body","1610 Military Trail, Scarborough, ON M1C 1B2",,4162862022,,,,,,,,,,,0,0,0,0,0,0,0,0,0,0,,,,,,"Car Repair & Service",yellowpages-ca,,0,0
,"Mobile Mechanic Hans","6098 Kingston Rd, Scarborough, ON M1C 1K6",,4166863030,,,,,,,,,,,0,0,0,0,0,0,0,0,0,0,,,,,,"Auto Repair Garages",yellowpages-ca,,0,0
,"Rexdale Kipling Auto Services","2044 Kipling Ave, Etobicoke, ON M9W 4J9",,4167435757,,,,,,,,,,,0,0,0,0,0,0,0,0,0,0,,,,,,"Car Repair & Service",yellowpages-ca,,0,0
,"Wmi Auto Repair Inc","7-1266 Martin Grove Rd, Etobicoke, ON M9W 4X3",,4164554454,,,,,,,,,,,0,0,0,0,0,0,0,0,0,0,,,,,,"Auto Repair Garages",yellowpages-ca,,0,0
,"G Tech Auto Repair","29 Cedar Ave, Thornhill, ON L3T 3W1",,9058828583,,,,,,,,,,,0,0,0,0,0,0,0,0,0,0,,,,,,"Auto Repair Garages",yellowpages-ca,,0,0
,"Hsc Holdings Inc","90 Eastern Ave, Toronto, ON M5A 1H6, Canada",,,,,,,,,,,,,0,0,0,0,0,0,0,0,0,0,,,,,,"Auto body shop",google,,0,0
,"K1 Auto","10 Harlech Ct, Markham, ON L3T 6L5",,9057312886,,,,,,,,,,,0,0,0,0,0,0,0,0,0,0,,,,,,"Auto Repair Garages",yellowpages-ca,,0,0
,"Autodady Auto Repair","15 Civic Rd Unit 3, Scarborough, ON M1L 2K6, Canada",,14162859966,,4.6,67,,,,,,,,0,0,0,0,0,0,0,0,0,0,,,,,,"Auto repair shop",google,,0,0
,"Champion Auto Repairs","7 Musgrave St, Toronto, ON M4E 2H3, Canada",,14166861045,,4.8,29,,,,,,,,0,0,0,0,0,0,0,0,0,0,,,,,,"Auto repair shop",google,,0,0
,"Yorkdale Certified Auto Service","2835 Dufferin St, North York, ON M6B 3S4, Canada",,14167824471,,4,51,,,,,,,,0,0,0,0,0,0,0,0,0,0,,,,,,"Auto repair shop",google,,0,0
,"K1 Auto Sales & Service","10 Harlech Crt, Thornhill, ON L3T 6L5",,4168716025,,,,,,,,,,,0,0,0,0,0,0,0,0,0,0,,,,,,"Car Repair & Service",yellowpages-ca,,0,0
,"Onst Mechanics","31 Toro Rd, North York, ON M3J 2A4",,6476773769,,,,,,,,,,,0,0,0,0,0,0,0,0,0,0,,,,,,"Auto Repair Garages",yellowpages-ca,,0,0
,"Vaughan Auto Repairs","10-8540 Keele St, Vaughan, ON L4K 2N2",,4166194890,,,,,,,,,,,0,0,0,0,0,0,0,0,0,0,,,,,,"Car Repair & Service",yellowpages-ca,,0,0
,"Dh Car Services","15-750 Oakdale Rd, North York, ON M3N 2Z4",,2899991095,,,,,,,,,,,0,0,0,0,0,0,0,0,0,0,,,,,,"Car Repair & Service",yellowpages-ca,,0,0
,"Good Vibrations Automotive Sound Systems","1075 Martin Grove Rd, Etobicoke, ON M9W 4W6",,4162408934,,,,,,,,,,,0,0,0,0,0,0,0,0,0,0,,,,,,"Car Repair & Service",yellowpages-ca,,0,0
,"Ssang Yong Auto Service Inc","2300 Finch Ave W, North York, ON M9M 2Y3",,4167453494,,4.6,28,,,,,,,,0,0,0,0,0,0,0,0,0,0,,,,,,"Auto Repair Garages,Car Repair & Service",yellowpages-ca,,1,0
,"Etm Auto Electric Service","224 Milvan Dr, North York, ON M9L 2A5",,4167467585,,,,,,,,,,,0,0,0,0,0,0,0,0,0,0,,,,,,"Car Repair & Service",yellowpages-ca,,0,0
,"GRP Auto Repair & Detailing","151 Toryork Dr, North York, ON M9L 1X9",,4168978725,,,,,,,,,,,0,0,0,0,0,0,0,0,0,0,,,,,,"Car Repair & Service",yellowpages-ca,,0,0
,"Pressline Collision Center Inc","47 Toro Rd, North York, ON M3J 2A4",,4166384338,,,,,,,,,,,0,0,0,0,0,0,0,0,0,0,,,,,,"Auto Body Repair & Painting Shops",yellowpages-ca,,0,0
,"W M Auto Service","1624 Bloor St, Mississauga, ON L4X 2S2",,2895211171,,,,,,,,,,,0,0,0,0,0,0,0,0,0,0,,,,,,"Car Repair & Service",yellowpages-ca,,0,0
,"Ibero Auto Centre Inc.***Mail Returned***","1095 Fewster Dr, Mississauga, ON L4W 1A2",,9052069393,,,,,,,,,,,0,0,0,0,0,0,0,0,0,0,,,,,,"Auto Repair Garages",yellowpages-ca,,0,0
,"Quick Auto Collision Service Inc","308 Geary Ave, Toronto, ON M6H 2C5, Canada",,14165375757,,4.8,37,,,,,,,,0,0,0,0,0,0,0,0,0,0,,,,,,"Auto repair shop",google,,0,0
,"Mike Nobbie O A Bir Bmw M","2400 Finch Ave W, North York, ON M9M 2C8",,6474301225,,,,,,,,,,,0,0,0,0,0,0,0,0,0,0,,,,,,"Auto Body Repair & Painting Shops,Windows",yellowpages-ca,,0,0
,"Motori Auto Technik","21 Harlech Crt, Thornhill, ON L3T 6L5",,9057638887,,,,,,,,,,,0,0,0,0,0,0,0,0,0,0,,,,,,"Auto Repair Garages,Car Repair & Service",yellowpages-ca,,0,0
,"Shahnawaz Auto Care Inc","1475 Albion Rd, Etobicoke, ON M9V 1B1",,4167429615,,4,82,,,,,,,,0,0,0,0,0,0,0,0,0,0,,,,,,"Car Repair & Service,Oil Changes & Lubrication Service",yellowpages-ca,,1,0
,"Hercules Automotive & Tire Service","78 Vaughan Road, Toronto, ON M6C 2L7",,4169600400,hercules.automotive@gmail.com,4.8,142,4.5,8,,,18,,34,1,1,0,0,0,0,0,1,1,0,https://web.facebook.com/Hercules-Automotive-And-Tire-Service-143262686513983/,https://twitter.com/HerculesAutoSer,,https://www.youtube.com/channel/UCBhTwXSZWbbR5DKpQ3elSCQ,https://www.instagram.com/herculesautomotive/,"Auto Repair,Tires",yelp,,0,0
,"24 Hours Car & Diesel Repairs","45 Overlea Blvd, East York, ON M4H 1C3, Canada",,14377996378,,5,1,,,,,,,,0,0,0,0,0,0,0,0,0,0,,,,,,"Auto repair shop",google,,0,0
,"Proficient Auto Repair","879 Kipling Ave, Etobicoke, ON M8Z 5H2",,4162397711,,,,,,,,,,,0,0,0,0,0,0,0,0,0,0,,,,,,"Auto Repair Garages",yellowpages-ca,,0,0
,"Kokos Autoshop Ltd","1270 Finch Ave W, North York, ON M3J 3J7",,4166639053,,,,,,,,,,,0,0,0,0,0,0,0,0,0,0,,,,,,"Auto Repair Garages",yellowpages-ca,,0,0
,"Autonomous Auto","47 Booth Ave, Toronto, ON M4M 2M3, Canada",,16475247832,,,,,,,,,,,0,0,0,0,0,0,0,0,0,0,,,,,,"Car repair and maintenance service",google,,0,0
,"Canadian Auto Repair Centre and Heavy Duty Emissions","2 Racine Rd, Etobicoke, ON M9W 2Z1, Canada",,14167467107,,4.4,109,,,,,,,,0,0,0,0,0,0,0,0,0,0,,,,,,"Auto repair shop",google,,0,0
,"Hajola Auto","33-101B Freshway Dr, Concord, ON L4K 1R9",,2894305028,,,,,,,,,,,0,0,0,0,0,0,0,0,0,0,,,,,,"Auto Repair Garages",yellowpages-ca,,0,0
,"Auto Dynamx","44 Racine Rd, Etobicoke, ON M9W 2Z3",,4164531027,,,,,,,,,,,0,0,0,0,0,0,0,0,0,0,,,,,,"Auto Repair Garages",yellowpages-ca,,0,0
,"NM Automotive","4-1744 Meyerside Dr, Mississauga, ON L5T 1A3",,6478559593,,,,,,,,,,,0,0,0,0,0,0,0,0,0,0,,,,,,"Car Repair & Service",yellowpages-ca,,0,0
,"Bright Auto Fixer","14-130 Lepage Crt, North York, ON M3J 3J1",,6478120530,,,,,,,,,,,0,0,0,0,0,0,0,0,0,0,,,,,,"Auto Repair Garages",yellowpages-ca,,0,0
,"Nikos Auto Repair","55-224 Rutherford Rd S, Brampton ON L6W3J6",,19054508255,,4.9,20,,,,,,,,0,0,0,0,0,0,0,0,0,0,,,,,,"Auto repair",bing,,0,0
,"York Auto Repairs & Towing","250 Basaltic Rd, Concord, ON L4K 1G6",,9057383588,,,,,,,,,,,0,0,0,0,0,0,0,0,0,0,,,,,,"Auto Repair Garages,Vehicle Towing",yellowpages-ca,,0,0
,"Tomson Automotive Ltd","62 Six Point Rd, Etobicoke, ON M8Z 2X2",,4162334600,,4.9,34,,,,,,,,0,0,0,0,0,0,0,0,1,0,,,,,,"Auto Repair Garages",yellowpages-ca,,0,0
,"Juan's Auto Service","1733 Wilson Ave, North York, ON M3L 1A7",,4162445555,,,,,,,,,,,0,0,0,0,0,0,0,0,0,0,,,,,,"Auto Repair Garages",yellowpages-ca,,0,0
,"Unique Auto Repairs Inc","1 Harlech Crt, Thornhill, ON L3T 6L5",,9057091041,,,,,,,,,,,0,0,0,0,0,0,0,0,0,0,,,,,,"Car Repair & Service",yellowpages-ca,,0,0
,"Platinum Car And Truck Repairs Ltd","299 Garyray Dr Suite A, North York, ON M9L 1P2",,9052652241,,,,,,,,,,,0,0,0,0,0,0,0,0,0,0,,,,,,"Auto Repair Garages",yellowpages-ca,,0,0
,"Everyday Service Limited","130 Lepage Crt, North York, ON M3J 3J1",,9056306901,,,,,,,,,,,0,0,0,0,0,0,0,0,0,0,,,,,,"Auto Repair Garages",yellowpages-ca,,0,0
,"Millenium Automotive","6275 Netherhart Rd, Mississauga, ON L5T 1A2",,9053642100,a_karapetyan@millenniumauto.us,,,,,,,1961,337,1900,1,1,0,0,0,0,0,1,1,1,https://www.facebook.com/AutoMillennium/,https://twitter.com/automillennium,,,https://www.instagram.com/MILLENNIUMAUTOSALESCHICAGO/,"Car Repair & Service",yellowpages-ca,,0,0
,"V I P Auto Service","1-16 Taber Rd, Etobicoke, ON M9W 3A5",,4167457509,,,,,,,,,,,0,0,0,0,0,0,0,0,0,0,,,,,,"Auto Repair Garages,Car Repair & Service",yellowpages-ca,,0,0
,"Kcb Auto Electric","2650 John St, Markham, ON L3R 2W6",,9054759690,,,,,,,,,,,0,0,0,0,0,0,0,0,0,0,,,,,,"Car Repair & Service",yellowpages-ca,,0,0
,"Charlie's Auto Shop","1074 Barmac Dr, North York, ON M9L 2X3",,4167413958,,,,,,,,,,,0,0,0,0,0,0,0,0,0,0,,,,,,"Auto Body Repair & Painting Shops",yellowpages-ca,,0,0
,"Paul's Auto Care Inc.","B5-1125 Crestlawn Dr, Mississauga, ON L4W 1A7",,4168432863,,,,,,,,,,,0,0,0,0,0,0,0,0,0,0,,,,,,"Auto Repair Garages",yellowpages-ca,,0,0
,"1 1 1 24/7 Auto Repair & Towing","241 Church Street Toronto, ON M5B 1Z4 Canada",,4168498966,,,,,,,,,,,0,0,0,0,0,0,0,0,0,0,,,,,,"Auto Repair,Keys & Locksmiths",yelp,,0,0
,"Gambino Truck & Auto Centre Ltd","10-21 Steinway Blvd, Etobicoke, ON M9W 6N4",,4166748814,,,,,,,,,,,0,0,0,0,0,0,0,0,0,0,,,,,,"Auto Repair Garages",yellowpages-ca,,0,0
,"Pinpoint Auto Centre","1339-1341 Danforth Avenue Toronto, ON M4J 1M9 Canada",,4167780372,,,,4.2,5,,,,,,0,0,0,0,0,0,0,0,0,0,,,,,,"Auto Repair",yelp,,0,0
,"Simplex Auto Works","62 Racine Rd, Etobicoke, ON M9W 2Z7",,4162726266,,,,,,,,,,,0,0,0,0,0,0,0,0,0,0,,,,,,"Auto Repair Garages",yellowpages-ca,,0,0
,"Diesel Tech Canada","30 Freshway Dr Suite A13, Concord, ON L4K 1S4",,4166486828,,,,,,,,,,,0,0,0,0,0,0,0,0,0,0,,,,,,"Car Repair & Service",yellowpages-ca,,0,0
,"Fancy Cars Fixup","374 Dupont St, Toronto, ON M5R 1V9",,2267857912,,,,,,,,,,,0,0,0,0,0,0,0,0,0,0,,,,,,"Car Repair & Service",yellowpages-ca,,0,0
,"Rpm Import & Domestic","223 Geary Ave, Toronto, ON M6H 2C1, Canada",,16473490776,,4.9,80,,,,,,,,0,0,0,0,0,0,0,0,0,0,,,,,,"Auto repair shop",google,,0,0
,"Friends Auto Repairs","3585 Keele St, North York, ON M3J 3H5",,4166301362,,,,,,,,,,,0,0,0,0,0,0,0,0,0,0,,,,,,"Auto Repair Garages,Car Repair & Service",yellowpages-ca,,0,0
,"HongKong Motors","Toronto St, Toronto, ON M5C 1A1, Canada",,,,,,,,,,,,,0,0,0,0,0,0,0,0,0,0,,,,,,"Auto repair shop",google,,0,0
,"Goodman Autowork","1541 The Queensway, Etobicoke, ON M8Z 1T8",,4169133237,,4.7,49,,,,,,,,0,0,0,0,0,0,0,0,0,0,,,,,,"Car Repair & Service",yellowpages-ca,,0,0
,"East Mall Automotive","1057 Martin Grove Rd, Etobicoke, ON M9W 4W6, Canada",,14166266904,,4.9,283,,,,,,,,0,0,0,0,0,0,0,0,0,0,,,,,,"Auto repair shop",google,,0,0
,"Kang Auto Repair Inc","2420 Finch Ave W, North York, ON M9M 2E2",,4167476859,,,,,,,,,,,0,0,0,0,0,0,0,0,0,0,,,,,,"Car Repair & Service",yellowpages-ca,,0,0
,"Mcclure care","416 Parliament St, Toronto, ON M5A 3A2, Canada",,,,,,,,,,,,,0,0,0,0,0,0,0,0,0,0,,,,,,"Auto repair shop",google,,0,0
,"Modern Auto Tech","874 Broadview Ave, Toronto, ON M4K 2R1, Canada",,14164066616,,4.9,53,,,,,,,,0,0,0,0,0,0,0,0,0,0,,,,,,"Auto repair shop",google,,0,0
,"2 Tang's Automotive Centre Ltd","210 Old Kennedy Rd, Markham, ON L3R 0L5",,9059479911,,,,,,,,,,,0,0,0,0,0,0,0,0,0,0,,,,,,"Car Repair & Service",yellowpages-ca,,0,0
,"Uptown Auto Clinic Ltd","4370 Steeles Ave W, Woodbridge, ON L4L 4Y4",,9058517810,,,,,,,,,,,0,0,0,0,0,0,0,0,0,0,,,,,,"Auto Repair Garages",yellowpages-ca,,0,0
,"Old Park Auto Service","951 Roselawn Avenue York, ON M6B 1B6 Canada",,4167828888,,,,5,7,,,,,,0,0,0,0,0,0,0,0,0,0,,,,,,Autowerkstatt,yelp,,0,0
,"Surjit Auto Services","711 Lakeshore Rd E, Mississauga, ON L5G 1J7",,9052715805,,,,,,,,,,,0,0,0,0,0,0,0,0,0,0,,,,,,"Auto Repair Garages",yellowpages-ca,,0,0
,"Zia Auto","4-2780 Highway 7, Concord, ON L4K 3R9",,2895890204,,,,,,,,,,,0,0,0,0,0,0,0,0,0,0,,,,,,"Auto Repair Garages",yellowpages-ca,,0,0
,"Meer Auto and Muffler","10985 38 St NE Unit 119, Calgary, AB T3N 1Z2, Canada",,14039887707,,4.6,388,,,,,,,,0,0,0,0,0,0,0,0,0,0,,,,,,"Auto repair shop",google,,1,0
,"Old Riga","101 Toro Rd, North York, ON M3J 2Z1",,4166389900,,,,,,,,,,,0,0,0,0,0,0,0,0,0,0,,,,,,"Auto Body Repair & Painting Shops",yellowpages-ca,,0,0
,"Parma Auto Collision","50 Brydon Dr, Etobicoke, ON M9W 4N5",,4167469495,,3.6,16,,,,,,,,0,0,0,0,0,0,0,0,0,0,,,,,,"Auto Repair Garages",yellowpages-ca,,0,0
,"Metro Garage","30 Cawthra Ave, North York, ON M6M 5B3",,4165363169,,,,,,,,,,,0,0,0,0,0,0,0,0,0,0,,,,,,"Auto Repair Garages",yellowpages-ca,,0,0
,Riworx,"12-6160 Netherhart Rd, Mississauga, ON L5T 2G6",,4168949050,,,,,,,,,,,0,0,0,0,0,0,0,0,0,0,,,,,,"Auto Repair Garages",yellowpages-ca,,0,0
,"2K Auto Repair & Maintenance","2-321 Rexdale Blvd, Etobicoke, ON M9W 1R8",,4163201537,,,,,,,,,,,0,0,0,0,0,0,0,0,0,0,,,,,,"Auto Repair Garages",yellowpages-ca,,0,0
,"Magic Wash Ltd","4459 Chesswood Dr, North York, ON M3J 2C2",,4166380666,,,,,,,,,,,0,0,0,0,0,0,0,0,0,0,,,,,,"Auto Repair Garages",yellowpages-ca,,0,0
,"Sixth Element Autowerks","180 Winges Rd, Woodbridge, ON L4L 6C5",,4164501760,,,,,,,,,,,0,0,0,0,0,0,0,0,0,0,,,,,,"Auto Repair Garages",yellowpages-ca,,0,0
,"Loveleen Auto Sales","1770 Albion Rd, Etobicoke, ON M9V 1C2",,4167470028,,,,,,,,,,,0,0,0,0,0,0,0,0,0,0,,,,,,"Auto Repair Garages",yellowpages-ca,,0,0
,"Downtown Fine Cars Porsche Audi Volkswagen","164 Avenue Road Toronto, ON M5R 2H8",,4169616820,,,,,,,,,,,0,0,0,0,0,0,0,0,0,0,,,,,,"Auto Repair,Car Dealers",yelp,,0,0
,"Tas Auto","2524 Cawthra Rd, Mississauga, ON L5A 2X3",,4169954918,,,,,,,,,,,0,0,0,0,0,0,0,0,0,0,,,,,,"Car Repair & Service",yellowpages-ca,,0,0
,"Ontario Auto Trim Toronto Ltd","2562 St Clair Ave W, York, ON M6N 1L7",,4167631840,,,,,,,,,,,0,0,0,0,0,0,0,0,0,0,,,,,,"Car Repair & Service",yellowpages-ca,,0,0
,"UD Autorepair","55 Taber Rd, Etobicoke, ON M9W 3A7",,4162458121,,4.9,12,,,,,,,,0,0,0,0,0,0,0,0,0,0,,,,,,"Auto Repair Garages",yellowpages-ca,,0,0
,"Sokol Auto Service Inc","62 Millwick Dr, North York, ON M9L 1Y3",,4167414915,,,,,,,,,,,0,0,0,0,0,0,0,0,0,0,,,,,,"Car Repair & Service,Car Rental",yellowpages-ca,,0,0
,"Metro Wide Automotive Repairs Ltd","101 Freshway Dr, Concord, ON L4K 1R9",,9056606024,,,,,,,,,,,0,0,0,0,0,0,0,0,0,0,,,,,,"Car Repair & Service",yellowpages-ca,,0,0
,"All-Pro Transmission","5781 Highway 7 Unit 35 Woodbridge, ON L4L 1T7 Canada",,6479187161,,,,5,1,,,,,,0,0,0,0,0,0,0,0,0,0,,,,,,"Transmission Repair,Auto Repair",yelp,,0,0
,"Import Automobile Service","B 12 Jutland Rdq, Etobicoke, ON M8Z 2G9",,6474274556,,,,,,,,,,,0,0,0,0,0,0,0,0,0,0,,,,,,"Car Repair & Service",yellowpages-ca,,0,0
,"Authentic Greek &amp; Mediterranean Rest","1585 Warden Ave, Scarborough, ON M1R 2S9",,4165993333,,,,,,,,,,,0,0,0,0,0,0,0,0,0,0,,,,,,"Restaurants,Car Repair & Service",yellowpages-ca,,0,0
,"Geo Motors","101 Freshway Dr, Concord, ON L4K 1R9",,6473342777,,,,,,,,,,,0,0,0,0,0,0,0,0,0,0,,,,,,"Car Repair & Service",yellowpages-ca,,0,0
,"Bmw Shop","30 Freshway Dr, Concord, ON L4K 1S4",,6474302180,,,,,,,,,,,0,0,0,0,0,0,0,0,0,0,,,,,,"Car Repair & Service",yellowpages-ca,,0,0
,"Tony's Mobile Service","26-80 Carlauren Rd, Woodbridge, ON L4L 7Z5",,2898190427,,,,,,,,,,,0,0,0,0,0,0,0,0,0,0,,,,,,"Auto Repair Garages",yellowpages-ca,,0,0
,"Mobile Mechanics by Marco",Vaughan,,6472395066,,,,,,,,,,,0,0,0,0,0,0,0,0,0,0,,,,,,"Auto Repair,Commercial Truck Repair,Tires",yelp,,0,0
,"Mano Auto","90 Melford Dr, Scarborough, ON M1B 2A1",,4162928343,,,,,,,,,,,0,0,0,0,0,0,0,0,0,0,,,,,,"Car Repair & Service",yellowpages-ca,,0,0
,"Cedar Automotive Center","29 Cedar Avenue, Markham, ON",,9055970545,,,,,,,,,,,0,0,0,0,0,0,0,0,0,0,,,,,,"Car Repair & Service",yellowpages-ca,,0,0
,"True Turn Automotive Ltd","101 Freshway Dr, Concord, ON L4K 1R9",,9056604813,,,,,,,,,,,0,0,0,0,0,0,0,0,0,0,,,,,,"Car Repair & Service",yellowpages-ca,,0,0
,"Destiny Auto Service Inc","2901 Steeles Ave W, North York, ON M3J 3A5",,4166452901,,,,,,,,,,,0,0,0,0,0,0,0,0,0,0,,,,,,"Car Repair & Service",yellowpages-ca,,0,0
,"ASE Automotive Repairs","1075 Fewster Dr, Mississauga, ON L4W 1A2",,4379894046,,,,,,,,,,,0,0,0,0,0,0,0,0,0,0,,,,,,"Auto Repair Garages",yellowpages-ca,,0,0
